result_id,result_type,subject,version,compiler,optimization,command,environment,input_hashes,raw_output,raw_output_sha256,derived_output,derived_output_sha256,independent_recheck,status,notes
FINITE-fnv_step-baseline-gcc-O0,FINITE_EXHAUSTIVE_COMPILER_CELL,fnv_step,baseline,gcc,-O0,gcc -std=c11 -Wall -Wextra -Werror -O0 artifact/benchmark/generated/fnv_step/baseline/kernel.c -o artifact/results/raw/fnv_step/baseline/gcc_o0,gcc (Debian 14.2.0-19) 14.2.0,source=558ee78fa2e2e1677968689f9e58599e4cc7edcee7827d9b79cdbfbb5736bb73;reference=1c350da5c03f84956e8cac90222ac964eb3ecc7930f7cc20100e63bfb736a140;manifest=8a1f78fb5e25efffcaa5d6f5826ce93f866163302bfc0f13314817f6b53916e4,artifact/results/raw/fnv_step/baseline/gcc_o0.out,1c350da5c03f84956e8cac90222ac964eb3ecc7930f7cc20100e63bfb736a140,artifact/results/raw/fnv_step/baseline/gcc_o0.s,b7c35c2f0e9a58d0d109de21ba0f3844df70cf8918e2f3a7772c6f67a6cd9a2e,artifact/results/independent_recheck.json,EXECUTED,"65,536 ordered byte-pair cases; retained output and assembly bound to certificate."
FINITE-fnv_step-baseline-gcc-O2,FINITE_EXHAUSTIVE_COMPILER_CELL,fnv_step,baseline,gcc,-O2,gcc -std=c11 -Wall -Wextra -Werror -O2 artifact/benchmark/generated/fnv_step/baseline/kernel.c -o artifact/results/raw/fnv_step/baseline/gcc_o2,gcc (Debian 14.2.0-19) 14.2.0,source=558ee78fa2e2e1677968689f9e58599e4cc7edcee7827d9b79cdbfbb5736bb73;reference=1c350da5c03f84956e8cac90222ac964eb3ecc7930f7cc20100e63bfb736a140;manifest=8a1f78fb5e25efffcaa5d6f5826ce93f866163302bfc0f13314817f6b53916e4,artifact/results/raw/fnv_step/baseline/gcc_o2.out,1c350da5c03f84956e8cac90222ac964eb3ecc7930f7cc20100e63bfb736a140,artifact/results/raw/fnv_step/baseline/gcc_o2.s,14e35d46cdcc29d60540a0c9a10a6ba931fcf934b850a7e05ffa40858485ad0f,artifact/results/independent_recheck.json,EXECUTED,"65,536 ordered byte-pair cases; retained output and assembly bound to certificate."
FINITE-fnv_step-baseline-clang-O0,FINITE_EXHAUSTIVE_COMPILER_CELL,fnv_step,baseline,clang,-O0,clang -std=c11 -Wall -Wextra -Werror -O0 artifact/benchmark/generated/fnv_step/baseline/kernel.c -o artifact/results/raw/fnv_step/baseline/clang_o0,clang version 17.0.0 (https://github.com/swiftlang/llvm-project.git 10999b6d034fe318f3d56c83bddb6572593a8bb0),source=558ee78fa2e2e1677968689f9e58599e4cc7edcee7827d9b79cdbfbb5736bb73;reference=1c350da5c03f84956e8cac90222ac964eb3ecc7930f7cc20100e63bfb736a140;manifest=8a1f78fb5e25efffcaa5d6f5826ce93f866163302bfc0f13314817f6b53916e4,artifact/results/raw/fnv_step/baseline/clang_o0.out,1c350da5c03f84956e8cac90222ac964eb3ecc7930f7cc20100e63bfb736a140,artifact/results/raw/fnv_step/baseline/clang_o0.s,6d5c4ad8eb17d96fc43e3fa5e15c51418cf500638267ec7c2065ab2bd4b21ffd,artifact/results/independent_recheck.json,EXECUTED,"65,536 ordered byte-pair cases; retained output and assembly bound to certificate."
FINITE-fnv_step-baseline-clang-O2,FINITE_EXHAUSTIVE_COMPILER_CELL,fnv_step,baseline,clang,-O2,clang -std=c11 -Wall -Wextra -Werror -O2 artifact/benchmark/generated/fnv_step/baseline/kernel.c -o artifact/results/raw/fnv_step/baseline/clang_o2,clang version 17.0.0 (https://github.com/swiftlang/llvm-project.git 10999b6d034fe318f3d56c83bddb6572593a8bb0),source=558ee78fa2e2e1677968689f9e58599e4cc7edcee7827d9b79cdbfbb5736bb73;reference=1c350da5c03f84956e8cac90222ac964eb3ecc7930f7cc20100e63bfb736a140;manifest=8a1f78fb5e25efffcaa5d6f5826ce93f866163302bfc0f13314817f6b53916e4,artifact/results/raw/fnv_step/baseline/clang_o2.out,1c350da5c03f84956e8cac90222ac964eb3ecc7930f7cc20100e63bfb736a140,artifact/results/raw/fnv_step/baseline/clang_o2.s,8fe656764116329395d6d72cd08919ad31d65affb0ef3298763bed1f35a6162e,artifact/results/independent_recheck.json,EXECUTED,"65,536 ordered byte-pair cases; retained output and assembly bound to certificate."
FINITE-fnv_step-rename-gcc-O0,FINITE_EXHAUSTIVE_COMPILER_CELL,fnv_step,rename,gcc,-O0,gcc -std=c11 -Wall -Wextra -Werror -O0 artifact/benchmark/generated/fnv_step/rename/kernel.c -o artifact/results/raw/fnv_step/rename/gcc_o0,gcc (Debian 14.2.0-19) 14.2.0,source=50820d7c73df552ab2a839dcc2c386a8f3b20eb9adb590690a96c95407505081;reference=1c350da5c03f84956e8cac90222ac964eb3ecc7930f7cc20100e63bfb736a140;manifest=8a1f78fb5e25efffcaa5d6f5826ce93f866163302bfc0f13314817f6b53916e4,artifact/results/raw/fnv_step/rename/gcc_o0.out,1c350da5c03f84956e8cac90222ac964eb3ecc7930f7cc20100e63bfb736a140,artifact/results/raw/fnv_step/rename/gcc_o0.s,b7c35c2f0e9a58d0d109de21ba0f3844df70cf8918e2f3a7772c6f67a6cd9a2e,artifact/results/independent_recheck.json,EXECUTED,"65,536 ordered byte-pair cases; retained output and assembly bound to certificate."
FINITE-fnv_step-rename-gcc-O2,FINITE_EXHAUSTIVE_COMPILER_CELL,fnv_step,rename,gcc,-O2,gcc -std=c11 -Wall -Wextra -Werror -O2 artifact/benchmark/generated/fnv_step/rename/kernel.c -o artifact/results/raw/fnv_step/rename/gcc_o2,gcc (Debian 14.2.0-19) 14.2.0,source=50820d7c73df552ab2a839dcc2c386a8f3b20eb9adb590690a96c95407505081;reference=1c350da5c03f84956e8cac90222ac964eb3ecc7930f7cc20100e63bfb736a140;manifest=8a1f78fb5e25efffcaa5d6f5826ce93f866163302bfc0f13314817f6b53916e4,artifact/results/raw/fnv_step/rename/gcc_o2.out,1c350da5c03f84956e8cac90222ac964eb3ecc7930f7cc20100e63bfb736a140,artifact/results/raw/fnv_step/rename/gcc_o2.s,14e35d46cdcc29d60540a0c9a10a6ba931fcf934b850a7e05ffa40858485ad0f,artifact/results/independent_recheck.json,EXECUTED,"65,536 ordered byte-pair cases; retained output and assembly bound to certificate."
FINITE-fnv_step-rename-clang-O0,FINITE_EXHAUSTIVE_COMPILER_CELL,fnv_step,rename,clang,-O0,clang -std=c11 -Wall -Wextra -Werror -O0 artifact/benchmark/generated/fnv_step/rename/kernel.c -o artifact/results/raw/fnv_step/rename/clang_o0,clang version 17.0.0 (https://github.com/swiftlang/llvm-project.git 10999b6d034fe318f3d56c83bddb6572593a8bb0),source=50820d7c73df552ab2a839dcc2c386a8f3b20eb9adb590690a96c95407505081;reference=1c350da5c03f84956e8cac90222ac964eb3ecc7930f7cc20100e63bfb736a140;manifest=8a1f78fb5e25efffcaa5d6f5826ce93f866163302bfc0f13314817f6b53916e4,artifact/results/raw/fnv_step/rename/clang_o0.out,1c350da5c03f84956e8cac90222ac964eb3ecc7930f7cc20100e63bfb736a140,artifact/results/raw/fnv_step/rename/clang_o0.s,6d5c4ad8eb17d96fc43e3fa5e15c51418cf500638267ec7c2065ab2bd4b21ffd,artifact/results/independent_recheck.json,EXECUTED,"65,536 ordered byte-pair cases; retained output and assembly bound to certificate."
FINITE-fnv_step-rename-clang-O2,FINITE_EXHAUSTIVE_COMPILER_CELL,fnv_step,rename,clang,-O2,clang -std=c11 -Wall -Wextra -Werror -O2 artifact/benchmark/generated/fnv_step/rename/kernel.c -o artifact/results/raw/fnv_step/rename/clang_o2,clang version 17.0.0 (https://github.com/swiftlang/llvm-project.git 10999b6d034fe318f3d56c83bddb6572593a8bb0),source=50820d7c73df552ab2a839dcc2c386a8f3b20eb9adb590690a96c95407505081;reference=1c350da5c03f84956e8cac90222ac964eb3ecc7930f7cc20100e63bfb736a140;manifest=8a1f78fb5e25efffcaa5d6f5826ce93f866163302bfc0f13314817f6b53916e4,artifact/results/raw/fnv_step/rename/clang_o2.out,1c350da5c03f84956e8cac90222ac964eb3ecc7930f7cc20100e63bfb736a140,artifact/results/raw/fnv_step/rename/clang_o2.s,8fe656764116329395d6d72cd08919ad31d65affb0ef3298763bed1f35a6162e,artifact/results/independent_recheck.json,EXECUTED,"65,536 ordered byte-pair cases; retained output and assembly bound to certificate."
FINITE-fnv_step-reorder-gcc-O0,FINITE_EXHAUSTIVE_COMPILER_CELL,fnv_step,reorder,gcc,-O0,gcc -std=c11 -Wall -Wextra -Werror -O0 artifact/benchmark/generated/fnv_step/reorder/kernel.c -o artifact/results/raw/fnv_step/reorder/gcc_o0,gcc (Debian 14.2.0-19) 14.2.0,source=3fe2258ea0ac2511f7b7859a1c2a1e133dca090d2b591c41e4877a0ac0cd525e;reference=1c350da5c03f84956e8cac90222ac964eb3ecc7930f7cc20100e63bfb736a140;manifest=8a1f78fb5e25efffcaa5d6f5826ce93f866163302bfc0f13314817f6b53916e4,artifact/results/raw/fnv_step/reorder/gcc_o0.out,1c350da5c03f84956e8cac90222ac964eb3ecc7930f7cc20100e63bfb736a140,artifact/results/raw/fnv_step/reorder/gcc_o0.s,b7c35c2f0e9a58d0d109de21ba0f3844df70cf8918e2f3a7772c6f67a6cd9a2e,artifact/results/independent_recheck.json,EXECUTED,"65,536 ordered byte-pair cases; retained output and assembly bound to certificate."
FINITE-fnv_step-reorder-gcc-O2,FINITE_EXHAUSTIVE_COMPILER_CELL,fnv_step,reorder,gcc,-O2,gcc -std=c11 -Wall -Wextra -Werror -O2 artifact/benchmark/generated/fnv_step/reorder/kernel.c -o artifact/results/raw/fnv_step/reorder/gcc_o2,gcc (Debian 14.2.0-19) 14.2.0,source=3fe2258ea0ac2511f7b7859a1c2a1e133dca090d2b591c41e4877a0ac0cd525e;reference=1c350da5c03f84956e8cac90222ac964eb3ecc7930f7cc20100e63bfb736a140;manifest=8a1f78fb5e25efffcaa5d6f5826ce93f866163302bfc0f13314817f6b53916e4,artifact/results/raw/fnv_step/reorder/gcc_o2.out,1c350da5c03f84956e8cac90222ac964eb3ecc7930f7cc20100e63bfb736a140,artifact/results/raw/fnv_step/reorder/gcc_o2.s,14e35d46cdcc29d60540a0c9a10a6ba931fcf934b850a7e05ffa40858485ad0f,artifact/results/independent_recheck.json,EXECUTED,"65,536 ordered byte-pair cases; retained output and assembly bound to certificate."
FINITE-fnv_step-reorder-clang-O0,FINITE_EXHAUSTIVE_COMPILER_CELL,fnv_step,reorder,clang,-O0,clang -std=c11 -Wall -Wextra -Werror -O0 artifact/benchmark/generated/fnv_step/reorder/kernel.c -o artifact/results/raw/fnv_step/reorder/clang_o0,clang version 17.0.0 (https://github.com/swiftlang/llvm-project.git 10999b6d034fe318f3d56c83bddb6572593a8bb0),source=3fe2258ea0ac2511f7b7859a1c2a1e133dca090d2b591c41e4877a0ac0cd525e;reference=1c350da5c03f84956e8cac90222ac964eb3ecc7930f7cc20100e63bfb736a140;manifest=8a1f78fb5e25efffcaa5d6f5826ce93f866163302bfc0f13314817f6b53916e4,artifact/results/raw/fnv_step/reorder/clang_o0.out,1c350da5c03f84956e8cac90222ac964eb3ecc7930f7cc20100e63bfb736a140,artifact/results/raw/fnv_step/reorder/clang_o0.s,6530e706502f33add7b534a90c29a70482e2d1a64a4cde9cfb612a38be301b94,artifact/results/independent_recheck.json,EXECUTED,"65,536 ordered byte-pair cases; retained output and assembly bound to certificate."
FINITE-fnv_step-reorder-clang-O2,FINITE_EXHAUSTIVE_COMPILER_CELL,fnv_step,reorder,clang,-O2,clang -std=c11 -Wall -Wextra -Werror -O2 artifact/benchmark/generated/fnv_step/reorder/kernel.c -o artifact/results/raw/fnv_step/reorder/clang_o2,clang version 17.0.0 (https://github.com/swiftlang/llvm-project.git 10999b6d034fe318f3d56c83bddb6572593a8bb0),source=3fe2258ea0ac2511f7b7859a1c2a1e133dca090d2b591c41e4877a0ac0cd525e;reference=1c350da5c03f84956e8cac90222ac964eb3ecc7930f7cc20100e63bfb736a140;manifest=8a1f78fb5e25efffcaa5d6f5826ce93f866163302bfc0f13314817f6b53916e4,artifact/results/raw/fnv_step/reorder/clang_o2.out,1c350da5c03f84956e8cac90222ac964eb3ecc7930f7cc20100e63bfb736a140,artifact/results/raw/fnv_step/reorder/clang_o2.s,8fe656764116329395d6d72cd08919ad31d65affb0ef3298763bed1f35a6162e,artifact/results/independent_recheck.json,EXECUTED,"65,536 ordered byte-pair cases; retained output and assembly bound to certificate."
FINITE-fnv_step-extract-gcc-O0,FINITE_EXHAUSTIVE_COMPILER_CELL,fnv_step,extract,gcc,-O0,gcc -std=c11 -Wall -Wextra -Werror -O0 artifact/benchmark/generated/fnv_step/extract/kernel.c -o artifact/results/raw/fnv_step/extract/gcc_o0,gcc (Debian 14.2.0-19) 14.2.0,source=aa257e3f8227b67b86b2b3c46dc0bd9de338707840971af6a16ed94ec5028a96;reference=1c350da5c03f84956e8cac90222ac964eb3ecc7930f7cc20100e63bfb736a140;manifest=8a1f78fb5e25efffcaa5d6f5826ce93f866163302bfc0f13314817f6b53916e4,artifact/results/raw/fnv_step/extract/gcc_o0.out,1c350da5c03f84956e8cac90222ac964eb3ecc7930f7cc20100e63bfb736a140,artifact/results/raw/fnv_step/extract/gcc_o0.s,adcb757aeb2b8cd40dbc32043c6ba792d06264b073bc7b48da4782155794ad37,artifact/results/independent_recheck.json,EXECUTED,"65,536 ordered byte-pair cases; retained output and assembly bound to certificate."
FINITE-fnv_step-extract-gcc-O2,FINITE_EXHAUSTIVE_COMPILER_CELL,fnv_step,extract,gcc,-O2,gcc -std=c11 -Wall -Wextra -Werror -O2 artifact/benchmark/generated/fnv_step/extract/kernel.c -o artifact/results/raw/fnv_step/extract/gcc_o2,gcc (Debian 14.2.0-19) 14.2.0,source=aa257e3f8227b67b86b2b3c46dc0bd9de338707840971af6a16ed94ec5028a96;reference=1c350da5c03f84956e8cac90222ac964eb3ecc7930f7cc20100e63bfb736a140;manifest=8a1f78fb5e25efffcaa5d6f5826ce93f866163302bfc0f13314817f6b53916e4,artifact/results/raw/fnv_step/extract/gcc_o2.out,1c350da5c03f84956e8cac90222ac964eb3ecc7930f7cc20100e63bfb736a140,artifact/results/raw/fnv_step/extract/gcc_o2.s,22cd1656e906a8cef5b76711093568f4aa5271b30e0105f39cadf8f4a88cc32e,artifact/results/independent_recheck.json,EXECUTED,"65,536 ordered byte-pair cases; retained output and assembly bound to certificate."
FINITE-fnv_step-extract-clang-O0,FINITE_EXHAUSTIVE_COMPILER_CELL,fnv_step,extract,clang,-O0,clang -std=c11 -Wall -Wextra -Werror -O0 artifact/benchmark/generated/fnv_step/extract/kernel.c -o artifact/results/raw/fnv_step/extract/clang_o0,clang version 17.0.0 (https://github.com/swiftlang/llvm-project.git 10999b6d034fe318f3d56c83bddb6572593a8bb0),source=aa257e3f8227b67b86b2b3c46dc0bd9de338707840971af6a16ed94ec5028a96;reference=1c350da5c03f84956e8cac90222ac964eb3ecc7930f7cc20100e63bfb736a140;manifest=8a1f78fb5e25efffcaa5d6f5826ce93f866163302bfc0f13314817f6b53916e4,artifact/results/raw/fnv_step/extract/clang_o0.out,1c350da5c03f84956e8cac90222ac964eb3ecc7930f7cc20100e63bfb736a140,artifact/results/raw/fnv_step/extract/clang_o0.s,05c3f14dfa7f4fea4275d680f7e62c781373ee081402048a14ceb45207cf2881,artifact/results/independent_recheck.json,EXECUTED,"65,536 ordered byte-pair cases; retained output and assembly bound to certificate."
FINITE-fnv_step-extract-clang-O2,FINITE_EXHAUSTIVE_COMPILER_CELL,fnv_step,extract,clang,-O2,clang -std=c11 -Wall -Wextra -Werror -O2 artifact/benchmark/generated/fnv_step/extract/kernel.c -o artifact/results/raw/fnv_step/extract/clang_o2,clang version 17.0.0 (https://github.com/swiftlang/llvm-project.git 10999b6d034fe318f3d56c83bddb6572593a8bb0),source=aa257e3f8227b67b86b2b3c46dc0bd9de338707840971af6a16ed94ec5028a96;reference=1c350da5c03f84956e8cac90222ac964eb3ecc7930f7cc20100e63bfb736a140;manifest=8a1f78fb5e25efffcaa5d6f5826ce93f866163302bfc0f13314817f6b53916e4,artifact/results/raw/fnv_step/extract/clang_o2.out,1c350da5c03f84956e8cac90222ac964eb3ecc7930f7cc20100e63bfb736a140,artifact/results/raw/fnv_step/extract/clang_o2.s,8fe656764116329395d6d72cd08919ad31d65affb0ef3298763bed1f35a6162e,artifact/results/independent_recheck.json,EXECUTED,"65,536 ordered byte-pair cases; retained output and assembly bound to certificate."
FINITE-fnv_step-dependency_upgrade-gcc-O0,FINITE_EXHAUSTIVE_COMPILER_CELL,fnv_step,dependency_upgrade,gcc,-O0,gcc -std=c11 -Wall -Wextra -Werror -O0 artifact/benchmark/generated/fnv_step/dependency_upgrade/kernel.c -o artifact/results/raw/fnv_step/dependency_upgrade/gcc_o0,gcc (Debian 14.2.0-19) 14.2.0,source=788226171dfdb637001a17d2f19c34752178cbb8efdcc90c690408c73aa289d0;reference=1c350da5c03f84956e8cac90222ac964eb3ecc7930f7cc20100e63bfb736a140;manifest=8a1f78fb5e25efffcaa5d6f5826ce93f866163302bfc0f13314817f6b53916e4,artifact/results/raw/fnv_step/dependency_upgrade/gcc_o0.out,1c350da5c03f84956e8cac90222ac964eb3ecc7930f7cc20100e63bfb736a140,artifact/results/raw/fnv_step/dependency_upgrade/gcc_o0.s,49da143cf1d84c8112d40d9a431f6672bf14ff880009d9ecb91919c8b438ba7f,artifact/results/independent_recheck.json,EXECUTED,"65,536 ordered byte-pair cases; retained output and assembly bound to certificate."
FINITE-fnv_step-dependency_upgrade-gcc-O2,FINITE_EXHAUSTIVE_COMPILER_CELL,fnv_step,dependency_upgrade,gcc,-O2,gcc -std=c11 -Wall -Wextra -Werror -O2 artifact/benchmark/generated/fnv_step/dependency_upgrade/kernel.c -o artifact/results/raw/fnv_step/dependency_upgrade/gcc_o2,gcc (Debian 14.2.0-19) 14.2.0,source=788226171dfdb637001a17d2f19c34752178cbb8efdcc90c690408c73aa289d0;reference=1c350da5c03f84956e8cac90222ac964eb3ecc7930f7cc20100e63bfb736a140;manifest=8a1f78fb5e25efffcaa5d6f5826ce93f866163302bfc0f13314817f6b53916e4,artifact/results/raw/fnv_step/dependency_upgrade/gcc_o2.out,1c350da5c03f84956e8cac90222ac964eb3ecc7930f7cc20100e63bfb736a140,artifact/results/raw/fnv_step/dependency_upgrade/gcc_o2.s,fa055508a7d1c432587e4620031590b1a83afd9556c627e749b69da5e0de7111,artifact/results/independent_recheck.json,EXECUTED,"65,536 ordered byte-pair cases; retained output and assembly bound to certificate."
FINITE-fnv_step-dependency_upgrade-clang-O0,FINITE_EXHAUSTIVE_COMPILER_CELL,fnv_step,dependency_upgrade,clang,-O0,clang -std=c11 -Wall -Wextra -Werror -O0 artifact/benchmark/generated/fnv_step/dependency_upgrade/kernel.c -o artifact/results/raw/fnv_step/dependency_upgrade/clang_o0,clang version 17.0.0 (https://github.com/swiftlang/llvm-project.git 10999b6d034fe318f3d56c83bddb6572593a8bb0),source=788226171dfdb637001a17d2f19c34752178cbb8efdcc90c690408c73aa289d0;reference=1c350da5c03f84956e8cac90222ac964eb3ecc7930f7cc20100e63bfb736a140;manifest=8a1f78fb5e25efffcaa5d6f5826ce93f866163302bfc0f13314817f6b53916e4,artifact/results/raw/fnv_step/dependency_upgrade/clang_o0.out,1c350da5c03f84956e8cac90222ac964eb3ecc7930f7cc20100e63bfb736a140,artifact/results/raw/fnv_step/dependency_upgrade/clang_o0.s,5902f086b9a4a98c3b8ceaf842fc522be6f5962e80e98ace01fed3a126cda9ab,artifact/results/independent_recheck.json,EXECUTED,"65,536 ordered byte-pair cases; retained output and assembly bound to certificate."
FINITE-fnv_step-dependency_upgrade-clang-O2,FINITE_EXHAUSTIVE_COMPILER_CELL,fnv_step,dependency_upgrade,clang,-O2,clang -std=c11 -Wall -Wextra -Werror -O2 artifact/benchmark/generated/fnv_step/dependency_upgrade/kernel.c -o artifact/results/raw/fnv_step/dependency_upgrade/clang_o2,clang version 17.0.0 (https://github.com/swiftlang/llvm-project.git 10999b6d034fe318f3d56c83bddb6572593a8bb0),source=788226171dfdb637001a17d2f19c34752178cbb8efdcc90c690408c73aa289d0;reference=1c350da5c03f84956e8cac90222ac964eb3ecc7930f7cc20100e63bfb736a140;manifest=8a1f78fb5e25efffcaa5d6f5826ce93f866163302bfc0f13314817f6b53916e4,artifact/results/raw/fnv_step/dependency_upgrade/clang_o2.out,1c350da5c03f84956e8cac90222ac964eb3ecc7930f7cc20100e63bfb736a140,artifact/results/raw/fnv_step/dependency_upgrade/clang_o2.s,8fe656764116329395d6d72cd08919ad31d65affb0ef3298763bed1f35a6162e,artifact/results/independent_recheck.json,EXECUTED,"65,536 ordered byte-pair cases; retained output and assembly bound to certificate."
FINITE-fnv_step-format-gcc-O0,FINITE_EXHAUSTIVE_COMPILER_CELL,fnv_step,format,gcc,-O0,gcc -std=c11 -Wall -Wextra -Werror -O0 artifact/benchmark/generated/fnv_step/format/kernel.c -o artifact/results/raw/fnv_step/format/gcc_o0,gcc (Debian 14.2.0-19) 14.2.0,source=a129c53a344f7618009f11345af6df285245d67fc3baa6188815a8e0de138af2;reference=1c350da5c03f84956e8cac90222ac964eb3ecc7930f7cc20100e63bfb736a140;manifest=8a1f78fb5e25efffcaa5d6f5826ce93f866163302bfc0f13314817f6b53916e4,artifact/results/raw/fnv_step/format/gcc_o0.out,1c350da5c03f84956e8cac90222ac964eb3ecc7930f7cc20100e63bfb736a140,artifact/results/raw/fnv_step/format/gcc_o0.s,49da143cf1d84c8112d40d9a431f6672bf14ff880009d9ecb91919c8b438ba7f,artifact/results/independent_recheck.json,EXECUTED,"65,536 ordered byte-pair cases; retained output and assembly bound to certificate."
FINITE-fnv_step-format-gcc-O2,FINITE_EXHAUSTIVE_COMPILER_CELL,fnv_step,format,gcc,-O2,gcc -std=c11 -Wall -Wextra -Werror -O2 artifact/benchmark/generated/fnv_step/format/kernel.c -o artifact/results/raw/fnv_step/format/gcc_o2,gcc (Debian 14.2.0-19) 14.2.0,source=a129c53a344f7618009f11345af6df285245d67fc3baa6188815a8e0de138af2;reference=1c350da5c03f84956e8cac90222ac964eb3ecc7930f7cc20100e63bfb736a140;manifest=8a1f78fb5e25efffcaa5d6f5826ce93f866163302bfc0f13314817f6b53916e4,artifact/results/raw/fnv_step/format/gcc_o2.out,1c350da5c03f84956e8cac90222ac964eb3ecc7930f7cc20100e63bfb736a140,artifact/results/raw/fnv_step/format/gcc_o2.s,fa055508a7d1c432587e4620031590b1a83afd9556c627e749b69da5e0de7111,artifact/results/independent_recheck.json,EXECUTED,"65,536 ordered byte-pair cases; retained output and assembly bound to certificate."
FINITE-fnv_step-format-clang-O0,FINITE_EXHAUSTIVE_COMPILER_CELL,fnv_step,format,clang,-O0,clang -std=c11 -Wall -Wextra -Werror -O0 artifact/benchmark/generated/fnv_step/format/kernel.c -o artifact/results/raw/fnv_step/format/clang_o0,clang version 17.0.0 (https://github.com/swiftlang/llvm-project.git 10999b6d034fe318f3d56c83bddb6572593a8bb0),source=a129c53a344f7618009f11345af6df285245d67fc3baa6188815a8e0de138af2;reference=1c350da5c03f84956e8cac90222ac964eb3ecc7930f7cc20100e63bfb736a140;manifest=8a1f78fb5e25efffcaa5d6f5826ce93f866163302bfc0f13314817f6b53916e4,artifact/results/raw/fnv_step/format/clang_o0.out,1c350da5c03f84956e8cac90222ac964eb3ecc7930f7cc20100e63bfb736a140,artifact/results/raw/fnv_step/format/clang_o0.s,5902f086b9a4a98c3b8ceaf842fc522be6f5962e80e98ace01fed3a126cda9ab,artifact/results/independent_recheck.json,EXECUTED,"65,536 ordered byte-pair cases; retained output and assembly bound to certificate."
FINITE-fnv_step-format-clang-O2,FINITE_EXHAUSTIVE_COMPILER_CELL,fnv_step,format,clang,-O2,clang -std=c11 -Wall -Wextra -Werror -O2 artifact/benchmark/generated/fnv_step/format/kernel.c -o artifact/results/raw/fnv_step/format/clang_o2,clang version 17.0.0 (https://github.com/swiftlang/llvm-project.git 10999b6d034fe318f3d56c83bddb6572593a8bb0),source=a129c53a344f7618009f11345af6df285245d67fc3baa6188815a8e0de138af2;reference=1c350da5c03f84956e8cac90222ac964eb3ecc7930f7cc20100e63bfb736a140;manifest=8a1f78fb5e25efffcaa5d6f5826ce93f866163302bfc0f13314817f6b53916e4,artifact/results/raw/fnv_step/format/clang_o2.out,1c350da5c03f84956e8cac90222ac964eb3ecc7930f7cc20100e63bfb736a140,artifact/results/raw/fnv_step/format/clang_o2.s,8fe656764116329395d6d72cd08919ad31d65affb0ef3298763bed1f35a6162e,artifact/results/independent_recheck.json,EXECUTED,"65,536 ordered byte-pair cases; retained output and assembly bound to certificate."
FINITE-fnv_step-erase_tolerable-gcc-O0,FINITE_EXHAUSTIVE_COMPILER_CELL,fnv_step,erase_tolerable,gcc,-O0,gcc -std=c11 -Wall -Wextra -Werror -O0 artifact/benchmark/generated/fnv_step/erase_tolerable/kernel.c -o artifact/results/raw/fnv_step/erase_tolerable/gcc_o0,gcc (Debian 14.2.0-19) 14.2.0,source=37dd83ad9021447b85d5edfd0a80a2544f1eedad9c83651870f500116b9745ba;reference=1c350da5c03f84956e8cac90222ac964eb3ecc7930f7cc20100e63bfb736a140;manifest=8a1f78fb5e25efffcaa5d6f5826ce93f866163302bfc0f13314817f6b53916e4,artifact/results/raw/fnv_step/erase_tolerable/gcc_o0.out,1c350da5c03f84956e8cac90222ac964eb3ecc7930f7cc20100e63bfb736a140,artifact/results/raw/fnv_step/erase_tolerable/gcc_o0.s,14b444478c75e4d2342c65d38d3e96b4c1376b7acf437e2193989d9bdac4730e,artifact/results/independent_recheck.json,EXECUTED,"65,536 ordered byte-pair cases; retained output and assembly bound to certificate."
FINITE-fnv_step-erase_tolerable-gcc-O2,FINITE_EXHAUSTIVE_COMPILER_CELL,fnv_step,erase_tolerable,gcc,-O2,gcc -std=c11 -Wall -Wextra -Werror -O2 artifact/benchmark/generated/fnv_step/erase_tolerable/kernel.c -o artifact/results/raw/fnv_step/erase_tolerable/gcc_o2,gcc (Debian 14.2.0-19) 14.2.0,source=37dd83ad9021447b85d5edfd0a80a2544f1eedad9c83651870f500116b9745ba;reference=1c350da5c03f84956e8cac90222ac964eb3ecc7930f7cc20100e63bfb736a140;manifest=8a1f78fb5e25efffcaa5d6f5826ce93f866163302bfc0f13314817f6b53916e4,artifact/results/raw/fnv_step/erase_tolerable/gcc_o2.out,1c350da5c03f84956e8cac90222ac964eb3ecc7930f7cc20100e63bfb736a140,artifact/results/raw/fnv_step/erase_tolerable/gcc_o2.s,16e6a9016d29623bbad149a585f6692e0dd9fe7881d544e797d410a487e09303,artifact/results/independent_recheck.json,EXECUTED,"65,536 ordered byte-pair cases; retained output and assembly bound to certificate."
FINITE-fnv_step-erase_tolerable-clang-O0,FINITE_EXHAUSTIVE_COMPILER_CELL,fnv_step,erase_tolerable,clang,-O0,clang -std=c11 -Wall -Wextra -Werror -O0 artifact/benchmark/generated/fnv_step/erase_tolerable/kernel.c -o artifact/results/raw/fnv_step/erase_tolerable/clang_o0,clang version 17.0.0 (https://github.com/swiftlang/llvm-project.git 10999b6d034fe318f3d56c83bddb6572593a8bb0),source=37dd83ad9021447b85d5edfd0a80a2544f1eedad9c83651870f500116b9745ba;reference=1c350da5c03f84956e8cac90222ac964eb3ecc7930f7cc20100e63bfb736a140;manifest=8a1f78fb5e25efffcaa5d6f5826ce93f866163302bfc0f13314817f6b53916e4,artifact/results/raw/fnv_step/erase_tolerable/clang_o0.out,1c350da5c03f84956e8cac90222ac964eb3ecc7930f7cc20100e63bfb736a140,artifact/results/raw/fnv_step/erase_tolerable/clang_o0.s,2af436da328f49eb08fe45bf538f4b62a37e0d8e59d15fae479486b919e410d2,artifact/results/independent_recheck.json,EXECUTED,"65,536 ordered byte-pair cases; retained output and assembly bound to certificate."
FINITE-fnv_step-erase_tolerable-clang-O2,FINITE_EXHAUSTIVE_COMPILER_CELL,fnv_step,erase_tolerable,clang,-O2,clang -std=c11 -Wall -Wextra -Werror -O2 artifact/benchmark/generated/fnv_step/erase_tolerable/kernel.c -o artifact/results/raw/fnv_step/erase_tolerable/clang_o2,clang version 17.0.0 (https://github.com/swiftlang/llvm-project.git 10999b6d034fe318f3d56c83bddb6572593a8bb0),source=37dd83ad9021447b85d5edfd0a80a2544f1eedad9c83651870f500116b9745ba;reference=1c350da5c03f84956e8cac90222ac964eb3ecc7930f7cc20100e63bfb736a140;manifest=8a1f78fb5e25efffcaa5d6f5826ce93f866163302bfc0f13314817f6b53916e4,artifact/results/raw/fnv_step/erase_tolerable/clang_o2.out,1c350da5c03f84956e8cac90222ac964eb3ecc7930f7cc20100e63bfb736a140,artifact/results/raw/fnv_step/erase_tolerable/clang_o2.s,8fe656764116329395d6d72cd08919ad31d65affb0ef3298763bed1f35a6162e,artifact/results/independent_recheck.json,EXECUTED,"65,536 ordered byte-pair cases; retained output and assembly bound to certificate."
FINITE-fnv_step-merge_tolerable-gcc-O0,FINITE_EXHAUSTIVE_COMPILER_CELL,fnv_step,merge_tolerable,gcc,-O0,gcc -std=c11 -Wall -Wextra -Werror -O0 artifact/benchmark/generated/fnv_step/merge_tolerable/kernel.c -o artifact/results/raw/fnv_step/merge_tolerable/gcc_o0,gcc (Debian 14.2.0-19) 14.2.0,source=7c6caa622bfd8a0be89a2112b697978d2ecd6fc572fcadce8043be2a10b34c66;reference=1c350da5c03f84956e8cac90222ac964eb3ecc7930f7cc20100e63bfb736a140;manifest=8a1f78fb5e25efffcaa5d6f5826ce93f866163302bfc0f13314817f6b53916e4,artifact/results/raw/fnv_step/merge_tolerable/gcc_o0.out,1c350da5c03f84956e8cac90222ac964eb3ecc7930f7cc20100e63bfb736a140,artifact/results/raw/fnv_step/merge_tolerable/gcc_o0.s,14b444478c75e4d2342c65d38d3e96b4c1376b7acf437e2193989d9bdac4730e,artifact/results/independent_recheck.json,EXECUTED,"65,536 ordered byte-pair cases; retained output and assembly bound to certificate."
FINITE-fnv_step-merge_tolerable-gcc-O2,FINITE_EXHAUSTIVE_COMPILER_CELL,fnv_step,merge_tolerable,gcc,-O2,gcc -std=c11 -Wall -Wextra -Werror -O2 artifact/benchmark/generated/fnv_step/merge_tolerable/kernel.c -o artifact/results/raw/fnv_step/merge_tolerable/gcc_o2,gcc (Debian 14.2.0-19) 14.2.0,source=7c6caa622bfd8a0be89a2112b697978d2ecd6fc572fcadce8043be2a10b34c66;reference=1c350da5c03f84956e8cac90222ac964eb3ecc7930f7cc20100e63bfb736a140;manifest=8a1f78fb5e25efffcaa5d6f5826ce93f866163302bfc0f13314817f6b53916e4,artifact/results/raw/fnv_step/merge_tolerable/gcc_o2.out,1c350da5c03f84956e8cac90222ac964eb3ecc7930f7cc20100e63bfb736a140,artifact/results/raw/fnv_step/merge_tolerable/gcc_o2.s,16e6a9016d29623bbad149a585f6692e0dd9fe7881d544e797d410a487e09303,artifact/results/independent_recheck.json,EXECUTED,"65,536 ordered byte-pair cases; retained output and assembly bound to certificate."
FINITE-fnv_step-merge_tolerable-clang-O0,FINITE_EXHAUSTIVE_COMPILER_CELL,fnv_step,merge_tolerable,clang,-O0,clang -std=c11 -Wall -Wextra -Werror -O0 artifact/benchmark/generated/fnv_step/merge_tolerable/kernel.c -o artifact/results/raw/fnv_step/merge_tolerable/clang_o0,clang version 17.0.0 (https://github.com/swiftlang/llvm-project.git 10999b6d034fe318f3d56c83bddb6572593a8bb0),source=7c6caa622bfd8a0be89a2112b697978d2ecd6fc572fcadce8043be2a10b34c66;reference=1c350da5c03f84956e8cac90222ac964eb3ecc7930f7cc20100e63bfb736a140;manifest=8a1f78fb5e25efffcaa5d6f5826ce93f866163302bfc0f13314817f6b53916e4,artifact/results/raw/fnv_step/merge_tolerable/clang_o0.out,1c350da5c03f84956e8cac90222ac964eb3ecc7930f7cc20100e63bfb736a140,artifact/results/raw/fnv_step/merge_tolerable/clang_o0.s,2af436da328f49eb08fe45bf538f4b62a37e0d8e59d15fae479486b919e410d2,artifact/results/independent_recheck.json,EXECUTED,"65,536 ordered byte-pair cases; retained output and assembly bound to certificate."
FINITE-fnv_step-merge_tolerable-clang-O2,FINITE_EXHAUSTIVE_COMPILER_CELL,fnv_step,merge_tolerable,clang,-O2,clang -std=c11 -Wall -Wextra -Werror -O2 artifact/benchmark/generated/fnv_step/merge_tolerable/kernel.c -o artifact/results/raw/fnv_step/merge_tolerable/clang_o2,clang version 17.0.0 (https://github.com/swiftlang/llvm-project.git 10999b6d034fe318f3d56c83bddb6572593a8bb0),source=7c6caa622bfd8a0be89a2112b697978d2ecd6fc572fcadce8043be2a10b34c66;reference=1c350da5c03f84956e8cac90222ac964eb3ecc7930f7cc20100e63bfb736a140;manifest=8a1f78fb5e25efffcaa5d6f5826ce93f866163302bfc0f13314817f6b53916e4,artifact/results/raw/fnv_step/merge_tolerable/clang_o2.out,1c350da5c03f84956e8cac90222ac964eb3ecc7930f7cc20100e63bfb736a140,artifact/results/raw/fnv_step/merge_tolerable/clang_o2.s,8fe656764116329395d6d72cd08919ad31d65affb0ef3298763bed1f35a6162e,artifact/results/independent_recheck.json,EXECUTED,"65,536 ordered byte-pair cases; retained output and assembly bound to certificate."
FINITE-fnv_step-flip_tolerable-gcc-O0,FINITE_EXHAUSTIVE_COMPILER_CELL,fnv_step,flip_tolerable,gcc,-O0,gcc -std=c11 -Wall -Wextra -Werror -O0 artifact/benchmark/generated/fnv_step/flip_tolerable/kernel.c -o artifact/results/raw/fnv_step/flip_tolerable/gcc_o0,gcc (Debian 14.2.0-19) 14.2.0,source=f262913684d954900d0d9b64319c3e1c910658e0274cf381b6e269add2aca98d;reference=1c350da5c03f84956e8cac90222ac964eb3ecc7930f7cc20100e63bfb736a140;manifest=8a1f78fb5e25efffcaa5d6f5826ce93f866163302bfc0f13314817f6b53916e4,artifact/results/raw/fnv_step/flip_tolerable/gcc_o0.out,1c350da5c03f84956e8cac90222ac964eb3ecc7930f7cc20100e63bfb736a140,artifact/results/raw/fnv_step/flip_tolerable/gcc_o0.s,358af3981d332f383d95901bffcac93ad77847f1e30a44a1819120e535f76ed5,artifact/results/independent_recheck.json,EXECUTED,"65,536 ordered byte-pair cases; retained output and assembly bound to certificate."
FINITE-fnv_step-flip_tolerable-gcc-O2,FINITE_EXHAUSTIVE_COMPILER_CELL,fnv_step,flip_tolerable,gcc,-O2,gcc -std=c11 -Wall -Wextra -Werror -O2 artifact/benchmark/generated/fnv_step/flip_tolerable/kernel.c -o artifact/results/raw/fnv_step/flip_tolerable/gcc_o2,gcc (Debian 14.2.0-19) 14.2.0,source=f262913684d954900d0d9b64319c3e1c910658e0274cf381b6e269add2aca98d;reference=1c350da5c03f84956e8cac90222ac964eb3ecc7930f7cc20100e63bfb736a140;manifest=8a1f78fb5e25efffcaa5d6f5826ce93f866163302bfc0f13314817f6b53916e4,artifact/results/raw/fnv_step/flip_tolerable/gcc_o2.out,1c350da5c03f84956e8cac90222ac964eb3ecc7930f7cc20100e63bfb736a140,artifact/results/raw/fnv_step/flip_tolerable/gcc_o2.s,16e6a9016d29623bbad149a585f6692e0dd9fe7881d544e797d410a487e09303,artifact/results/independent_recheck.json,EXECUTED,"65,536 ordered byte-pair cases; retained output and assembly bound to certificate."
FINITE-fnv_step-flip_tolerable-clang-O0,FINITE_EXHAUSTIVE_COMPILER_CELL,fnv_step,flip_tolerable,clang,-O0,clang -std=c11 -Wall -Wextra -Werror -O0 artifact/benchmark/generated/fnv_step/flip_tolerable/kernel.c -o artifact/results/raw/fnv_step/flip_tolerable/clang_o0,clang version 17.0.0 (https://github.com/swiftlang/llvm-project.git 10999b6d034fe318f3d56c83bddb6572593a8bb0),source=f262913684d954900d0d9b64319c3e1c910658e0274cf381b6e269add2aca98d;reference=1c350da5c03f84956e8cac90222ac964eb3ecc7930f7cc20100e63bfb736a140;manifest=8a1f78fb5e25efffcaa5d6f5826ce93f866163302bfc0f13314817f6b53916e4,artifact/results/raw/fnv_step/flip_tolerable/clang_o0.out,1c350da5c03f84956e8cac90222ac964eb3ecc7930f7cc20100e63bfb736a140,artifact/results/raw/fnv_step/flip_tolerable/clang_o0.s,0a59351c47279b9eb7fb00ac274fe5e7094cca4b915a84aeff5600c7e252a7c0,artifact/results/independent_recheck.json,EXECUTED,"65,536 ordered byte-pair cases; retained output and assembly bound to certificate."
FINITE-fnv_step-flip_tolerable-clang-O2,FINITE_EXHAUSTIVE_COMPILER_CELL,fnv_step,flip_tolerable,clang,-O2,clang -std=c11 -Wall -Wextra -Werror -O2 artifact/benchmark/generated/fnv_step/flip_tolerable/kernel.c -o artifact/results/raw/fnv_step/flip_tolerable/clang_o2,clang version 17.0.0 (https://github.com/swiftlang/llvm-project.git 10999b6d034fe318f3d56c83bddb6572593a8bb0),source=f262913684d954900d0d9b64319c3e1c910658e0274cf381b6e269add2aca98d;reference=1c350da5c03f84956e8cac90222ac964eb3ecc7930f7cc20100e63bfb736a140;manifest=8a1f78fb5e25efffcaa5d6f5826ce93f866163302bfc0f13314817f6b53916e4,artifact/results/raw/fnv_step/flip_tolerable/clang_o2.out,1c350da5c03f84956e8cac90222ac964eb3ecc7930f7cc20100e63bfb736a140,artifact/results/raw/fnv_step/flip_tolerable/clang_o2.s,8fe656764116329395d6d72cd08919ad31d65affb0ef3298763bed1f35a6162e,artifact/results/independent_recheck.json,EXECUTED,"65,536 ordered byte-pair cases; retained output and assembly bound to certificate."
FINITE-fnv_step-recovery_break-gcc-O0,FINITE_EXHAUSTIVE_COMPILER_CELL,fnv_step,recovery_break,gcc,-O0,gcc -std=c11 -Wall -Wextra -Werror -O0 artifact/benchmark/generated/fnv_step/recovery_break/kernel.c -o artifact/results/raw/fnv_step/recovery_break/gcc_o0,gcc (Debian 14.2.0-19) 14.2.0,source=eaf349e621765e45f57b23ca63160b7c6956afe33d7c1facf4b4952939b975a8;reference=1c350da5c03f84956e8cac90222ac964eb3ecc7930f7cc20100e63bfb736a140;manifest=8a1f78fb5e25efffcaa5d6f5826ce93f866163302bfc0f13314817f6b53916e4,artifact/results/raw/fnv_step/recovery_break/gcc_o0.out,1c350da5c03f84956e8cac90222ac964eb3ecc7930f7cc20100e63bfb736a140,artifact/results/raw/fnv_step/recovery_break/gcc_o0.s,2984214c97ed57f59d6cad824c1030732686de3fb268f3e0d8e1da63c294b24d,artifact/results/independent_recheck.json,EXECUTED,"65,536 ordered byte-pair cases; retained output and assembly bound to certificate."
FINITE-fnv_step-recovery_break-gcc-O2,FINITE_EXHAUSTIVE_COMPILER_CELL,fnv_step,recovery_break,gcc,-O2,gcc -std=c11 -Wall -Wextra -Werror -O2 artifact/benchmark/generated/fnv_step/recovery_break/kernel.c -o artifact/results/raw/fnv_step/recovery_break/gcc_o2,gcc (Debian 14.2.0-19) 14.2.0,source=eaf349e621765e45f57b23ca63160b7c6956afe33d7c1facf4b4952939b975a8;reference=1c350da5c03f84956e8cac90222ac964eb3ecc7930f7cc20100e63bfb736a140;manifest=8a1f78fb5e25efffcaa5d6f5826ce93f866163302bfc0f13314817f6b53916e4,artifact/results/raw/fnv_step/recovery_break/gcc_o2.out,1c350da5c03f84956e8cac90222ac964eb3ecc7930f7cc20100e63bfb736a140,artifact/results/raw/fnv_step/recovery_break/gcc_o2.s,75c771b69fdf1bffff338a26e569f3e20d103f72b1d0a7be03a2c1afab680490,artifact/results/independent_recheck.json,EXECUTED,"65,536 ordered byte-pair cases; retained output and assembly bound to certificate."
FINITE-fnv_step-recovery_break-clang-O0,FINITE_EXHAUSTIVE_COMPILER_CELL,fnv_step,recovery_break,clang,-O0,clang -std=c11 -Wall -Wextra -Werror -O0 artifact/benchmark/generated/fnv_step/recovery_break/kernel.c -o artifact/results/raw/fnv_step/recovery_break/clang_o0,clang version 17.0.0 (https://github.com/swiftlang/llvm-project.git 10999b6d034fe318f3d56c83bddb6572593a8bb0),source=eaf349e621765e45f57b23ca63160b7c6956afe33d7c1facf4b4952939b975a8;reference=1c350da5c03f84956e8cac90222ac964eb3ecc7930f7cc20100e63bfb736a140;manifest=8a1f78fb5e25efffcaa5d6f5826ce93f866163302bfc0f13314817f6b53916e4,artifact/results/raw/fnv_step/recovery_break/clang_o0.out,1c350da5c03f84956e8cac90222ac964eb3ecc7930f7cc20100e63bfb736a140,artifact/results/raw/fnv_step/recovery_break/clang_o0.s,7889d8900b91ac6592c8c424974abe6982bc127770ced67bbbc0842231c3823f,artifact/results/independent_recheck.json,EXECUTED,"65,536 ordered byte-pair cases; retained output and assembly bound to certificate."
FINITE-fnv_step-recovery_break-clang-O2,FINITE_EXHAUSTIVE_COMPILER_CELL,fnv_step,recovery_break,clang,-O2,clang -std=c11 -Wall -Wextra -Werror -O2 artifact/benchmark/generated/fnv_step/recovery_break/kernel.c -o artifact/results/raw/fnv_step/recovery_break/clang_o2,clang version 17.0.0 (https://github.com/swiftlang/llvm-project.git 10999b6d034fe318f3d56c83bddb6572593a8bb0),source=eaf349e621765e45f57b23ca63160b7c6956afe33d7c1facf4b4952939b975a8;reference=1c350da5c03f84956e8cac90222ac964eb3ecc7930f7cc20100e63bfb736a140;manifest=8a1f78fb5e25efffcaa5d6f5826ce93f866163302bfc0f13314817f6b53916e4,artifact/results/raw/fnv_step/recovery_break/clang_o2.out,1c350da5c03f84956e8cac90222ac964eb3ecc7930f7cc20100e63bfb736a140,artifact/results/raw/fnv_step/recovery_break/clang_o2.s,8fe656764116329395d6d72cd08919ad31d65affb0ef3298763bed1f35a6162e,artifact/results/independent_recheck.json,EXECUTED,"65,536 ordered byte-pair cases; retained output and assembly bound to certificate."
FINITE-fnv_step-reseed-gcc-O0,FINITE_EXHAUSTIVE_COMPILER_CELL,fnv_step,reseed,gcc,-O0,gcc -std=c11 -Wall -Wextra -Werror -O0 artifact/benchmark/generated/fnv_step/reseed/kernel.c -o artifact/results/raw/fnv_step/reseed/gcc_o0,gcc (Debian 14.2.0-19) 14.2.0,source=e66815abf32b84a451efe6a7495cd4f62bd9d576c1a103adca1f1c14ae91586e;reference=1c350da5c03f84956e8cac90222ac964eb3ecc7930f7cc20100e63bfb736a140;manifest=3cc99835f254f913f8dd81e0e23466984ca3d3455206e00cddd1319a63af14c3,artifact/results/raw/fnv_step/reseed/gcc_o0.out,1c350da5c03f84956e8cac90222ac964eb3ecc7930f7cc20100e63bfb736a140,artifact/results/raw/fnv_step/reseed/gcc_o0.s,2d98faaf32b282782f43d61043efccd8358e298226e8f7ff2f4af897af5d2623,artifact/results/independent_recheck.json,EXECUTED,"65,536 ordered byte-pair cases; retained output and assembly bound to certificate."
FINITE-fnv_step-reseed-gcc-O2,FINITE_EXHAUSTIVE_COMPILER_CELL,fnv_step,reseed,gcc,-O2,gcc -std=c11 -Wall -Wextra -Werror -O2 artifact/benchmark/generated/fnv_step/reseed/kernel.c -o artifact/results/raw/fnv_step/reseed/gcc_o2,gcc (Debian 14.2.0-19) 14.2.0,source=e66815abf32b84a451efe6a7495cd4f62bd9d576c1a103adca1f1c14ae91586e;reference=1c350da5c03f84956e8cac90222ac964eb3ecc7930f7cc20100e63bfb736a140;manifest=3cc99835f254f913f8dd81e0e23466984ca3d3455206e00cddd1319a63af14c3,artifact/results/raw/fnv_step/reseed/gcc_o2.out,1c350da5c03f84956e8cac90222ac964eb3ecc7930f7cc20100e63bfb736a140,artifact/results/raw/fnv_step/reseed/gcc_o2.s,fa055508a7d1c432587e4620031590b1a83afd9556c627e749b69da5e0de7111,artifact/results/independent_recheck.json,EXECUTED,"65,536 ordered byte-pair cases; retained output and assembly bound to certificate."
FINITE-fnv_step-reseed-clang-O0,FINITE_EXHAUSTIVE_COMPILER_CELL,fnv_step,reseed,clang,-O0,clang -std=c11 -Wall -Wextra -Werror -O0 artifact/benchmark/generated/fnv_step/reseed/kernel.c -o artifact/results/raw/fnv_step/reseed/clang_o0,clang version 17.0.0 (https://github.com/swiftlang/llvm-project.git 10999b6d034fe318f3d56c83bddb6572593a8bb0),source=e66815abf32b84a451efe6a7495cd4f62bd9d576c1a103adca1f1c14ae91586e;reference=1c350da5c03f84956e8cac90222ac964eb3ecc7930f7cc20100e63bfb736a140;manifest=3cc99835f254f913f8dd81e0e23466984ca3d3455206e00cddd1319a63af14c3,artifact/results/raw/fnv_step/reseed/clang_o0.out,1c350da5c03f84956e8cac90222ac964eb3ecc7930f7cc20100e63bfb736a140,artifact/results/raw/fnv_step/reseed/clang_o0.s,bc3ba7bb09a9998ca587ab6087503a66701c0b181e59c32bb5f859c0902383a7,artifact/results/independent_recheck.json,EXECUTED,"65,536 ordered byte-pair cases; retained output and assembly bound to certificate."
FINITE-fnv_step-reseed-clang-O2,FINITE_EXHAUSTIVE_COMPILER_CELL,fnv_step,reseed,clang,-O2,clang -std=c11 -Wall -Wextra -Werror -O2 artifact/benchmark/generated/fnv_step/reseed/kernel.c -o artifact/results/raw/fnv_step/reseed/clang_o2,clang version 17.0.0 (https://github.com/swiftlang/llvm-project.git 10999b6d034fe318f3d56c83bddb6572593a8bb0),source=e66815abf32b84a451efe6a7495cd4f62bd9d576c1a103adca1f1c14ae91586e;reference=1c350da5c03f84956e8cac90222ac964eb3ecc7930f7cc20100e63bfb736a140;manifest=3cc99835f254f913f8dd81e0e23466984ca3d3455206e00cddd1319a63af14c3,artifact/results/raw/fnv_step/reseed/clang_o2.out,1c350da5c03f84956e8cac90222ac964eb3ecc7930f7cc20100e63bfb736a140,artifact/results/raw/fnv_step/reseed/clang_o2.s,8fe656764116329395d6d72cd08919ad31d65affb0ef3298763bed1f35a6162e,artifact/results/independent_recheck.json,EXECUTED,"65,536 ordered byte-pair cases; retained output and assembly bound to certificate."
FINITE-fnv_step-behavior_drift-gcc-O0,FINITE_EXHAUSTIVE_COMPILER_CELL,fnv_step,behavior_drift,gcc,-O0,gcc -std=c11 -Wall -Wextra -Werror -O0 artifact/benchmark/generated/fnv_step/behavior_drift/kernel.c -o artifact/results/raw/fnv_step/behavior_drift/gcc_o0,gcc (Debian 14.2.0-19) 14.2.0,source=1de68d1e4f6a9c4b80dc49ae9b86e1198db37b04d51bc4fd8aeb857d9216bdcd;reference=1c350da5c03f84956e8cac90222ac964eb3ecc7930f7cc20100e63bfb736a140;manifest=8a1f78fb5e25efffcaa5d6f5826ce93f866163302bfc0f13314817f6b53916e4,artifact/results/raw/fnv_step/behavior_drift/gcc_o0.out,ba9d8586be5eb2a18a3ae66dabf4ffb0d57c4c4ae9013e7e98b1f1b77817d89a,artifact/results/raw/fnv_step/behavior_drift/gcc_o0.s,b76ffbfb2c604a8bda99a8e12c4b6ee07d3508e5187f0ffa3aa158f9ffe2856b,artifact/results/independent_recheck.json,EXECUTED,"65,536 ordered byte-pair cases; retained output and assembly bound to certificate."
FINITE-fnv_step-behavior_drift-gcc-O2,FINITE_EXHAUSTIVE_COMPILER_CELL,fnv_step,behavior_drift,gcc,-O2,gcc -std=c11 -Wall -Wextra -Werror -O2 artifact/benchmark/generated/fnv_step/behavior_drift/kernel.c -o artifact/results/raw/fnv_step/behavior_drift/gcc_o2,gcc (Debian 14.2.0-19) 14.2.0,source=1de68d1e4f6a9c4b80dc49ae9b86e1198db37b04d51bc4fd8aeb857d9216bdcd;reference=1c350da5c03f84956e8cac90222ac964eb3ecc7930f7cc20100e63bfb736a140;manifest=8a1f78fb5e25efffcaa5d6f5826ce93f866163302bfc0f13314817f6b53916e4,artifact/results/raw/fnv_step/behavior_drift/gcc_o2.out,ba9d8586be5eb2a18a3ae66dabf4ffb0d57c4c4ae9013e7e98b1f1b77817d89a,artifact/results/raw/fnv_step/behavior_drift/gcc_o2.s,f6dbdfe79e10bc84b8e4775202775e4627b8cca792b1fe70bbcc91938ef7caf3,artifact/results/independent_recheck.json,EXECUTED,"65,536 ordered byte-pair cases; retained output and assembly bound to certificate."
FINITE-fnv_step-behavior_drift-clang-O0,FINITE_EXHAUSTIVE_COMPILER_CELL,fnv_step,behavior_drift,clang,-O0,clang -std=c11 -Wall -Wextra -Werror -O0 artifact/benchmark/generated/fnv_step/behavior_drift/kernel.c -o artifact/results/raw/fnv_step/behavior_drift/clang_o0,clang version 17.0.0 (https://github.com/swiftlang/llvm-project.git 10999b6d034fe318f3d56c83bddb6572593a8bb0),source=1de68d1e4f6a9c4b80dc49ae9b86e1198db37b04d51bc4fd8aeb857d9216bdcd;reference=1c350da5c03f84956e8cac90222ac964eb3ecc7930f7cc20100e63bfb736a140;manifest=8a1f78fb5e25efffcaa5d6f5826ce93f866163302bfc0f13314817f6b53916e4,artifact/results/raw/fnv_step/behavior_drift/clang_o0.out,ba9d8586be5eb2a18a3ae66dabf4ffb0d57c4c4ae9013e7e98b1f1b77817d89a,artifact/results/raw/fnv_step/behavior_drift/clang_o0.s,319b403b1da0593d26e13da154ae1033e60a6bde5e59faf40e84ce2e1b955ec6,artifact/results/independent_recheck.json,EXECUTED,"65,536 ordered byte-pair cases; retained output and assembly bound to certificate."
FINITE-fnv_step-behavior_drift-clang-O2,FINITE_EXHAUSTIVE_COMPILER_CELL,fnv_step,behavior_drift,clang,-O2,clang -std=c11 -Wall -Wextra -Werror -O2 artifact/benchmark/generated/fnv_step/behavior_drift/kernel.c -o artifact/results/raw/fnv_step/behavior_drift/clang_o2,clang version 17.0.0 (https://github.com/swiftlang/llvm-project.git 10999b6d034fe318f3d56c83bddb6572593a8bb0),source=1de68d1e4f6a9c4b80dc49ae9b86e1198db37b04d51bc4fd8aeb857d9216bdcd;reference=1c350da5c03f84956e8cac90222ac964eb3ecc7930f7cc20100e63bfb736a140;manifest=8a1f78fb5e25efffcaa5d6f5826ce93f866163302bfc0f13314817f6b53916e4,artifact/results/raw/fnv_step/behavior_drift/clang_o2.out,ba9d8586be5eb2a18a3ae66dabf4ffb0d57c4c4ae9013e7e98b1f1b77817d89a,artifact/results/raw/fnv_step/behavior_drift/clang_o2.s,8bd57e21ad5f2504f6fb09c2a1474660a3def50973d58b557ed286948e1d486b,artifact/results/independent_recheck.json,EXECUTED,"65,536 ordered byte-pair cases; retained output and assembly bound to certificate."
FINITE-jenkins_step-baseline-gcc-O0,FINITE_EXHAUSTIVE_COMPILER_CELL,jenkins_step,baseline,gcc,-O0,gcc -std=c11 -Wall -Wextra -Werror -O0 artifact/benchmark/generated/jenkins_step/baseline/kernel.c -o artifact/results/raw/jenkins_step/baseline/gcc_o0,gcc (Debian 14.2.0-19) 14.2.0,source=e89bd598e61f3c7323c4aded5f094cb583e789c6ad8e5b45918b2a796af66a4b;reference=6eb762a37dca160c3adfc3c9205a94b75ee11cccb6180db1df7c5db522b53f5e;manifest=7e78b68040fae1ba136ea5baccf1efa8eb6cb482d07e752f6d3eeb4cf6100fcb,artifact/results/raw/jenkins_step/baseline/gcc_o0.out,6eb762a37dca160c3adfc3c9205a94b75ee11cccb6180db1df7c5db522b53f5e,artifact/results/raw/jenkins_step/baseline/gcc_o0.s,3b27e2a2276da02925bee83d0d81024389c59cadcfef701dd1fdd063b72930de,artifact/results/independent_recheck.json,EXECUTED,"65,536 ordered byte-pair cases; retained output and assembly bound to certificate."
FINITE-jenkins_step-baseline-gcc-O2,FINITE_EXHAUSTIVE_COMPILER_CELL,jenkins_step,baseline,gcc,-O2,gcc -std=c11 -Wall -Wextra -Werror -O2 artifact/benchmark/generated/jenkins_step/baseline/kernel.c -o artifact/results/raw/jenkins_step/baseline/gcc_o2,gcc (Debian 14.2.0-19) 14.2.0,source=e89bd598e61f3c7323c4aded5f094cb583e789c6ad8e5b45918b2a796af66a4b;reference=6eb762a37dca160c3adfc3c9205a94b75ee11cccb6180db1df7c5db522b53f5e;manifest=7e78b68040fae1ba136ea5baccf1efa8eb6cb482d07e752f6d3eeb4cf6100fcb,artifact/results/raw/jenkins_step/baseline/gcc_o2.out,6eb762a37dca160c3adfc3c9205a94b75ee11cccb6180db1df7c5db522b53f5e,artifact/results/raw/jenkins_step/baseline/gcc_o2.s,c643afe46f5c8add14f2b19f4c8a66f31621777ecb67216ad5fd243fb236c54a,artifact/results/independent_recheck.json,EXECUTED,"65,536 ordered byte-pair cases; retained output and assembly bound to certificate."
FINITE-jenkins_step-baseline-clang-O0,FINITE_EXHAUSTIVE_COMPILER_CELL,jenkins_step,baseline,clang,-O0,clang -std=c11 -Wall -Wextra -Werror -O0 artifact/benchmark/generated/jenkins_step/baseline/kernel.c -o artifact/results/raw/jenkins_step/baseline/clang_o0,clang version 17.0.0 (https://github.com/swiftlang/llvm-project.git 10999b6d034fe318f3d56c83bddb6572593a8bb0),source=e89bd598e61f3c7323c4aded5f094cb583e789c6ad8e5b45918b2a796af66a4b;reference=6eb762a37dca160c3adfc3c9205a94b75ee11cccb6180db1df7c5db522b53f5e;manifest=7e78b68040fae1ba136ea5baccf1efa8eb6cb482d07e752f6d3eeb4cf6100fcb,artifact/results/raw/jenkins_step/baseline/clang_o0.out,6eb762a37dca160c3adfc3c9205a94b75ee11cccb6180db1df7c5db522b53f5e,artifact/results/raw/jenkins_step/baseline/clang_o0.s,aaa8fa806ebe3393f759e21f149c22b46a6c6827226bb34db7a6e3f417a71af5,artifact/results/independent_recheck.json,EXECUTED,"65,536 ordered byte-pair cases; retained output and assembly bound to certificate."
FINITE-jenkins_step-baseline-clang-O2,FINITE_EXHAUSTIVE_COMPILER_CELL,jenkins_step,baseline,clang,-O2,clang -std=c11 -Wall -Wextra -Werror -O2 artifact/benchmark/generated/jenkins_step/baseline/kernel.c -o artifact/results/raw/jenkins_step/baseline/clang_o2,clang version 17.0.0 (https://github.com/swiftlang/llvm-project.git 10999b6d034fe318f3d56c83bddb6572593a8bb0),source=e89bd598e61f3c7323c4aded5f094cb583e789c6ad8e5b45918b2a796af66a4b;reference=6eb762a37dca160c3adfc3c9205a94b75ee11cccb6180db1df7c5db522b53f5e;manifest=7e78b68040fae1ba136ea5baccf1efa8eb6cb482d07e752f6d3eeb4cf6100fcb,artifact/results/raw/jenkins_step/baseline/clang_o2.out,6eb762a37dca160c3adfc3c9205a94b75ee11cccb6180db1df7c5db522b53f5e,artifact/results/raw/jenkins_step/baseline/clang_o2.s,40564cebaca96dff8573f027f0bef066d99f2057585653166e27be06776a1746,artifact/results/independent_recheck.json,EXECUTED,"65,536 ordered byte-pair cases; retained output and assembly bound to certificate."
FINITE-jenkins_step-rename-gcc-O0,FINITE_EXHAUSTIVE_COMPILER_CELL,jenkins_step,rename,gcc,-O0,gcc -std=c11 -Wall -Wextra -Werror -O0 artifact/benchmark/generated/jenkins_step/rename/kernel.c -o artifact/results/raw/jenkins_step/rename/gcc_o0,gcc (Debian 14.2.0-19) 14.2.0,source=cf7c65e52d818e02c9c798f6303f970b283d8a16da59e3aabdcc15e8516f4a69;reference=6eb762a37dca160c3adfc3c9205a94b75ee11cccb6180db1df7c5db522b53f5e;manifest=7e78b68040fae1ba136ea5baccf1efa8eb6cb482d07e752f6d3eeb4cf6100fcb,artifact/results/raw/jenkins_step/rename/gcc_o0.out,6eb762a37dca160c3adfc3c9205a94b75ee11cccb6180db1df7c5db522b53f5e,artifact/results/raw/jenkins_step/rename/gcc_o0.s,3b27e2a2276da02925bee83d0d81024389c59cadcfef701dd1fdd063b72930de,artifact/results/independent_recheck.json,EXECUTED,"65,536 ordered byte-pair cases; retained output and assembly bound to certificate."
FINITE-jenkins_step-rename-gcc-O2,FINITE_EXHAUSTIVE_COMPILER_CELL,jenkins_step,rename,gcc,-O2,gcc -std=c11 -Wall -Wextra -Werror -O2 artifact/benchmark/generated/jenkins_step/rename/kernel.c -o artifact/results/raw/jenkins_step/rename/gcc_o2,gcc (Debian 14.2.0-19) 14.2.0,source=cf7c65e52d818e02c9c798f6303f970b283d8a16da59e3aabdcc15e8516f4a69;reference=6eb762a37dca160c3adfc3c9205a94b75ee11cccb6180db1df7c5db522b53f5e;manifest=7e78b68040fae1ba136ea5baccf1efa8eb6cb482d07e752f6d3eeb4cf6100fcb,artifact/results/raw/jenkins_step/rename/gcc_o2.out,6eb762a37dca160c3adfc3c9205a94b75ee11cccb6180db1df7c5db522b53f5e,artifact/results/raw/jenkins_step/rename/gcc_o2.s,c643afe46f5c8add14f2b19f4c8a66f31621777ecb67216ad5fd243fb236c54a,artifact/results/independent_recheck.json,EXECUTED,"65,536 ordered byte-pair cases; retained output and assembly bound to certificate."
FINITE-jenkins_step-rename-clang-O0,FINITE_EXHAUSTIVE_COMPILER_CELL,jenkins_step,rename,clang,-O0,clang -std=c11 -Wall -Wextra -Werror -O0 artifact/benchmark/generated/jenkins_step/rename/kernel.c -o artifact/results/raw/jenkins_step/rename/clang_o0,clang version 17.0.0 (https://github.com/swiftlang/llvm-project.git 10999b6d034fe318f3d56c83bddb6572593a8bb0),source=cf7c65e52d818e02c9c798f6303f970b283d8a16da59e3aabdcc15e8516f4a69;reference=6eb762a37dca160c3adfc3c9205a94b75ee11cccb6180db1df7c5db522b53f5e;manifest=7e78b68040fae1ba136ea5baccf1efa8eb6cb482d07e752f6d3eeb4cf6100fcb,artifact/results/raw/jenkins_step/rename/clang_o0.out,6eb762a37dca160c3adfc3c9205a94b75ee11cccb6180db1df7c5db522b53f5e,artifact/results/raw/jenkins_step/rename/clang_o0.s,aaa8fa806ebe3393f759e21f149c22b46a6c6827226bb34db7a6e3f417a71af5,artifact/results/independent_recheck.json,EXECUTED,"65,536 ordered byte-pair cases; retained output and assembly bound to certificate."
FINITE-jenkins_step-rename-clang-O2,FINITE_EXHAUSTIVE_COMPILER_CELL,jenkins_step,rename,clang,-O2,clang -std=c11 -Wall -Wextra -Werror -O2 artifact/benchmark/generated/jenkins_step/rename/kernel.c -o artifact/results/raw/jenkins_step/rename/clang_o2,clang version 17.0.0 (https://github.com/swiftlang/llvm-project.git 10999b6d034fe318f3d56c83bddb6572593a8bb0),source=cf7c65e52d818e02c9c798f6303f970b283d8a16da59e3aabdcc15e8516f4a69;reference=6eb762a37dca160c3adfc3c9205a94b75ee11cccb6180db1df7c5db522b53f5e;manifest=7e78b68040fae1ba136ea5baccf1efa8eb6cb482d07e752f6d3eeb4cf6100fcb,artifact/results/raw/jenkins_step/rename/clang_o2.out,6eb762a37dca160c3adfc3c9205a94b75ee11cccb6180db1df7c5db522b53f5e,artifact/results/raw/jenkins_step/rename/clang_o2.s,40564cebaca96dff8573f027f0bef066d99f2057585653166e27be06776a1746,artifact/results/independent_recheck.json,EXECUTED,"65,536 ordered byte-pair cases; retained output and assembly bound to certificate."
FINITE-jenkins_step-reorder-gcc-O0,FINITE_EXHAUSTIVE_COMPILER_CELL,jenkins_step,reorder,gcc,-O0,gcc -std=c11 -Wall -Wextra -Werror -O0 artifact/benchmark/generated/jenkins_step/reorder/kernel.c -o artifact/results/raw/jenkins_step/reorder/gcc_o0,gcc (Debian 14.2.0-19) 14.2.0,source=7fb79b969402b2988c14f5e7158104a5ba721ce0494ec3bc52768eda20fffe0b;reference=6eb762a37dca160c3adfc3c9205a94b75ee11cccb6180db1df7c5db522b53f5e;manifest=7e78b68040fae1ba136ea5baccf1efa8eb6cb482d07e752f6d3eeb4cf6100fcb,artifact/results/raw/jenkins_step/reorder/gcc_o0.out,6eb762a37dca160c3adfc3c9205a94b75ee11cccb6180db1df7c5db522b53f5e,artifact/results/raw/jenkins_step/reorder/gcc_o0.s,3b27e2a2276da02925bee83d0d81024389c59cadcfef701dd1fdd063b72930de,artifact/results/independent_recheck.json,EXECUTED,"65,536 ordered byte-pair cases; retained output and assembly bound to certificate."
FINITE-jenkins_step-reorder-gcc-O2,FINITE_EXHAUSTIVE_COMPILER_CELL,jenkins_step,reorder,gcc,-O2,gcc -std=c11 -Wall -Wextra -Werror -O2 artifact/benchmark/generated/jenkins_step/reorder/kernel.c -o artifact/results/raw/jenkins_step/reorder/gcc_o2,gcc (Debian 14.2.0-19) 14.2.0,source=7fb79b969402b2988c14f5e7158104a5ba721ce0494ec3bc52768eda20fffe0b;reference=6eb762a37dca160c3adfc3c9205a94b75ee11cccb6180db1df7c5db522b53f5e;manifest=7e78b68040fae1ba136ea5baccf1efa8eb6cb482d07e752f6d3eeb4cf6100fcb,artifact/results/raw/jenkins_step/reorder/gcc_o2.out,6eb762a37dca160c3adfc3c9205a94b75ee11cccb6180db1df7c5db522b53f5e,artifact/results/raw/jenkins_step/reorder/gcc_o2.s,c643afe46f5c8add14f2b19f4c8a66f31621777ecb67216ad5fd243fb236c54a,artifact/results/independent_recheck.json,EXECUTED,"65,536 ordered byte-pair cases; retained output and assembly bound to certificate."
FINITE-jenkins_step-reorder-clang-O0,FINITE_EXHAUSTIVE_COMPILER_CELL,jenkins_step,reorder,clang,-O0,clang -std=c11 -Wall -Wextra -Werror -O0 artifact/benchmark/generated/jenkins_step/reorder/kernel.c -o artifact/results/raw/jenkins_step/reorder/clang_o0,clang version 17.0.0 (https://github.com/swiftlang/llvm-project.git 10999b6d034fe318f3d56c83bddb6572593a8bb0),source=7fb79b969402b2988c14f5e7158104a5ba721ce0494ec3bc52768eda20fffe0b;reference=6eb762a37dca160c3adfc3c9205a94b75ee11cccb6180db1df7c5db522b53f5e;manifest=7e78b68040fae1ba136ea5baccf1efa8eb6cb482d07e752f6d3eeb4cf6100fcb,artifact/results/raw/jenkins_step/reorder/clang_o0.out,6eb762a37dca160c3adfc3c9205a94b75ee11cccb6180db1df7c5db522b53f5e,artifact/results/raw/jenkins_step/reorder/clang_o0.s,372ccfa29d7f6bde0a224fbf07b442a4dac48bb5f1ba1caec3dfd38783ec03e5,artifact/results/independent_recheck.json,EXECUTED,"65,536 ordered byte-pair cases; retained output and assembly bound to certificate."
FINITE-jenkins_step-reorder-clang-O2,FINITE_EXHAUSTIVE_COMPILER_CELL,jenkins_step,reorder,clang,-O2,clang -std=c11 -Wall -Wextra -Werror -O2 artifact/benchmark/generated/jenkins_step/reorder/kernel.c -o artifact/results/raw/jenkins_step/reorder/clang_o2,clang version 17.0.0 (https://github.com/swiftlang/llvm-project.git 10999b6d034fe318f3d56c83bddb6572593a8bb0),source=7fb79b969402b2988c14f5e7158104a5ba721ce0494ec3bc52768eda20fffe0b;reference=6eb762a37dca160c3adfc3c9205a94b75ee11cccb6180db1df7c5db522b53f5e;manifest=7e78b68040fae1ba136ea5baccf1efa8eb6cb482d07e752f6d3eeb4cf6100fcb,artifact/results/raw/jenkins_step/reorder/clang_o2.out,6eb762a37dca160c3adfc3c9205a94b75ee11cccb6180db1df7c5db522b53f5e,artifact/results/raw/jenkins_step/reorder/clang_o2.s,40564cebaca96dff8573f027f0bef066d99f2057585653166e27be06776a1746,artifact/results/independent_recheck.json,EXECUTED,"65,536 ordered byte-pair cases; retained output and assembly bound to certificate."
FINITE-jenkins_step-extract-gcc-O0,FINITE_EXHAUSTIVE_COMPILER_CELL,jenkins_step,extract,gcc,-O0,gcc -std=c11 -Wall -Wextra -Werror -O0 artifact/benchmark/generated/jenkins_step/extract/kernel.c -o artifact/results/raw/jenkins_step/extract/gcc_o0,gcc (Debian 14.2.0-19) 14.2.0,source=69cfff403b41ad2b9b44767cd6013b0494c8e4723b52482075de4aa7593ba2d8;reference=6eb762a37dca160c3adfc3c9205a94b75ee11cccb6180db1df7c5db522b53f5e;manifest=7e78b68040fae1ba136ea5baccf1efa8eb6cb482d07e752f6d3eeb4cf6100fcb,artifact/results/raw/jenkins_step/extract/gcc_o0.out,6eb762a37dca160c3adfc3c9205a94b75ee11cccb6180db1df7c5db522b53f5e,artifact/results/raw/jenkins_step/extract/gcc_o0.s,f2d9e4c5ec57d4ce353663599643d42e1b066016d95adc01e313299b1c19bd11,artifact/results/independent_recheck.json,EXECUTED,"65,536 ordered byte-pair cases; retained output and assembly bound to certificate."
FINITE-jenkins_step-extract-gcc-O2,FINITE_EXHAUSTIVE_COMPILER_CELL,jenkins_step,extract,gcc,-O2,gcc -std=c11 -Wall -Wextra -Werror -O2 artifact/benchmark/generated/jenkins_step/extract/kernel.c -o artifact/results/raw/jenkins_step/extract/gcc_o2,gcc (Debian 14.2.0-19) 14.2.0,source=69cfff403b41ad2b9b44767cd6013b0494c8e4723b52482075de4aa7593ba2d8;reference=6eb762a37dca160c3adfc3c9205a94b75ee11cccb6180db1df7c5db522b53f5e;manifest=7e78b68040fae1ba136ea5baccf1efa8eb6cb482d07e752f6d3eeb4cf6100fcb,artifact/results/raw/jenkins_step/extract/gcc_o2.out,6eb762a37dca160c3adfc3c9205a94b75ee11cccb6180db1df7c5db522b53f5e,artifact/results/raw/jenkins_step/extract/gcc_o2.s,6d9024161b24e11d9c18f9fe76a49602568293b5d0a2e1bf495f3b186de96d94,artifact/results/independent_recheck.json,EXECUTED,"65,536 ordered byte-pair cases; retained output and assembly bound to certificate."
FINITE-jenkins_step-extract-clang-O0,FINITE_EXHAUSTIVE_COMPILER_CELL,jenkins_step,extract,clang,-O0,clang -std=c11 -Wall -Wextra -Werror -O0 artifact/benchmark/generated/jenkins_step/extract/kernel.c -o artifact/results/raw/jenkins_step/extract/clang_o0,clang version 17.0.0 (https://github.com/swiftlang/llvm-project.git 10999b6d034fe318f3d56c83bddb6572593a8bb0),source=69cfff403b41ad2b9b44767cd6013b0494c8e4723b52482075de4aa7593ba2d8;reference=6eb762a37dca160c3adfc3c9205a94b75ee11cccb6180db1df7c5db522b53f5e;manifest=7e78b68040fae1ba136ea5baccf1efa8eb6cb482d07e752f6d3eeb4cf6100fcb,artifact/results/raw/jenkins_step/extract/clang_o0.out,6eb762a37dca160c3adfc3c9205a94b75ee11cccb6180db1df7c5db522b53f5e,artifact/results/raw/jenkins_step/extract/clang_o0.s,af027c60540d5ee0810ff82392f062c037cfef63a2550de4a5a5af73eb377a0d,artifact/results/independent_recheck.json,EXECUTED,"65,536 ordered byte-pair cases; retained output and assembly bound to certificate."
FINITE-jenkins_step-extract-clang-O2,FINITE_EXHAUSTIVE_COMPILER_CELL,jenkins_step,extract,clang,-O2,clang -std=c11 -Wall -Wextra -Werror -O2 artifact/benchmark/generated/jenkins_step/extract/kernel.c -o artifact/results/raw/jenkins_step/extract/clang_o2,clang version 17.0.0 (https://github.com/swiftlang/llvm-project.git 10999b6d034fe318f3d56c83bddb6572593a8bb0),source=69cfff403b41ad2b9b44767cd6013b0494c8e4723b52482075de4aa7593ba2d8;reference=6eb762a37dca160c3adfc3c9205a94b75ee11cccb6180db1df7c5db522b53f5e;manifest=7e78b68040fae1ba136ea5baccf1efa8eb6cb482d07e752f6d3eeb4cf6100fcb,artifact/results/raw/jenkins_step/extract/clang_o2.out,6eb762a37dca160c3adfc3c9205a94b75ee11cccb6180db1df7c5db522b53f5e,artifact/results/raw/jenkins_step/extract/clang_o2.s,40564cebaca96dff8573f027f0bef066d99f2057585653166e27be06776a1746,artifact/results/independent_recheck.json,EXECUTED,"65,536 ordered byte-pair cases; retained output and assembly bound to certificate."
FINITE-jenkins_step-dependency_upgrade-gcc-O0,FINITE_EXHAUSTIVE_COMPILER_CELL,jenkins_step,dependency_upgrade,gcc,-O0,gcc -std=c11 -Wall -Wextra -Werror -O0 artifact/benchmark/generated/jenkins_step/dependency_upgrade/kernel.c -o artifact/results/raw/jenkins_step/dependency_upgrade/gcc_o0,gcc (Debian 14.2.0-19) 14.2.0,source=ccf8e3da64b45cbded938698702735273fa6b571cedf0a4f2e2352018cebef97;reference=6eb762a37dca160c3adfc3c9205a94b75ee11cccb6180db1df7c5db522b53f5e;manifest=7e78b68040fae1ba136ea5baccf1efa8eb6cb482d07e752f6d3eeb4cf6100fcb,artifact/results/raw/jenkins_step/dependency_upgrade/gcc_o0.out,6eb762a37dca160c3adfc3c9205a94b75ee11cccb6180db1df7c5db522b53f5e,artifact/results/raw/jenkins_step/dependency_upgrade/gcc_o0.s,c856330cd539d775ece7653bdb8fb720645b33c1f7ff4fcdfb12934c6a720222,artifact/results/independent_recheck.json,EXECUTED,"65,536 ordered byte-pair cases; retained output and assembly bound to certificate."
FINITE-jenkins_step-dependency_upgrade-gcc-O2,FINITE_EXHAUSTIVE_COMPILER_CELL,jenkins_step,dependency_upgrade,gcc,-O2,gcc -std=c11 -Wall -Wextra -Werror -O2 artifact/benchmark/generated/jenkins_step/dependency_upgrade/kernel.c -o artifact/results/raw/jenkins_step/dependency_upgrade/gcc_o2,gcc (Debian 14.2.0-19) 14.2.0,source=ccf8e3da64b45cbded938698702735273fa6b571cedf0a4f2e2352018cebef97;reference=6eb762a37dca160c3adfc3c9205a94b75ee11cccb6180db1df7c5db522b53f5e;manifest=7e78b68040fae1ba136ea5baccf1efa8eb6cb482d07e752f6d3eeb4cf6100fcb,artifact/results/raw/jenkins_step/dependency_upgrade/gcc_o2.out,6eb762a37dca160c3adfc3c9205a94b75ee11cccb6180db1df7c5db522b53f5e,artifact/results/raw/jenkins_step/dependency_upgrade/gcc_o2.s,9769de10b26913332dfc1ac2675252d2a3dd996d2bbb352db0c949a820ea09e4,artifact/results/independent_recheck.json,EXECUTED,"65,536 ordered byte-pair cases; retained output and assembly bound to certificate."
FINITE-jenkins_step-dependency_upgrade-clang-O0,FINITE_EXHAUSTIVE_COMPILER_CELL,jenkins_step,dependency_upgrade,clang,-O0,clang -std=c11 -Wall -Wextra -Werror -O0 artifact/benchmark/generated/jenkins_step/dependency_upgrade/kernel.c -o artifact/results/raw/jenkins_step/dependency_upgrade/clang_o0,clang version 17.0.0 (https://github.com/swiftlang/llvm-project.git 10999b6d034fe318f3d56c83bddb6572593a8bb0),source=ccf8e3da64b45cbded938698702735273fa6b571cedf0a4f2e2352018cebef97;reference=6eb762a37dca160c3adfc3c9205a94b75ee11cccb6180db1df7c5db522b53f5e;manifest=7e78b68040fae1ba136ea5baccf1efa8eb6cb482d07e752f6d3eeb4cf6100fcb,artifact/results/raw/jenkins_step/dependency_upgrade/clang_o0.out,6eb762a37dca160c3adfc3c9205a94b75ee11cccb6180db1df7c5db522b53f5e,artifact/results/raw/jenkins_step/dependency_upgrade/clang_o0.s,3347b64159ecdf4ddc41800032accfc1d6867d11b4b53944e787c53acafb91e7,artifact/results/independent_recheck.json,EXECUTED,"65,536 ordered byte-pair cases; retained output and assembly bound to certificate."
FINITE-jenkins_step-dependency_upgrade-clang-O2,FINITE_EXHAUSTIVE_COMPILER_CELL,jenkins_step,dependency_upgrade,clang,-O2,clang -std=c11 -Wall -Wextra -Werror -O2 artifact/benchmark/generated/jenkins_step/dependency_upgrade/kernel.c -o artifact/results/raw/jenkins_step/dependency_upgrade/clang_o2,clang version 17.0.0 (https://github.com/swiftlang/llvm-project.git 10999b6d034fe318f3d56c83bddb6572593a8bb0),source=ccf8e3da64b45cbded938698702735273fa6b571cedf0a4f2e2352018cebef97;reference=6eb762a37dca160c3adfc3c9205a94b75ee11cccb6180db1df7c5db522b53f5e;manifest=7e78b68040fae1ba136ea5baccf1efa8eb6cb482d07e752f6d3eeb4cf6100fcb,artifact/results/raw/jenkins_step/dependency_upgrade/clang_o2.out,6eb762a37dca160c3adfc3c9205a94b75ee11cccb6180db1df7c5db522b53f5e,artifact/results/raw/jenkins_step/dependency_upgrade/clang_o2.s,40564cebaca96dff8573f027f0bef066d99f2057585653166e27be06776a1746,artifact/results/independent_recheck.json,EXECUTED,"65,536 ordered byte-pair cases; retained output and assembly bound to certificate."
FINITE-jenkins_step-format-gcc-O0,FINITE_EXHAUSTIVE_COMPILER_CELL,jenkins_step,format,gcc,-O0,gcc -std=c11 -Wall -Wextra -Werror -O0 artifact/benchmark/generated/jenkins_step/format/kernel.c -o artifact/results/raw/jenkins_step/format/gcc_o0,gcc (Debian 14.2.0-19) 14.2.0,source=c5d979da5c83abbdcae05377987e120d97337cc3d748540e032035a6eace5476;reference=6eb762a37dca160c3adfc3c9205a94b75ee11cccb6180db1df7c5db522b53f5e;manifest=7e78b68040fae1ba136ea5baccf1efa8eb6cb482d07e752f6d3eeb4cf6100fcb,artifact/results/raw/jenkins_step/format/gcc_o0.out,6eb762a37dca160c3adfc3c9205a94b75ee11cccb6180db1df7c5db522b53f5e,artifact/results/raw/jenkins_step/format/gcc_o0.s,c856330cd539d775ece7653bdb8fb720645b33c1f7ff4fcdfb12934c6a720222,artifact/results/independent_recheck.json,EXECUTED,"65,536 ordered byte-pair cases; retained output and assembly bound to certificate."
FINITE-jenkins_step-format-gcc-O2,FINITE_EXHAUSTIVE_COMPILER_CELL,jenkins_step,format,gcc,-O2,gcc -std=c11 -Wall -Wextra -Werror -O2 artifact/benchmark/generated/jenkins_step/format/kernel.c -o artifact/results/raw/jenkins_step/format/gcc_o2,gcc (Debian 14.2.0-19) 14.2.0,source=c5d979da5c83abbdcae05377987e120d97337cc3d748540e032035a6eace5476;reference=6eb762a37dca160c3adfc3c9205a94b75ee11cccb6180db1df7c5db522b53f5e;manifest=7e78b68040fae1ba136ea5baccf1efa8eb6cb482d07e752f6d3eeb4cf6100fcb,artifact/results/raw/jenkins_step/format/gcc_o2.out,6eb762a37dca160c3adfc3c9205a94b75ee11cccb6180db1df7c5db522b53f5e,artifact/results/raw/jenkins_step/format/gcc_o2.s,9769de10b26913332dfc1ac2675252d2a3dd996d2bbb352db0c949a820ea09e4,artifact/results/independent_recheck.json,EXECUTED,"65,536 ordered byte-pair cases; retained output and assembly bound to certificate."
FINITE-jenkins_step-format-clang-O0,FINITE_EXHAUSTIVE_COMPILER_CELL,jenkins_step,format,clang,-O0,clang -std=c11 -Wall -Wextra -Werror -O0 artifact/benchmark/generated/jenkins_step/format/kernel.c -o artifact/results/raw/jenkins_step/format/clang_o0,clang version 17.0.0 (https://github.com/swiftlang/llvm-project.git 10999b6d034fe318f3d56c83bddb6572593a8bb0),source=c5d979da5c83abbdcae05377987e120d97337cc3d748540e032035a6eace5476;reference=6eb762a37dca160c3adfc3c9205a94b75ee11cccb6180db1df7c5db522b53f5e;manifest=7e78b68040fae1ba136ea5baccf1efa8eb6cb482d07e752f6d3eeb4cf6100fcb,artifact/results/raw/jenkins_step/format/clang_o0.out,6eb762a37dca160c3adfc3c9205a94b75ee11cccb6180db1df7c5db522b53f5e,artifact/results/raw/jenkins_step/format/clang_o0.s,3347b64159ecdf4ddc41800032accfc1d6867d11b4b53944e787c53acafb91e7,artifact/results/independent_recheck.json,EXECUTED,"65,536 ordered byte-pair cases; retained output and assembly bound to certificate."
FINITE-jenkins_step-format-clang-O2,FINITE_EXHAUSTIVE_COMPILER_CELL,jenkins_step,format,clang,-O2,clang -std=c11 -Wall -Wextra -Werror -O2 artifact/benchmark/generated/jenkins_step/format/kernel.c -o artifact/results/raw/jenkins_step/format/clang_o2,clang version 17.0.0 (https://github.com/swiftlang/llvm-project.git 10999b6d034fe318f3d56c83bddb6572593a8bb0),source=c5d979da5c83abbdcae05377987e120d97337cc3d748540e032035a6eace5476;reference=6eb762a37dca160c3adfc3c9205a94b75ee11cccb6180db1df7c5db522b53f5e;manifest=7e78b68040fae1ba136ea5baccf1efa8eb6cb482d07e752f6d3eeb4cf6100fcb,artifact/results/raw/jenkins_step/format/clang_o2.out,6eb762a37dca160c3adfc3c9205a94b75ee11cccb6180db1df7c5db522b53f5e,artifact/results/raw/jenkins_step/format/clang_o2.s,40564cebaca96dff8573f027f0bef066d99f2057585653166e27be06776a1746,artifact/results/independent_recheck.json,EXECUTED,"65,536 ordered byte-pair cases; retained output and assembly bound to certificate."
FINITE-jenkins_step-erase_tolerable-gcc-O0,FINITE_EXHAUSTIVE_COMPILER_CELL,jenkins_step,erase_tolerable,gcc,-O0,gcc -std=c11 -Wall -Wextra -Werror -O0 artifact/benchmark/generated/jenkins_step/erase_tolerable/kernel.c -o artifact/results/raw/jenkins_step/erase_tolerable/gcc_o0,gcc (Debian 14.2.0-19) 14.2.0,source=1cb49035f6adf3e452a4f086428930749fba48376d671749e853a8bbd2e70c44;reference=6eb762a37dca160c3adfc3c9205a94b75ee11cccb6180db1df7c5db522b53f5e;manifest=7e78b68040fae1ba136ea5baccf1efa8eb6cb482d07e752f6d3eeb4cf6100fcb,artifact/results/raw/jenkins_step/erase_tolerable/gcc_o0.out,6eb762a37dca160c3adfc3c9205a94b75ee11cccb6180db1df7c5db522b53f5e,artifact/results/raw/jenkins_step/erase_tolerable/gcc_o0.s,f3b0f6329c76450e367311ad417c8be51d45aa5ce1f683011723eb35c2125327,artifact/results/independent_recheck.json,EXECUTED,"65,536 ordered byte-pair cases; retained output and assembly bound to certificate."
FINITE-jenkins_step-erase_tolerable-gcc-O2,FINITE_EXHAUSTIVE_COMPILER_CELL,jenkins_step,erase_tolerable,gcc,-O2,gcc -std=c11 -Wall -Wextra -Werror -O2 artifact/benchmark/generated/jenkins_step/erase_tolerable/kernel.c -o artifact/results/raw/jenkins_step/erase_tolerable/gcc_o2,gcc (Debian 14.2.0-19) 14.2.0,source=1cb49035f6adf3e452a4f086428930749fba48376d671749e853a8bbd2e70c44;reference=6eb762a37dca160c3adfc3c9205a94b75ee11cccb6180db1df7c5db522b53f5e;manifest=7e78b68040fae1ba136ea5baccf1efa8eb6cb482d07e752f6d3eeb4cf6100fcb,artifact/results/raw/jenkins_step/erase_tolerable/gcc_o2.out,6eb762a37dca160c3adfc3c9205a94b75ee11cccb6180db1df7c5db522b53f5e,artifact/results/raw/jenkins_step/erase_tolerable/gcc_o2.s,3620bb42e06b8f562430b99ef36454f88c1acaed28468f1ea5f244295102d24c,artifact/results/independent_recheck.json,EXECUTED,"65,536 ordered byte-pair cases; retained output and assembly bound to certificate."
FINITE-jenkins_step-erase_tolerable-clang-O0,FINITE_EXHAUSTIVE_COMPILER_CELL,jenkins_step,erase_tolerable,clang,-O0,clang -std=c11 -Wall -Wextra -Werror -O0 artifact/benchmark/generated/jenkins_step/erase_tolerable/kernel.c -o artifact/results/raw/jenkins_step/erase_tolerable/clang_o0,clang version 17.0.0 (https://github.com/swiftlang/llvm-project.git 10999b6d034fe318f3d56c83bddb6572593a8bb0),source=1cb49035f6adf3e452a4f086428930749fba48376d671749e853a8bbd2e70c44;reference=6eb762a37dca160c3adfc3c9205a94b75ee11cccb6180db1df7c5db522b53f5e;manifest=7e78b68040fae1ba136ea5baccf1efa8eb6cb482d07e752f6d3eeb4cf6100fcb,artifact/results/raw/jenkins_step/erase_tolerable/clang_o0.out,6eb762a37dca160c3adfc3c9205a94b75ee11cccb6180db1df7c5db522b53f5e,artifact/results/raw/jenkins_step/erase_tolerable/clang_o0.s,b7a763ddfd0056f9ea1c059a0b62a9512524c1676d25882834df8ce18057fdba,artifact/results/independent_recheck.json,EXECUTED,"65,536 ordered byte-pair cases; retained output and assembly bound to certificate."
FINITE-jenkins_step-erase_tolerable-clang-O2,FINITE_EXHAUSTIVE_COMPILER_CELL,jenkins_step,erase_tolerable,clang,-O2,clang -std=c11 -Wall -Wextra -Werror -O2 artifact/benchmark/generated/jenkins_step/erase_tolerable/kernel.c -o artifact/results/raw/jenkins_step/erase_tolerable/clang_o2,clang version 17.0.0 (https://github.com/swiftlang/llvm-project.git 10999b6d034fe318f3d56c83bddb6572593a8bb0),source=1cb49035f6adf3e452a4f086428930749fba48376d671749e853a8bbd2e70c44;reference=6eb762a37dca160c3adfc3c9205a94b75ee11cccb6180db1df7c5db522b53f5e;manifest=7e78b68040fae1ba136ea5baccf1efa8eb6cb482d07e752f6d3eeb4cf6100fcb,artifact/results/raw/jenkins_step/erase_tolerable/clang_o2.out,6eb762a37dca160c3adfc3c9205a94b75ee11cccb6180db1df7c5db522b53f5e,artifact/results/raw/jenkins_step/erase_tolerable/clang_o2.s,40564cebaca96dff8573f027f0bef066d99f2057585653166e27be06776a1746,artifact/results/independent_recheck.json,EXECUTED,"65,536 ordered byte-pair cases; retained output and assembly bound to certificate."
FINITE-jenkins_step-merge_tolerable-gcc-O0,FINITE_EXHAUSTIVE_COMPILER_CELL,jenkins_step,merge_tolerable,gcc,-O0,gcc -std=c11 -Wall -Wextra -Werror -O0 artifact/benchmark/generated/jenkins_step/merge_tolerable/kernel.c -o artifact/results/raw/jenkins_step/merge_tolerable/gcc_o0,gcc (Debian 14.2.0-19) 14.2.0,source=a9b94ca43ebabf4b612dfaa3f6980deda109f2fc86ee5111ebaf1bf5ab9b90a0;reference=6eb762a37dca160c3adfc3c9205a94b75ee11cccb6180db1df7c5db522b53f5e;manifest=7e78b68040fae1ba136ea5baccf1efa8eb6cb482d07e752f6d3eeb4cf6100fcb,artifact/results/raw/jenkins_step/merge_tolerable/gcc_o0.out,6eb762a37dca160c3adfc3c9205a94b75ee11cccb6180db1df7c5db522b53f5e,artifact/results/raw/jenkins_step/merge_tolerable/gcc_o0.s,f3b0f6329c76450e367311ad417c8be51d45aa5ce1f683011723eb35c2125327,artifact/results/independent_recheck.json,EXECUTED,"65,536 ordered byte-pair cases; retained output and assembly bound to certificate."
FINITE-jenkins_step-merge_tolerable-gcc-O2,FINITE_EXHAUSTIVE_COMPILER_CELL,jenkins_step,merge_tolerable,gcc,-O2,gcc -std=c11 -Wall -Wextra -Werror -O2 artifact/benchmark/generated/jenkins_step/merge_tolerable/kernel.c -o artifact/results/raw/jenkins_step/merge_tolerable/gcc_o2,gcc (Debian 14.2.0-19) 14.2.0,source=a9b94ca43ebabf4b612dfaa3f6980deda109f2fc86ee5111ebaf1bf5ab9b90a0;reference=6eb762a37dca160c3adfc3c9205a94b75ee11cccb6180db1df7c5db522b53f5e;manifest=7e78b68040fae1ba136ea5baccf1efa8eb6cb482d07e752f6d3eeb4cf6100fcb,artifact/results/raw/jenkins_step/merge_tolerable/gcc_o2.out,6eb762a37dca160c3adfc3c9205a94b75ee11cccb6180db1df7c5db522b53f5e,artifact/results/raw/jenkins_step/merge_tolerable/gcc_o2.s,3620bb42e06b8f562430b99ef36454f88c1acaed28468f1ea5f244295102d24c,artifact/results/independent_recheck.json,EXECUTED,"65,536 ordered byte-pair cases; retained output and assembly bound to certificate."
FINITE-jenkins_step-merge_tolerable-clang-O0,FINITE_EXHAUSTIVE_COMPILER_CELL,jenkins_step,merge_tolerable,clang,-O0,clang -std=c11 -Wall -Wextra -Werror -O0 artifact/benchmark/generated/jenkins_step/merge_tolerable/kernel.c -o artifact/results/raw/jenkins_step/merge_tolerable/clang_o0,clang version 17.0.0 (https://github.com/swiftlang/llvm-project.git 10999b6d034fe318f3d56c83bddb6572593a8bb0),source=a9b94ca43ebabf4b612dfaa3f6980deda109f2fc86ee5111ebaf1bf5ab9b90a0;reference=6eb762a37dca160c3adfc3c9205a94b75ee11cccb6180db1df7c5db522b53f5e;manifest=7e78b68040fae1ba136ea5baccf1efa8eb6cb482d07e752f6d3eeb4cf6100fcb,artifact/results/raw/jenkins_step/merge_tolerable/clang_o0.out,6eb762a37dca160c3adfc3c9205a94b75ee11cccb6180db1df7c5db522b53f5e,artifact/results/raw/jenkins_step/merge_tolerable/clang_o0.s,b7a763ddfd0056f9ea1c059a0b62a9512524c1676d25882834df8ce18057fdba,artifact/results/independent_recheck.json,EXECUTED,"65,536 ordered byte-pair cases; retained output and assembly bound to certificate."
FINITE-jenkins_step-merge_tolerable-clang-O2,FINITE_EXHAUSTIVE_COMPILER_CELL,jenkins_step,merge_tolerable,clang,-O2,clang -std=c11 -Wall -Wextra -Werror -O2 artifact/benchmark/generated/jenkins_step/merge_tolerable/kernel.c -o artifact/results/raw/jenkins_step/merge_tolerable/clang_o2,clang version 17.0.0 (https://github.com/swiftlang/llvm-project.git 10999b6d034fe318f3d56c83bddb6572593a8bb0),source=a9b94ca43ebabf4b612dfaa3f6980deda109f2fc86ee5111ebaf1bf5ab9b90a0;reference=6eb762a37dca160c3adfc3c9205a94b75ee11cccb6180db1df7c5db522b53f5e;manifest=7e78b68040fae1ba136ea5baccf1efa8eb6cb482d07e752f6d3eeb4cf6100fcb,artifact/results/raw/jenkins_step/merge_tolerable/clang_o2.out,6eb762a37dca160c3adfc3c9205a94b75ee11cccb6180db1df7c5db522b53f5e,artifact/results/raw/jenkins_step/merge_tolerable/clang_o2.s,40564cebaca96dff8573f027f0bef066d99f2057585653166e27be06776a1746,artifact/results/independent_recheck.json,EXECUTED,"65,536 ordered byte-pair cases; retained output and assembly bound to certificate."
FINITE-jenkins_step-flip_tolerable-gcc-O0,FINITE_EXHAUSTIVE_COMPILER_CELL,jenkins_step,flip_tolerable,gcc,-O0,gcc -std=c11 -Wall -Wextra -Werror -O0 artifact/benchmark/generated/jenkins_step/flip_tolerable/kernel.c -o artifact/results/raw/jenkins_step/flip_tolerable/gcc_o0,gcc (Debian 14.2.0-19) 14.2.0,source=632af99ecf2d1d28726b8142a912af180daf2c835434cff68dd25663feb20e6e;reference=6eb762a37dca160c3adfc3c9205a94b75ee11cccb6180db1df7c5db522b53f5e;manifest=7e78b68040fae1ba136ea5baccf1efa8eb6cb482d07e752f6d3eeb4cf6100fcb,artifact/results/raw/jenkins_step/flip_tolerable/gcc_o0.out,6eb762a37dca160c3adfc3c9205a94b75ee11cccb6180db1df7c5db522b53f5e,artifact/results/raw/jenkins_step/flip_tolerable/gcc_o0.s,f4a94c88828edc7267e6c5ef7c812b1e3e57113d72ede4e5b6dae3331d09aa40,artifact/results/independent_recheck.json,EXECUTED,"65,536 ordered byte-pair cases; retained output and assembly bound to certificate."
FINITE-jenkins_step-flip_tolerable-gcc-O2,FINITE_EXHAUSTIVE_COMPILER_CELL,jenkins_step,flip_tolerable,gcc,-O2,gcc -std=c11 -Wall -Wextra -Werror -O2 artifact/benchmark/generated/jenkins_step/flip_tolerable/kernel.c -o artifact/results/raw/jenkins_step/flip_tolerable/gcc_o2,gcc (Debian 14.2.0-19) 14.2.0,source=632af99ecf2d1d28726b8142a912af180daf2c835434cff68dd25663feb20e6e;reference=6eb762a37dca160c3adfc3c9205a94b75ee11cccb6180db1df7c5db522b53f5e;manifest=7e78b68040fae1ba136ea5baccf1efa8eb6cb482d07e752f6d3eeb4cf6100fcb,artifact/results/raw/jenkins_step/flip_tolerable/gcc_o2.out,6eb762a37dca160c3adfc3c9205a94b75ee11cccb6180db1df7c5db522b53f5e,artifact/results/raw/jenkins_step/flip_tolerable/gcc_o2.s,3620bb42e06b8f562430b99ef36454f88c1acaed28468f1ea5f244295102d24c,artifact/results/independent_recheck.json,EXECUTED,"65,536 ordered byte-pair cases; retained output and assembly bound to certificate."
FINITE-jenkins_step-flip_tolerable-clang-O0,FINITE_EXHAUSTIVE_COMPILER_CELL,jenkins_step,flip_tolerable,clang,-O0,clang -std=c11 -Wall -Wextra -Werror -O0 artifact/benchmark/generated/jenkins_step/flip_tolerable/kernel.c -o artifact/results/raw/jenkins_step/flip_tolerable/clang_o0,clang version 17.0.0 (https://github.com/swiftlang/llvm-project.git 10999b6d034fe318f3d56c83bddb6572593a8bb0),source=632af99ecf2d1d28726b8142a912af180daf2c835434cff68dd25663feb20e6e;reference=6eb762a37dca160c3adfc3c9205a94b75ee11cccb6180db1df7c5db522b53f5e;manifest=7e78b68040fae1ba136ea5baccf1efa8eb6cb482d07e752f6d3eeb4cf6100fcb,artifact/results/raw/jenkins_step/flip_tolerable/clang_o0.out,6eb762a37dca160c3adfc3c9205a94b75ee11cccb6180db1df7c5db522b53f5e,artifact/results/raw/jenkins_step/flip_tolerable/clang_o0.s,399a8798afbd1108eae7ab0aede8f3eabe51afe831e9a169bfcabde71853b470,artifact/results/independent_recheck.json,EXECUTED,"65,536 ordered byte-pair cases; retained output and assembly bound to certificate."
FINITE-jenkins_step-flip_tolerable-clang-O2,FINITE_EXHAUSTIVE_COMPILER_CELL,jenkins_step,flip_tolerable,clang,-O2,clang -std=c11 -Wall -Wextra -Werror -O2 artifact/benchmark/generated/jenkins_step/flip_tolerable/kernel.c -o artifact/results/raw/jenkins_step/flip_tolerable/clang_o2,clang version 17.0.0 (https://github.com/swiftlang/llvm-project.git 10999b6d034fe318f3d56c83bddb6572593a8bb0),source=632af99ecf2d1d28726b8142a912af180daf2c835434cff68dd25663feb20e6e;reference=6eb762a37dca160c3adfc3c9205a94b75ee11cccb6180db1df7c5db522b53f5e;manifest=7e78b68040fae1ba136ea5baccf1efa8eb6cb482d07e752f6d3eeb4cf6100fcb,artifact/results/raw/jenkins_step/flip_tolerable/clang_o2.out,6eb762a37dca160c3adfc3c9205a94b75ee11cccb6180db1df7c5db522b53f5e,artifact/results/raw/jenkins_step/flip_tolerable/clang_o2.s,40564cebaca96dff8573f027f0bef066d99f2057585653166e27be06776a1746,artifact/results/independent_recheck.json,EXECUTED,"65,536 ordered byte-pair cases; retained output and assembly bound to certificate."
FINITE-jenkins_step-recovery_break-gcc-O0,FINITE_EXHAUSTIVE_COMPILER_CELL,jenkins_step,recovery_break,gcc,-O0,gcc -std=c11 -Wall -Wextra -Werror -O0 artifact/benchmark/generated/jenkins_step/recovery_break/kernel.c -o artifact/results/raw/jenkins_step/recovery_break/gcc_o0,gcc (Debian 14.2.0-19) 14.2.0,source=dc9439b2e182758cf81146d662b2df5acc484e91ba86302a26408d8f7923f768;reference=6eb762a37dca160c3adfc3c9205a94b75ee11cccb6180db1df7c5db522b53f5e;manifest=7e78b68040fae1ba136ea5baccf1efa8eb6cb482d07e752f6d3eeb4cf6100fcb,artifact/results/raw/jenkins_step/recovery_break/gcc_o0.out,6eb762a37dca160c3adfc3c9205a94b75ee11cccb6180db1df7c5db522b53f5e,artifact/results/raw/jenkins_step/recovery_break/gcc_o0.s,4c993341053958b9f0981ac7115eab42483790267b3005bf205da7fa885d4dc8,artifact/results/independent_recheck.json,EXECUTED,"65,536 ordered byte-pair cases; retained output and assembly bound to certificate."
FINITE-jenkins_step-recovery_break-gcc-O2,FINITE_EXHAUSTIVE_COMPILER_CELL,jenkins_step,recovery_break,gcc,-O2,gcc -std=c11 -Wall -Wextra -Werror -O2 artifact/benchmark/generated/jenkins_step/recovery_break/kernel.c -o artifact/results/raw/jenkins_step/recovery_break/gcc_o2,gcc (Debian 14.2.0-19) 14.2.0,source=dc9439b2e182758cf81146d662b2df5acc484e91ba86302a26408d8f7923f768;reference=6eb762a37dca160c3adfc3c9205a94b75ee11cccb6180db1df7c5db522b53f5e;manifest=7e78b68040fae1ba136ea5baccf1efa8eb6cb482d07e752f6d3eeb4cf6100fcb,artifact/results/raw/jenkins_step/recovery_break/gcc_o2.out,6eb762a37dca160c3adfc3c9205a94b75ee11cccb6180db1df7c5db522b53f5e,artifact/results/raw/jenkins_step/recovery_break/gcc_o2.s,9d7b68a4be64affd45541f3df73b315a8e1ab8a4794ba97494413c9f5193a4bd,artifact/results/independent_recheck.json,EXECUTED,"65,536 ordered byte-pair cases; retained output and assembly bound to certificate."
FINITE-jenkins_step-recovery_break-clang-O0,FINITE_EXHAUSTIVE_COMPILER_CELL,jenkins_step,recovery_break,clang,-O0,clang -std=c11 -Wall -Wextra -Werror -O0 artifact/benchmark/generated/jenkins_step/recovery_break/kernel.c -o artifact/results/raw/jenkins_step/recovery_break/clang_o0,clang version 17.0.0 (https://github.com/swiftlang/llvm-project.git 10999b6d034fe318f3d56c83bddb6572593a8bb0),source=dc9439b2e182758cf81146d662b2df5acc484e91ba86302a26408d8f7923f768;reference=6eb762a37dca160c3adfc3c9205a94b75ee11cccb6180db1df7c5db522b53f5e;manifest=7e78b68040fae1ba136ea5baccf1efa8eb6cb482d07e752f6d3eeb4cf6100fcb,artifact/results/raw/jenkins_step/recovery_break/clang_o0.out,6eb762a37dca160c3adfc3c9205a94b75ee11cccb6180db1df7c5db522b53f5e,artifact/results/raw/jenkins_step/recovery_break/clang_o0.s,3480c40f0ba82ede962319424906b31e1c690f9fbe7ba1bab6adb915fd1d6a4e,artifact/results/independent_recheck.json,EXECUTED,"65,536 ordered byte-pair cases; retained output and assembly bound to certificate."
FINITE-jenkins_step-recovery_break-clang-O2,FINITE_EXHAUSTIVE_COMPILER_CELL,jenkins_step,recovery_break,clang,-O2,clang -std=c11 -Wall -Wextra -Werror -O2 artifact/benchmark/generated/jenkins_step/recovery_break/kernel.c -o artifact/results/raw/jenkins_step/recovery_break/clang_o2,clang version 17.0.0 (https://github.com/swiftlang/llvm-project.git 10999b6d034fe318f3d56c83bddb6572593a8bb0),source=dc9439b2e182758cf81146d662b2df5acc484e91ba86302a26408d8f7923f768;reference=6eb762a37dca160c3adfc3c9205a94b75ee11cccb6180db1df7c5db522b53f5e;manifest=7e78b68040fae1ba136ea5baccf1efa8eb6cb482d07e752f6d3eeb4cf6100fcb,artifact/results/raw/jenkins_step/recovery_break/clang_o2.out,6eb762a37dca160c3adfc3c9205a94b75ee11cccb6180db1df7c5db522b53f5e,artifact/results/raw/jenkins_step/recovery_break/clang_o2.s,40564cebaca96dff8573f027f0bef066d99f2057585653166e27be06776a1746,artifact/results/independent_recheck.json,EXECUTED,"65,536 ordered byte-pair cases; retained output and assembly bound to certificate."
FINITE-jenkins_step-reseed-gcc-O0,FINITE_EXHAUSTIVE_COMPILER_CELL,jenkins_step,reseed,gcc,-O0,gcc -std=c11 -Wall -Wextra -Werror -O0 artifact/benchmark/generated/jenkins_step/reseed/kernel.c -o artifact/results/raw/jenkins_step/reseed/gcc_o0,gcc (Debian 14.2.0-19) 14.2.0,source=bf4ae3c1f6c49884d616eff718445582a8ea6269e11d612366876b87b4130143;reference=6eb762a37dca160c3adfc3c9205a94b75ee11cccb6180db1df7c5db522b53f5e;manifest=9b464e90b3a49ea4a34cefc432ab87acb2f13e15533de956118b9aa06f614c43,artifact/results/raw/jenkins_step/reseed/gcc_o0.out,6eb762a37dca160c3adfc3c9205a94b75ee11cccb6180db1df7c5db522b53f5e,artifact/results/raw/jenkins_step/reseed/gcc_o0.s,c5d521d6d810d33b93fdf43e06b8b0dd149897d0d4fec61dfa600c58479531c9,artifact/results/independent_recheck.json,EXECUTED,"65,536 ordered byte-pair cases; retained output and assembly bound to certificate."
FINITE-jenkins_step-reseed-gcc-O2,FINITE_EXHAUSTIVE_COMPILER_CELL,jenkins_step,reseed,gcc,-O2,gcc -std=c11 -Wall -Wextra -Werror -O2 artifact/benchmark/generated/jenkins_step/reseed/kernel.c -o artifact/results/raw/jenkins_step/reseed/gcc_o2,gcc (Debian 14.2.0-19) 14.2.0,source=bf4ae3c1f6c49884d616eff718445582a8ea6269e11d612366876b87b4130143;reference=6eb762a37dca160c3adfc3c9205a94b75ee11cccb6180db1df7c5db522b53f5e;manifest=9b464e90b3a49ea4a34cefc432ab87acb2f13e15533de956118b9aa06f614c43,artifact/results/raw/jenkins_step/reseed/gcc_o2.out,6eb762a37dca160c3adfc3c9205a94b75ee11cccb6180db1df7c5db522b53f5e,artifact/results/raw/jenkins_step/reseed/gcc_o2.s,9769de10b26913332dfc1ac2675252d2a3dd996d2bbb352db0c949a820ea09e4,artifact/results/independent_recheck.json,EXECUTED,"65,536 ordered byte-pair cases; retained output and assembly bound to certificate."
FINITE-jenkins_step-reseed-clang-O0,FINITE_EXHAUSTIVE_COMPILER_CELL,jenkins_step,reseed,clang,-O0,clang -std=c11 -Wall -Wextra -Werror -O0 artifact/benchmark/generated/jenkins_step/reseed/kernel.c -o artifact/results/raw/jenkins_step/reseed/clang_o0,clang version 17.0.0 (https://github.com/swiftlang/llvm-project.git 10999b6d034fe318f3d56c83bddb6572593a8bb0),source=bf4ae3c1f6c49884d616eff718445582a8ea6269e11d612366876b87b4130143;reference=6eb762a37dca160c3adfc3c9205a94b75ee11cccb6180db1df7c5db522b53f5e;manifest=9b464e90b3a49ea4a34cefc432ab87acb2f13e15533de956118b9aa06f614c43,artifact/results/raw/jenkins_step/reseed/clang_o0.out,6eb762a37dca160c3adfc3c9205a94b75ee11cccb6180db1df7c5db522b53f5e,artifact/results/raw/jenkins_step/reseed/clang_o0.s,963056425de29f4aaf8dfcb687127410beeb4a02016f035d199ed1d392fce58d,artifact/results/independent_recheck.json,EXECUTED,"65,536 ordered byte-pair cases; retained output and assembly bound to certificate."
FINITE-jenkins_step-reseed-clang-O2,FINITE_EXHAUSTIVE_COMPILER_CELL,jenkins_step,reseed,clang,-O2,clang -std=c11 -Wall -Wextra -Werror -O2 artifact/benchmark/generated/jenkins_step/reseed/kernel.c -o artifact/results/raw/jenkins_step/reseed/clang_o2,clang version 17.0.0 (https://github.com/swiftlang/llvm-project.git 10999b6d034fe318f3d56c83bddb6572593a8bb0),source=bf4ae3c1f6c49884d616eff718445582a8ea6269e11d612366876b87b4130143;reference=6eb762a37dca160c3adfc3c9205a94b75ee11cccb6180db1df7c5db522b53f5e;manifest=9b464e90b3a49ea4a34cefc432ab87acb2f13e15533de956118b9aa06f614c43,artifact/results/raw/jenkins_step/reseed/clang_o2.out,6eb762a37dca160c3adfc3c9205a94b75ee11cccb6180db1df7c5db522b53f5e,artifact/results/raw/jenkins_step/reseed/clang_o2.s,40564cebaca96dff8573f027f0bef066d99f2057585653166e27be06776a1746,artifact/results/independent_recheck.json,EXECUTED,"65,536 ordered byte-pair cases; retained output and assembly bound to certificate."
FINITE-jenkins_step-behavior_drift-gcc-O0,FINITE_EXHAUSTIVE_COMPILER_CELL,jenkins_step,behavior_drift,gcc,-O0,gcc -std=c11 -Wall -Wextra -Werror -O0 artifact/benchmark/generated/jenkins_step/behavior_drift/kernel.c -o artifact/results/raw/jenkins_step/behavior_drift/gcc_o0,gcc (Debian 14.2.0-19) 14.2.0,source=f1ea1f538a45ad60577359ed0275243961055f4cee43314ae62bc098f4279de8;reference=6eb762a37dca160c3adfc3c9205a94b75ee11cccb6180db1df7c5db522b53f5e;manifest=7e78b68040fae1ba136ea5baccf1efa8eb6cb482d07e752f6d3eeb4cf6100fcb,artifact/results/raw/jenkins_step/behavior_drift/gcc_o0.out,5bb4a97ce329a36a7e06e1b0d7030dd2ebb19f82844bab5b6608daad210cc40e,artifact/results/raw/jenkins_step/behavior_drift/gcc_o0.s,0f12c781f8537d37c457ac92f4ca8705ff9fe352b474830898b82b7d07b1dc2b,artifact/results/independent_recheck.json,EXECUTED,"65,536 ordered byte-pair cases; retained output and assembly bound to certificate."
FINITE-jenkins_step-behavior_drift-gcc-O2,FINITE_EXHAUSTIVE_COMPILER_CELL,jenkins_step,behavior_drift,gcc,-O2,gcc -std=c11 -Wall -Wextra -Werror -O2 artifact/benchmark/generated/jenkins_step/behavior_drift/kernel.c -o artifact/results/raw/jenkins_step/behavior_drift/gcc_o2,gcc (Debian 14.2.0-19) 14.2.0,source=f1ea1f538a45ad60577359ed0275243961055f4cee43314ae62bc098f4279de8;reference=6eb762a37dca160c3adfc3c9205a94b75ee11cccb6180db1df7c5db522b53f5e;manifest=7e78b68040fae1ba136ea5baccf1efa8eb6cb482d07e752f6d3eeb4cf6100fcb,artifact/results/raw/jenkins_step/behavior_drift/gcc_o2.out,5bb4a97ce329a36a7e06e1b0d7030dd2ebb19f82844bab5b6608daad210cc40e,artifact/results/raw/jenkins_step/behavior_drift/gcc_o2.s,304caf4377744cf7d11e06ab32b2572d55bc054aec81d9d1c0b42deff659d2d0,artifact/results/independent_recheck.json,EXECUTED,"65,536 ordered byte-pair cases; retained output and assembly bound to certificate."
FINITE-jenkins_step-behavior_drift-clang-O0,FINITE_EXHAUSTIVE_COMPILER_CELL,jenkins_step,behavior_drift,clang,-O0,clang -std=c11 -Wall -Wextra -Werror -O0 artifact/benchmark/generated/jenkins_step/behavior_drift/kernel.c -o artifact/results/raw/jenkins_step/behavior_drift/clang_o0,clang version 17.0.0 (https://github.com/swiftlang/llvm-project.git 10999b6d034fe318f3d56c83bddb6572593a8bb0),source=f1ea1f538a45ad60577359ed0275243961055f4cee43314ae62bc098f4279de8;reference=6eb762a37dca160c3adfc3c9205a94b75ee11cccb6180db1df7c5db522b53f5e;manifest=7e78b68040fae1ba136ea5baccf1efa8eb6cb482d07e752f6d3eeb4cf6100fcb,artifact/results/raw/jenkins_step/behavior_drift/clang_o0.out,5bb4a97ce329a36a7e06e1b0d7030dd2ebb19f82844bab5b6608daad210cc40e,artifact/results/raw/jenkins_step/behavior_drift/clang_o0.s,3f04038761009ac3cb4dd19bc490784bc519eb8d0782f3ac097ad2009d416dd6,artifact/results/independent_recheck.json,EXECUTED,"65,536 ordered byte-pair cases; retained output and assembly bound to certificate."
FINITE-jenkins_step-behavior_drift-clang-O2,FINITE_EXHAUSTIVE_COMPILER_CELL,jenkins_step,behavior_drift,clang,-O2,clang -std=c11 -Wall -Wextra -Werror -O2 artifact/benchmark/generated/jenkins_step/behavior_drift/kernel.c -o artifact/results/raw/jenkins_step/behavior_drift/clang_o2,clang version 17.0.0 (https://github.com/swiftlang/llvm-project.git 10999b6d034fe318f3d56c83bddb6572593a8bb0),source=f1ea1f538a45ad60577359ed0275243961055f4cee43314ae62bc098f4279de8;reference=6eb762a37dca160c3adfc3c9205a94b75ee11cccb6180db1df7c5db522b53f5e;manifest=7e78b68040fae1ba136ea5baccf1efa8eb6cb482d07e752f6d3eeb4cf6100fcb,artifact/results/raw/jenkins_step/behavior_drift/clang_o2.out,5bb4a97ce329a36a7e06e1b0d7030dd2ebb19f82844bab5b6608daad210cc40e,artifact/results/raw/jenkins_step/behavior_drift/clang_o2.s,a231099aa603fe2f203c2620ebde1ff3bce6a05b589a4a6133ec577134bb6585,artifact/results/independent_recheck.json,EXECUTED,"65,536 ordered byte-pair cases; retained output and assembly bound to certificate."
FINITE-crc8_step-baseline-gcc-O0,FINITE_EXHAUSTIVE_COMPILER_CELL,crc8_step,baseline,gcc,-O0,gcc -std=c11 -Wall -Wextra -Werror -O0 artifact/benchmark/generated/crc8_step/baseline/kernel.c -o artifact/results/raw/crc8_step/baseline/gcc_o0,gcc (Debian 14.2.0-19) 14.2.0,source=7f9016254ce06c17f074e7d7627661a13a1dc4a4c637aa5b790c82cd385c985e;reference=cce644f78658d160a477e4f22ca1aee276630896d90cec41b818cc0eb485b270;manifest=4f087eb28cb99db576d536df1ee5a7163965abc3e9b4498890d206e663778c96,artifact/results/raw/crc8_step/baseline/gcc_o0.out,cce644f78658d160a477e4f22ca1aee276630896d90cec41b818cc0eb485b270,artifact/results/raw/crc8_step/baseline/gcc_o0.s,59f924a84c27f57a0413801d846692df8cd3839a0fbe87318df5d2822275dd16,artifact/results/independent_recheck.json,EXECUTED,"65,536 ordered byte-pair cases; retained output and assembly bound to certificate."
FINITE-crc8_step-baseline-gcc-O2,FINITE_EXHAUSTIVE_COMPILER_CELL,crc8_step,baseline,gcc,-O2,gcc -std=c11 -Wall -Wextra -Werror -O2 artifact/benchmark/generated/crc8_step/baseline/kernel.c -o artifact/results/raw/crc8_step/baseline/gcc_o2,gcc (Debian 14.2.0-19) 14.2.0,source=7f9016254ce06c17f074e7d7627661a13a1dc4a4c637aa5b790c82cd385c985e;reference=cce644f78658d160a477e4f22ca1aee276630896d90cec41b818cc0eb485b270;manifest=4f087eb28cb99db576d536df1ee5a7163965abc3e9b4498890d206e663778c96,artifact/results/raw/crc8_step/baseline/gcc_o2.out,cce644f78658d160a477e4f22ca1aee276630896d90cec41b818cc0eb485b270,artifact/results/raw/crc8_step/baseline/gcc_o2.s,b3f4bdc6026c3bf121e6b69d3f2c2cd6cc800de74583b5d2988d3675db6644ad,artifact/results/independent_recheck.json,EXECUTED,"65,536 ordered byte-pair cases; retained output and assembly bound to certificate."
FINITE-crc8_step-baseline-clang-O0,FINITE_EXHAUSTIVE_COMPILER_CELL,crc8_step,baseline,clang,-O0,clang -std=c11 -Wall -Wextra -Werror -O0 artifact/benchmark/generated/crc8_step/baseline/kernel.c -o artifact/results/raw/crc8_step/baseline/clang_o0,clang version 17.0.0 (https://github.com/swiftlang/llvm-project.git 10999b6d034fe318f3d56c83bddb6572593a8bb0),source=7f9016254ce06c17f074e7d7627661a13a1dc4a4c637aa5b790c82cd385c985e;reference=cce644f78658d160a477e4f22ca1aee276630896d90cec41b818cc0eb485b270;manifest=4f087eb28cb99db576d536df1ee5a7163965abc3e9b4498890d206e663778c96,artifact/results/raw/crc8_step/baseline/clang_o0.out,cce644f78658d160a477e4f22ca1aee276630896d90cec41b818cc0eb485b270,artifact/results/raw/crc8_step/baseline/clang_o0.s,b789a1568ab992d3720dc948827a4f4471515bf7e584edbc077ad0d7c5970d3a,artifact/results/independent_recheck.json,EXECUTED,"65,536 ordered byte-pair cases; retained output and assembly bound to certificate."
FINITE-crc8_step-baseline-clang-O2,FINITE_EXHAUSTIVE_COMPILER_CELL,crc8_step,baseline,clang,-O2,clang -std=c11 -Wall -Wextra -Werror -O2 artifact/benchmark/generated/crc8_step/baseline/kernel.c -o artifact/results/raw/crc8_step/baseline/clang_o2,clang version 17.0.0 (https://github.com/swiftlang/llvm-project.git 10999b6d034fe318f3d56c83bddb6572593a8bb0),source=7f9016254ce06c17f074e7d7627661a13a1dc4a4c637aa5b790c82cd385c985e;reference=cce644f78658d160a477e4f22ca1aee276630896d90cec41b818cc0eb485b270;manifest=4f087eb28cb99db576d536df1ee5a7163965abc3e9b4498890d206e663778c96,artifact/results/raw/crc8_step/baseline/clang_o2.out,cce644f78658d160a477e4f22ca1aee276630896d90cec41b818cc0eb485b270,artifact/results/raw/crc8_step/baseline/clang_o2.s,69c53864a26a64ad5dd76aca9cdafbb00833a8a6d0c5df3305b1916f8f7dbd5f,artifact/results/independent_recheck.json,EXECUTED,"65,536 ordered byte-pair cases; retained output and assembly bound to certificate."
FINITE-crc8_step-rename-gcc-O0,FINITE_EXHAUSTIVE_COMPILER_CELL,crc8_step,rename,gcc,-O0,gcc -std=c11 -Wall -Wextra -Werror -O0 artifact/benchmark/generated/crc8_step/rename/kernel.c -o artifact/results/raw/crc8_step/rename/gcc_o0,gcc (Debian 14.2.0-19) 14.2.0,source=cffc439b45c77d809250aa8a4ae624825fb8b6d850b0e0bd6756582354497ed9;reference=cce644f78658d160a477e4f22ca1aee276630896d90cec41b818cc0eb485b270;manifest=4f087eb28cb99db576d536df1ee5a7163965abc3e9b4498890d206e663778c96,artifact/results/raw/crc8_step/rename/gcc_o0.out,cce644f78658d160a477e4f22ca1aee276630896d90cec41b818cc0eb485b270,artifact/results/raw/crc8_step/rename/gcc_o0.s,59f924a84c27f57a0413801d846692df8cd3839a0fbe87318df5d2822275dd16,artifact/results/independent_recheck.json,EXECUTED,"65,536 ordered byte-pair cases; retained output and assembly bound to certificate."
FINITE-crc8_step-rename-gcc-O2,FINITE_EXHAUSTIVE_COMPILER_CELL,crc8_step,rename,gcc,-O2,gcc -std=c11 -Wall -Wextra -Werror -O2 artifact/benchmark/generated/crc8_step/rename/kernel.c -o artifact/results/raw/crc8_step/rename/gcc_o2,gcc (Debian 14.2.0-19) 14.2.0,source=cffc439b45c77d809250aa8a4ae624825fb8b6d850b0e0bd6756582354497ed9;reference=cce644f78658d160a477e4f22ca1aee276630896d90cec41b818cc0eb485b270;manifest=4f087eb28cb99db576d536df1ee5a7163965abc3e9b4498890d206e663778c96,artifact/results/raw/crc8_step/rename/gcc_o2.out,cce644f78658d160a477e4f22ca1aee276630896d90cec41b818cc0eb485b270,artifact/results/raw/crc8_step/rename/gcc_o2.s,b3f4bdc6026c3bf121e6b69d3f2c2cd6cc800de74583b5d2988d3675db6644ad,artifact/results/independent_recheck.json,EXECUTED,"65,536 ordered byte-pair cases; retained output and assembly bound to certificate."
FINITE-crc8_step-rename-clang-O0,FINITE_EXHAUSTIVE_COMPILER_CELL,crc8_step,rename,clang,-O0,clang -std=c11 -Wall -Wextra -Werror -O0 artifact/benchmark/generated/crc8_step/rename/kernel.c -o artifact/results/raw/crc8_step/rename/clang_o0,clang version 17.0.0 (https://github.com/swiftlang/llvm-project.git 10999b6d034fe318f3d56c83bddb6572593a8bb0),source=cffc439b45c77d809250aa8a4ae624825fb8b6d850b0e0bd6756582354497ed9;reference=cce644f78658d160a477e4f22ca1aee276630896d90cec41b818cc0eb485b270;manifest=4f087eb28cb99db576d536df1ee5a7163965abc3e9b4498890d206e663778c96,artifact/results/raw/crc8_step/rename/clang_o0.out,cce644f78658d160a477e4f22ca1aee276630896d90cec41b818cc0eb485b270,artifact/results/raw/crc8_step/rename/clang_o0.s,b789a1568ab992d3720dc948827a4f4471515bf7e584edbc077ad0d7c5970d3a,artifact/results/independent_recheck.json,EXECUTED,"65,536 ordered byte-pair cases; retained output and assembly bound to certificate."
FINITE-crc8_step-rename-clang-O2,FINITE_EXHAUSTIVE_COMPILER_CELL,crc8_step,rename,clang,-O2,clang -std=c11 -Wall -Wextra -Werror -O2 artifact/benchmark/generated/crc8_step/rename/kernel.c -o artifact/results/raw/crc8_step/rename/clang_o2,clang version 17.0.0 (https://github.com/swiftlang/llvm-project.git 10999b6d034fe318f3d56c83bddb6572593a8bb0),source=cffc439b45c77d809250aa8a4ae624825fb8b6d850b0e0bd6756582354497ed9;reference=cce644f78658d160a477e4f22ca1aee276630896d90cec41b818cc0eb485b270;manifest=4f087eb28cb99db576d536df1ee5a7163965abc3e9b4498890d206e663778c96,artifact/results/raw/crc8_step/rename/clang_o2.out,cce644f78658d160a477e4f22ca1aee276630896d90cec41b818cc0eb485b270,artifact/results/raw/crc8_step/rename/clang_o2.s,69c53864a26a64ad5dd76aca9cdafbb00833a8a6d0c5df3305b1916f8f7dbd5f,artifact/results/independent_recheck.json,EXECUTED,"65,536 ordered byte-pair cases; retained output and assembly bound to certificate."
FINITE-crc8_step-reorder-gcc-O0,FINITE_EXHAUSTIVE_COMPILER_CELL,crc8_step,reorder,gcc,-O0,gcc -std=c11 -Wall -Wextra -Werror -O0 artifact/benchmark/generated/crc8_step/reorder/kernel.c -o artifact/results/raw/crc8_step/reorder/gcc_o0,gcc (Debian 14.2.0-19) 14.2.0,source=df1259b25ad87afda58b2b9c968e8ceee0e4d7bca4c54b731c791d2882a536b8;reference=cce644f78658d160a477e4f22ca1aee276630896d90cec41b818cc0eb485b270;manifest=4f087eb28cb99db576d536df1ee5a7163965abc3e9b4498890d206e663778c96,artifact/results/raw/crc8_step/reorder/gcc_o0.out,cce644f78658d160a477e4f22ca1aee276630896d90cec41b818cc0eb485b270,artifact/results/raw/crc8_step/reorder/gcc_o0.s,59f924a84c27f57a0413801d846692df8cd3839a0fbe87318df5d2822275dd16,artifact/results/independent_recheck.json,EXECUTED,"65,536 ordered byte-pair cases; retained output and assembly bound to certificate."
FINITE-crc8_step-reorder-gcc-O2,FINITE_EXHAUSTIVE_COMPILER_CELL,crc8_step,reorder,gcc,-O2,gcc -std=c11 -Wall -Wextra -Werror -O2 artifact/benchmark/generated/crc8_step/reorder/kernel.c -o artifact/results/raw/crc8_step/reorder/gcc_o2,gcc (Debian 14.2.0-19) 14.2.0,source=df1259b25ad87afda58b2b9c968e8ceee0e4d7bca4c54b731c791d2882a536b8;reference=cce644f78658d160a477e4f22ca1aee276630896d90cec41b818cc0eb485b270;manifest=4f087eb28cb99db576d536df1ee5a7163965abc3e9b4498890d206e663778c96,artifact/results/raw/crc8_step/reorder/gcc_o2.out,cce644f78658d160a477e4f22ca1aee276630896d90cec41b818cc0eb485b270,artifact/results/raw/crc8_step/reorder/gcc_o2.s,b3f4bdc6026c3bf121e6b69d3f2c2cd6cc800de74583b5d2988d3675db6644ad,artifact/results/independent_recheck.json,EXECUTED,"65,536 ordered byte-pair cases; retained output and assembly bound to certificate."
FINITE-crc8_step-reorder-clang-O0,FINITE_EXHAUSTIVE_COMPILER_CELL,crc8_step,reorder,clang,-O0,clang -std=c11 -Wall -Wextra -Werror -O0 artifact/benchmark/generated/crc8_step/reorder/kernel.c -o artifact/results/raw/crc8_step/reorder/clang_o0,clang version 17.0.0 (https://github.com/swiftlang/llvm-project.git 10999b6d034fe318f3d56c83bddb6572593a8bb0),source=df1259b25ad87afda58b2b9c968e8ceee0e4d7bca4c54b731c791d2882a536b8;reference=cce644f78658d160a477e4f22ca1aee276630896d90cec41b818cc0eb485b270;manifest=4f087eb28cb99db576d536df1ee5a7163965abc3e9b4498890d206e663778c96,artifact/results/raw/crc8_step/reorder/clang_o0.out,cce644f78658d160a477e4f22ca1aee276630896d90cec41b818cc0eb485b270,artifact/results/raw/crc8_step/reorder/clang_o0.s,0919808103b0e1e50c1de5f63c6652cd66a4784624b4bff80f3d231bfb0bff09,artifact/results/independent_recheck.json,EXECUTED,"65,536 ordered byte-pair cases; retained output and assembly bound to certificate."
FINITE-crc8_step-reorder-clang-O2,FINITE_EXHAUSTIVE_COMPILER_CELL,crc8_step,reorder,clang,-O2,clang -std=c11 -Wall -Wextra -Werror -O2 artifact/benchmark/generated/crc8_step/reorder/kernel.c -o artifact/results/raw/crc8_step/reorder/clang_o2,clang version 17.0.0 (https://github.com/swiftlang/llvm-project.git 10999b6d034fe318f3d56c83bddb6572593a8bb0),source=df1259b25ad87afda58b2b9c968e8ceee0e4d7bca4c54b731c791d2882a536b8;reference=cce644f78658d160a477e4f22ca1aee276630896d90cec41b818cc0eb485b270;manifest=4f087eb28cb99db576d536df1ee5a7163965abc3e9b4498890d206e663778c96,artifact/results/raw/crc8_step/reorder/clang_o2.out,cce644f78658d160a477e4f22ca1aee276630896d90cec41b818cc0eb485b270,artifact/results/raw/crc8_step/reorder/clang_o2.s,69c53864a26a64ad5dd76aca9cdafbb00833a8a6d0c5df3305b1916f8f7dbd5f,artifact/results/independent_recheck.json,EXECUTED,"65,536 ordered byte-pair cases; retained output and assembly bound to certificate."
FINITE-crc8_step-extract-gcc-O0,FINITE_EXHAUSTIVE_COMPILER_CELL,crc8_step,extract,gcc,-O0,gcc -std=c11 -Wall -Wextra -Werror -O0 artifact/benchmark/generated/crc8_step/extract/kernel.c -o artifact/results/raw/crc8_step/extract/gcc_o0,gcc (Debian 14.2.0-19) 14.2.0,source=3470d84bbb6dc0c695a44772c053165c6138343711db9a4df02ab820f1164110;reference=cce644f78658d160a477e4f22ca1aee276630896d90cec41b818cc0eb485b270;manifest=4f087eb28cb99db576d536df1ee5a7163965abc3e9b4498890d206e663778c96,artifact/results/raw/crc8_step/extract/gcc_o0.out,cce644f78658d160a477e4f22ca1aee276630896d90cec41b818cc0eb485b270,artifact/results/raw/crc8_step/extract/gcc_o0.s,cbe611c63530d096bb2d3bc39cfb408fc7e32821e8099ace4f925e76a2449cc0,artifact/results/independent_recheck.json,EXECUTED,"65,536 ordered byte-pair cases; retained output and assembly bound to certificate."
FINITE-crc8_step-extract-gcc-O2,FINITE_EXHAUSTIVE_COMPILER_CELL,crc8_step,extract,gcc,-O2,gcc -std=c11 -Wall -Wextra -Werror -O2 artifact/benchmark/generated/crc8_step/extract/kernel.c -o artifact/results/raw/crc8_step/extract/gcc_o2,gcc (Debian 14.2.0-19) 14.2.0,source=3470d84bbb6dc0c695a44772c053165c6138343711db9a4df02ab820f1164110;reference=cce644f78658d160a477e4f22ca1aee276630896d90cec41b818cc0eb485b270;manifest=4f087eb28cb99db576d536df1ee5a7163965abc3e9b4498890d206e663778c96,artifact/results/raw/crc8_step/extract/gcc_o2.out,cce644f78658d160a477e4f22ca1aee276630896d90cec41b818cc0eb485b270,artifact/results/raw/crc8_step/extract/gcc_o2.s,5010b6485d5dae46fa37e6702b51aa7fda95b8d56c4f73d6b9462cab31c30a19,artifact/results/independent_recheck.json,EXECUTED,"65,536 ordered byte-pair cases; retained output and assembly bound to certificate."
FINITE-crc8_step-extract-clang-O0,FINITE_EXHAUSTIVE_COMPILER_CELL,crc8_step,extract,clang,-O0,clang -std=c11 -Wall -Wextra -Werror -O0 artifact/benchmark/generated/crc8_step/extract/kernel.c -o artifact/results/raw/crc8_step/extract/clang_o0,clang version 17.0.0 (https://github.com/swiftlang/llvm-project.git 10999b6d034fe318f3d56c83bddb6572593a8bb0),source=3470d84bbb6dc0c695a44772c053165c6138343711db9a4df02ab820f1164110;reference=cce644f78658d160a477e4f22ca1aee276630896d90cec41b818cc0eb485b270;manifest=4f087eb28cb99db576d536df1ee5a7163965abc3e9b4498890d206e663778c96,artifact/results/raw/crc8_step/extract/clang_o0.out,cce644f78658d160a477e4f22ca1aee276630896d90cec41b818cc0eb485b270,artifact/results/raw/crc8_step/extract/clang_o0.s,d17f0605a5b4d78456e8627fa8b3524a6799a956c32c51e1d9de9e7f2a4046b0,artifact/results/independent_recheck.json,EXECUTED,"65,536 ordered byte-pair cases; retained output and assembly bound to certificate."
FINITE-crc8_step-extract-clang-O2,FINITE_EXHAUSTIVE_COMPILER_CELL,crc8_step,extract,clang,-O2,clang -std=c11 -Wall -Wextra -Werror -O2 artifact/benchmark/generated/crc8_step/extract/kernel.c -o artifact/results/raw/crc8_step/extract/clang_o2,clang version 17.0.0 (https://github.com/swiftlang/llvm-project.git 10999b6d034fe318f3d56c83bddb6572593a8bb0),source=3470d84bbb6dc0c695a44772c053165c6138343711db9a4df02ab820f1164110;reference=cce644f78658d160a477e4f22ca1aee276630896d90cec41b818cc0eb485b270;manifest=4f087eb28cb99db576d536df1ee5a7163965abc3e9b4498890d206e663778c96,artifact/results/raw/crc8_step/extract/clang_o2.out,cce644f78658d160a477e4f22ca1aee276630896d90cec41b818cc0eb485b270,artifact/results/raw/crc8_step/extract/clang_o2.s,69c53864a26a64ad5dd76aca9cdafbb00833a8a6d0c5df3305b1916f8f7dbd5f,artifact/results/independent_recheck.json,EXECUTED,"65,536 ordered byte-pair cases; retained output and assembly bound to certificate."
FINITE-crc8_step-dependency_upgrade-gcc-O0,FINITE_EXHAUSTIVE_COMPILER_CELL,crc8_step,dependency_upgrade,gcc,-O0,gcc -std=c11 -Wall -Wextra -Werror -O0 artifact/benchmark/generated/crc8_step/dependency_upgrade/kernel.c -o artifact/results/raw/crc8_step/dependency_upgrade/gcc_o0,gcc (Debian 14.2.0-19) 14.2.0,source=774769bbd2781c6315f246a95099ad2e40987c44cbf2a4d32ede7662d54edb06;reference=cce644f78658d160a477e4f22ca1aee276630896d90cec41b818cc0eb485b270;manifest=4f087eb28cb99db576d536df1ee5a7163965abc3e9b4498890d206e663778c96,artifact/results/raw/crc8_step/dependency_upgrade/gcc_o0.out,cce644f78658d160a477e4f22ca1aee276630896d90cec41b818cc0eb485b270,artifact/results/raw/crc8_step/dependency_upgrade/gcc_o0.s,8c2da2ad3f4b00ecdcdb46854bb5a00e8e857c28d56c40060f1b05691cd39afc,artifact/results/independent_recheck.json,EXECUTED,"65,536 ordered byte-pair cases; retained output and assembly bound to certificate."
FINITE-crc8_step-dependency_upgrade-gcc-O2,FINITE_EXHAUSTIVE_COMPILER_CELL,crc8_step,dependency_upgrade,gcc,-O2,gcc -std=c11 -Wall -Wextra -Werror -O2 artifact/benchmark/generated/crc8_step/dependency_upgrade/kernel.c -o artifact/results/raw/crc8_step/dependency_upgrade/gcc_o2,gcc (Debian 14.2.0-19) 14.2.0,source=774769bbd2781c6315f246a95099ad2e40987c44cbf2a4d32ede7662d54edb06;reference=cce644f78658d160a477e4f22ca1aee276630896d90cec41b818cc0eb485b270;manifest=4f087eb28cb99db576d536df1ee5a7163965abc3e9b4498890d206e663778c96,artifact/results/raw/crc8_step/dependency_upgrade/gcc_o2.out,cce644f78658d160a477e4f22ca1aee276630896d90cec41b818cc0eb485b270,artifact/results/raw/crc8_step/dependency_upgrade/gcc_o2.s,2d5c2359790ab462e10a22c749c6da35c8cf3ecfb38c1a7af5f5aaeeb8273227,artifact/results/independent_recheck.json,EXECUTED,"65,536 ordered byte-pair cases; retained output and assembly bound to certificate."
FINITE-crc8_step-dependency_upgrade-clang-O0,FINITE_EXHAUSTIVE_COMPILER_CELL,crc8_step,dependency_upgrade,clang,-O0,clang -std=c11 -Wall -Wextra -Werror -O0 artifact/benchmark/generated/crc8_step/dependency_upgrade/kernel.c -o artifact/results/raw/crc8_step/dependency_upgrade/clang_o0,clang version 17.0.0 (https://github.com/swiftlang/llvm-project.git 10999b6d034fe318f3d56c83bddb6572593a8bb0),source=774769bbd2781c6315f246a95099ad2e40987c44cbf2a4d32ede7662d54edb06;reference=cce644f78658d160a477e4f22ca1aee276630896d90cec41b818cc0eb485b270;manifest=4f087eb28cb99db576d536df1ee5a7163965abc3e9b4498890d206e663778c96,artifact/results/raw/crc8_step/dependency_upgrade/clang_o0.out,cce644f78658d160a477e4f22ca1aee276630896d90cec41b818cc0eb485b270,artifact/results/raw/crc8_step/dependency_upgrade/clang_o0.s,4736a6d4b6b2cd4cd7c3b462b1d8ad26144843a9024c787d8e6a74282e92bd0e,artifact/results/independent_recheck.json,EXECUTED,"65,536 ordered byte-pair cases; retained output and assembly bound to certificate."
FINITE-crc8_step-dependency_upgrade-clang-O2,FINITE_EXHAUSTIVE_COMPILER_CELL,crc8_step,dependency_upgrade,clang,-O2,clang -std=c11 -Wall -Wextra -Werror -O2 artifact/benchmark/generated/crc8_step/dependency_upgrade/kernel.c -o artifact/results/raw/crc8_step/dependency_upgrade/clang_o2,clang version 17.0.0 (https://github.com/swiftlang/llvm-project.git 10999b6d034fe318f3d56c83bddb6572593a8bb0),source=774769bbd2781c6315f246a95099ad2e40987c44cbf2a4d32ede7662d54edb06;reference=cce644f78658d160a477e4f22ca1aee276630896d90cec41b818cc0eb485b270;manifest=4f087eb28cb99db576d536df1ee5a7163965abc3e9b4498890d206e663778c96,artifact/results/raw/crc8_step/dependency_upgrade/clang_o2.out,cce644f78658d160a477e4f22ca1aee276630896d90cec41b818cc0eb485b270,artifact/results/raw/crc8_step/dependency_upgrade/clang_o2.s,69c53864a26a64ad5dd76aca9cdafbb00833a8a6d0c5df3305b1916f8f7dbd5f,artifact/results/independent_recheck.json,EXECUTED,"65,536 ordered byte-pair cases; retained output and assembly bound to certificate."
FINITE-crc8_step-format-gcc-O0,FINITE_EXHAUSTIVE_COMPILER_CELL,crc8_step,format,gcc,-O0,gcc -std=c11 -Wall -Wextra -Werror -O0 artifact/benchmark/generated/crc8_step/format/kernel.c -o artifact/results/raw/crc8_step/format/gcc_o0,gcc (Debian 14.2.0-19) 14.2.0,source=0d44ba48e02a18b6a50b98d0b25a983a6010efa05045a97c736c7683af5b3e48;reference=cce644f78658d160a477e4f22ca1aee276630896d90cec41b818cc0eb485b270;manifest=4f087eb28cb99db576d536df1ee5a7163965abc3e9b4498890d206e663778c96,artifact/results/raw/crc8_step/format/gcc_o0.out,cce644f78658d160a477e4f22ca1aee276630896d90cec41b818cc0eb485b270,artifact/results/raw/crc8_step/format/gcc_o0.s,8c2da2ad3f4b00ecdcdb46854bb5a00e8e857c28d56c40060f1b05691cd39afc,artifact/results/independent_recheck.json,EXECUTED,"65,536 ordered byte-pair cases; retained output and assembly bound to certificate."
FINITE-crc8_step-format-gcc-O2,FINITE_EXHAUSTIVE_COMPILER_CELL,crc8_step,format,gcc,-O2,gcc -std=c11 -Wall -Wextra -Werror -O2 artifact/benchmark/generated/crc8_step/format/kernel.c -o artifact/results/raw/crc8_step/format/gcc_o2,gcc (Debian 14.2.0-19) 14.2.0,source=0d44ba48e02a18b6a50b98d0b25a983a6010efa05045a97c736c7683af5b3e48;reference=cce644f78658d160a477e4f22ca1aee276630896d90cec41b818cc0eb485b270;manifest=4f087eb28cb99db576d536df1ee5a7163965abc3e9b4498890d206e663778c96,artifact/results/raw/crc8_step/format/gcc_o2.out,cce644f78658d160a477e4f22ca1aee276630896d90cec41b818cc0eb485b270,artifact/results/raw/crc8_step/format/gcc_o2.s,2d5c2359790ab462e10a22c749c6da35c8cf3ecfb38c1a7af5f5aaeeb8273227,artifact/results/independent_recheck.json,EXECUTED,"65,536 ordered byte-pair cases; retained output and assembly bound to certificate."
FINITE-crc8_step-format-clang-O0,FINITE_EXHAUSTIVE_COMPILER_CELL,crc8_step,format,clang,-O0,clang -std=c11 -Wall -Wextra -Werror -O0 artifact/benchmark/generated/crc8_step/format/kernel.c -o artifact/results/raw/crc8_step/format/clang_o0,clang version 17.0.0 (https://github.com/swiftlang/llvm-project.git 10999b6d034fe318f3d56c83bddb6572593a8bb0),source=0d44ba48e02a18b6a50b98d0b25a983a6010efa05045a97c736c7683af5b3e48;reference=cce644f78658d160a477e4f22ca1aee276630896d90cec41b818cc0eb485b270;manifest=4f087eb28cb99db576d536df1ee5a7163965abc3e9b4498890d206e663778c96,artifact/results/raw/crc8_step/format/clang_o0.out,cce644f78658d160a477e4f22ca1aee276630896d90cec41b818cc0eb485b270,artifact/results/raw/crc8_step/format/clang_o0.s,4736a6d4b6b2cd4cd7c3b462b1d8ad26144843a9024c787d8e6a74282e92bd0e,artifact/results/independent_recheck.json,EXECUTED,"65,536 ordered byte-pair cases; retained output and assembly bound to certificate."
FINITE-crc8_step-format-clang-O2,FINITE_EXHAUSTIVE_COMPILER_CELL,crc8_step,format,clang,-O2,clang -std=c11 -Wall -Wextra -Werror -O2 artifact/benchmark/generated/crc8_step/format/kernel.c -o artifact/results/raw/crc8_step/format/clang_o2,clang version 17.0.0 (https://github.com/swiftlang/llvm-project.git 10999b6d034fe318f3d56c83bddb6572593a8bb0),source=0d44ba48e02a18b6a50b98d0b25a983a6010efa05045a97c736c7683af5b3e48;reference=cce644f78658d160a477e4f22ca1aee276630896d90cec41b818cc0eb485b270;manifest=4f087eb28cb99db576d536df1ee5a7163965abc3e9b4498890d206e663778c96,artifact/results/raw/crc8_step/format/clang_o2.out,cce644f78658d160a477e4f22ca1aee276630896d90cec41b818cc0eb485b270,artifact/results/raw/crc8_step/format/clang_o2.s,69c53864a26a64ad5dd76aca9cdafbb00833a8a6d0c5df3305b1916f8f7dbd5f,artifact/results/independent_recheck.json,EXECUTED,"65,536 ordered byte-pair cases; retained output and assembly bound to certificate."
FINITE-crc8_step-erase_tolerable-gcc-O0,FINITE_EXHAUSTIVE_COMPILER_CELL,crc8_step,erase_tolerable,gcc,-O0,gcc -std=c11 -Wall -Wextra -Werror -O0 artifact/benchmark/generated/crc8_step/erase_tolerable/kernel.c -o artifact/results/raw/crc8_step/erase_tolerable/gcc_o0,gcc (Debian 14.2.0-19) 14.2.0,source=af40e2f794f5e578baa72aad5ab2b7c8fb78ab9855623da05afc43c9b5a4bb6d;reference=cce644f78658d160a477e4f22ca1aee276630896d90cec41b818cc0eb485b270;manifest=4f087eb28cb99db576d536df1ee5a7163965abc3e9b4498890d206e663778c96,artifact/results/raw/crc8_step/erase_tolerable/gcc_o0.out,cce644f78658d160a477e4f22ca1aee276630896d90cec41b818cc0eb485b270,artifact/results/raw/crc8_step/erase_tolerable/gcc_o0.s,c3494f11f1bdad3fa155eb15dbdb0b8a338229b7bc973c1bfac94c1c07f9375c,artifact/results/independent_recheck.json,EXECUTED,"65,536 ordered byte-pair cases; retained output and assembly bound to certificate."
FINITE-crc8_step-erase_tolerable-gcc-O2,FINITE_EXHAUSTIVE_COMPILER_CELL,crc8_step,erase_tolerable,gcc,-O2,gcc -std=c11 -Wall -Wextra -Werror -O2 artifact/benchmark/generated/crc8_step/erase_tolerable/kernel.c -o artifact/results/raw/crc8_step/erase_tolerable/gcc_o2,gcc (Debian 14.2.0-19) 14.2.0,source=af40e2f794f5e578baa72aad5ab2b7c8fb78ab9855623da05afc43c9b5a4bb6d;reference=cce644f78658d160a477e4f22ca1aee276630896d90cec41b818cc0eb485b270;manifest=4f087eb28cb99db576d536df1ee5a7163965abc3e9b4498890d206e663778c96,artifact/results/raw/crc8_step/erase_tolerable/gcc_o2.out,cce644f78658d160a477e4f22ca1aee276630896d90cec41b818cc0eb485b270,artifact/results/raw/crc8_step/erase_tolerable/gcc_o2.s,78bd6be3b52e2370dc23a8d70c68c611a68ded028929cd0e2563bc167da3be1b,artifact/results/independent_recheck.json,EXECUTED,"65,536 ordered byte-pair cases; retained output and assembly bound to certificate."
FINITE-crc8_step-erase_tolerable-clang-O0,FINITE_EXHAUSTIVE_COMPILER_CELL,crc8_step,erase_tolerable,clang,-O0,clang -std=c11 -Wall -Wextra -Werror -O0 artifact/benchmark/generated/crc8_step/erase_tolerable/kernel.c -o artifact/results/raw/crc8_step/erase_tolerable/clang_o0,clang version 17.0.0 (https://github.com/swiftlang/llvm-project.git 10999b6d034fe318f3d56c83bddb6572593a8bb0),source=af40e2f794f5e578baa72aad5ab2b7c8fb78ab9855623da05afc43c9b5a4bb6d;reference=cce644f78658d160a477e4f22ca1aee276630896d90cec41b818cc0eb485b270;manifest=4f087eb28cb99db576d536df1ee5a7163965abc3e9b4498890d206e663778c96,artifact/results/raw/crc8_step/erase_tolerable/clang_o0.out,cce644f78658d160a477e4f22ca1aee276630896d90cec41b818cc0eb485b270,artifact/results/raw/crc8_step/erase_tolerable/clang_o0.s,e77b415c94f957bb68f0d6452935b54b517a24e9615927f190b40bd228f0362b,artifact/results/independent_recheck.json,EXECUTED,"65,536 ordered byte-pair cases; retained output and assembly bound to certificate."
FINITE-crc8_step-erase_tolerable-clang-O2,FINITE_EXHAUSTIVE_COMPILER_CELL,crc8_step,erase_tolerable,clang,-O2,clang -std=c11 -Wall -Wextra -Werror -O2 artifact/benchmark/generated/crc8_step/erase_tolerable/kernel.c -o artifact/results/raw/crc8_step/erase_tolerable/clang_o2,clang version 17.0.0 (https://github.com/swiftlang/llvm-project.git 10999b6d034fe318f3d56c83bddb6572593a8bb0),source=af40e2f794f5e578baa72aad5ab2b7c8fb78ab9855623da05afc43c9b5a4bb6d;reference=cce644f78658d160a477e4f22ca1aee276630896d90cec41b818cc0eb485b270;manifest=4f087eb28cb99db576d536df1ee5a7163965abc3e9b4498890d206e663778c96,artifact/results/raw/crc8_step/erase_tolerable/clang_o2.out,cce644f78658d160a477e4f22ca1aee276630896d90cec41b818cc0eb485b270,artifact/results/raw/crc8_step/erase_tolerable/clang_o2.s,69c53864a26a64ad5dd76aca9cdafbb00833a8a6d0c5df3305b1916f8f7dbd5f,artifact/results/independent_recheck.json,EXECUTED,"65,536 ordered byte-pair cases; retained output and assembly bound to certificate."
FINITE-crc8_step-merge_tolerable-gcc-O0,FINITE_EXHAUSTIVE_COMPILER_CELL,crc8_step,merge_tolerable,gcc,-O0,gcc -std=c11 -Wall -Wextra -Werror -O0 artifact/benchmark/generated/crc8_step/merge_tolerable/kernel.c -o artifact/results/raw/crc8_step/merge_tolerable/gcc_o0,gcc (Debian 14.2.0-19) 14.2.0,source=7203a69b8089425a0ee958e26c99618a2d363b8c8188eca47b127ec0e3f4ef06;reference=cce644f78658d160a477e4f22ca1aee276630896d90cec41b818cc0eb485b270;manifest=4f087eb28cb99db576d536df1ee5a7163965abc3e9b4498890d206e663778c96,artifact/results/raw/crc8_step/merge_tolerable/gcc_o0.out,cce644f78658d160a477e4f22ca1aee276630896d90cec41b818cc0eb485b270,artifact/results/raw/crc8_step/merge_tolerable/gcc_o0.s,c3494f11f1bdad3fa155eb15dbdb0b8a338229b7bc973c1bfac94c1c07f9375c,artifact/results/independent_recheck.json,EXECUTED,"65,536 ordered byte-pair cases; retained output and assembly bound to certificate."
FINITE-crc8_step-merge_tolerable-gcc-O2,FINITE_EXHAUSTIVE_COMPILER_CELL,crc8_step,merge_tolerable,gcc,-O2,gcc -std=c11 -Wall -Wextra -Werror -O2 artifact/benchmark/generated/crc8_step/merge_tolerable/kernel.c -o artifact/results/raw/crc8_step/merge_tolerable/gcc_o2,gcc (Debian 14.2.0-19) 14.2.0,source=7203a69b8089425a0ee958e26c99618a2d363b8c8188eca47b127ec0e3f4ef06;reference=cce644f78658d160a477e4f22ca1aee276630896d90cec41b818cc0eb485b270;manifest=4f087eb28cb99db576d536df1ee5a7163965abc3e9b4498890d206e663778c96,artifact/results/raw/crc8_step/merge_tolerable/gcc_o2.out,cce644f78658d160a477e4f22ca1aee276630896d90cec41b818cc0eb485b270,artifact/results/raw/crc8_step/merge_tolerable/gcc_o2.s,78bd6be3b52e2370dc23a8d70c68c611a68ded028929cd0e2563bc167da3be1b,artifact/results/independent_recheck.json,EXECUTED,"65,536 ordered byte-pair cases; retained output and assembly bound to certificate."
FINITE-crc8_step-merge_tolerable-clang-O0,FINITE_EXHAUSTIVE_COMPILER_CELL,crc8_step,merge_tolerable,clang,-O0,clang -std=c11 -Wall -Wextra -Werror -O0 artifact/benchmark/generated/crc8_step/merge_tolerable/kernel.c -o artifact/results/raw/crc8_step/merge_tolerable/clang_o0,clang version 17.0.0 (https://github.com/swiftlang/llvm-project.git 10999b6d034fe318f3d56c83bddb6572593a8bb0),source=7203a69b8089425a0ee958e26c99618a2d363b8c8188eca47b127ec0e3f4ef06;reference=cce644f78658d160a477e4f22ca1aee276630896d90cec41b818cc0eb485b270;manifest=4f087eb28cb99db576d536df1ee5a7163965abc3e9b4498890d206e663778c96,artifact/results/raw/crc8_step/merge_tolerable/clang_o0.out,cce644f78658d160a477e4f22ca1aee276630896d90cec41b818cc0eb485b270,artifact/results/raw/crc8_step/merge_tolerable/clang_o0.s,e77b415c94f957bb68f0d6452935b54b517a24e9615927f190b40bd228f0362b,artifact/results/independent_recheck.json,EXECUTED,"65,536 ordered byte-pair cases; retained output and assembly bound to certificate."
FINITE-crc8_step-merge_tolerable-clang-O2,FINITE_EXHAUSTIVE_COMPILER_CELL,crc8_step,merge_tolerable,clang,-O2,clang -std=c11 -Wall -Wextra -Werror -O2 artifact/benchmark/generated/crc8_step/merge_tolerable/kernel.c -o artifact/results/raw/crc8_step/merge_tolerable/clang_o2,clang version 17.0.0 (https://github.com/swiftlang/llvm-project.git 10999b6d034fe318f3d56c83bddb6572593a8bb0),source=7203a69b8089425a0ee958e26c99618a2d363b8c8188eca47b127ec0e3f4ef06;reference=cce644f78658d160a477e4f22ca1aee276630896d90cec41b818cc0eb485b270;manifest=4f087eb28cb99db576d536df1ee5a7163965abc3e9b4498890d206e663778c96,artifact/results/raw/crc8_step/merge_tolerable/clang_o2.out,cce644f78658d160a477e4f22ca1aee276630896d90cec41b818cc0eb485b270,artifact/results/raw/crc8_step/merge_tolerable/clang_o2.s,69c53864a26a64ad5dd76aca9cdafbb00833a8a6d0c5df3305b1916f8f7dbd5f,artifact/results/independent_recheck.json,EXECUTED,"65,536 ordered byte-pair cases; retained output and assembly bound to certificate."
FINITE-crc8_step-flip_tolerable-gcc-O0,FINITE_EXHAUSTIVE_COMPILER_CELL,crc8_step,flip_tolerable,gcc,-O0,gcc -std=c11 -Wall -Wextra -Werror -O0 artifact/benchmark/generated/crc8_step/flip_tolerable/kernel.c -o artifact/results/raw/crc8_step/flip_tolerable/gcc_o0,gcc (Debian 14.2.0-19) 14.2.0,source=486bd5078cdb42c46afedf7ea7b9dac89198eefeb523a7dafb82e2a98c1c0bd4;reference=cce644f78658d160a477e4f22ca1aee276630896d90cec41b818cc0eb485b270;manifest=4f087eb28cb99db576d536df1ee5a7163965abc3e9b4498890d206e663778c96,artifact/results/raw/crc8_step/flip_tolerable/gcc_o0.out,cce644f78658d160a477e4f22ca1aee276630896d90cec41b818cc0eb485b270,artifact/results/raw/crc8_step/flip_tolerable/gcc_o0.s,6a8a125a551bf6e9ebce01aa233eb8df28012c96c3132a473336ce203d4c9e6e,artifact/results/independent_recheck.json,EXECUTED,"65,536 ordered byte-pair cases; retained output and assembly bound to certificate."
FINITE-crc8_step-flip_tolerable-gcc-O2,FINITE_EXHAUSTIVE_COMPILER_CELL,crc8_step,flip_tolerable,gcc,-O2,gcc -std=c11 -Wall -Wextra -Werror -O2 artifact/benchmark/generated/crc8_step/flip_tolerable/kernel.c -o artifact/results/raw/crc8_step/flip_tolerable/gcc_o2,gcc (Debian 14.2.0-19) 14.2.0,source=486bd5078cdb42c46afedf7ea7b9dac89198eefeb523a7dafb82e2a98c1c0bd4;reference=cce644f78658d160a477e4f22ca1aee276630896d90cec41b818cc0eb485b270;manifest=4f087eb28cb99db576d536df1ee5a7163965abc3e9b4498890d206e663778c96,artifact/results/raw/crc8_step/flip_tolerable/gcc_o2.out,cce644f78658d160a477e4f22ca1aee276630896d90cec41b818cc0eb485b270,artifact/results/raw/crc8_step/flip_tolerable/gcc_o2.s,78bd6be3b52e2370dc23a8d70c68c611a68ded028929cd0e2563bc167da3be1b,artifact/results/independent_recheck.json,EXECUTED,"65,536 ordered byte-pair cases; retained output and assembly bound to certificate."
FINITE-crc8_step-flip_tolerable-clang-O0,FINITE_EXHAUSTIVE_COMPILER_CELL,crc8_step,flip_tolerable,clang,-O0,clang -std=c11 -Wall -Wextra -Werror -O0 artifact/benchmark/generated/crc8_step/flip_tolerable/kernel.c -o artifact/results/raw/crc8_step/flip_tolerable/clang_o0,clang version 17.0.0 (https://github.com/swiftlang/llvm-project.git 10999b6d034fe318f3d56c83bddb6572593a8bb0),source=486bd5078cdb42c46afedf7ea7b9dac89198eefeb523a7dafb82e2a98c1c0bd4;reference=cce644f78658d160a477e4f22ca1aee276630896d90cec41b818cc0eb485b270;manifest=4f087eb28cb99db576d536df1ee5a7163965abc3e9b4498890d206e663778c96,artifact/results/raw/crc8_step/flip_tolerable/clang_o0.out,cce644f78658d160a477e4f22ca1aee276630896d90cec41b818cc0eb485b270,artifact/results/raw/crc8_step/flip_tolerable/clang_o0.s,d5046dd092a0bbf4abc792e8092264b237f851c7feea034ab3fa539f10dc49ba,artifact/results/independent_recheck.json,EXECUTED,"65,536 ordered byte-pair cases; retained output and assembly bound to certificate."
FINITE-crc8_step-flip_tolerable-clang-O2,FINITE_EXHAUSTIVE_COMPILER_CELL,crc8_step,flip_tolerable,clang,-O2,clang -std=c11 -Wall -Wextra -Werror -O2 artifact/benchmark/generated/crc8_step/flip_tolerable/kernel.c -o artifact/results/raw/crc8_step/flip_tolerable/clang_o2,clang version 17.0.0 (https://github.com/swiftlang/llvm-project.git 10999b6d034fe318f3d56c83bddb6572593a8bb0),source=486bd5078cdb42c46afedf7ea7b9dac89198eefeb523a7dafb82e2a98c1c0bd4;reference=cce644f78658d160a477e4f22ca1aee276630896d90cec41b818cc0eb485b270;manifest=4f087eb28cb99db576d536df1ee5a7163965abc3e9b4498890d206e663778c96,artifact/results/raw/crc8_step/flip_tolerable/clang_o2.out,cce644f78658d160a477e4f22ca1aee276630896d90cec41b818cc0eb485b270,artifact/results/raw/crc8_step/flip_tolerable/clang_o2.s,69c53864a26a64ad5dd76aca9cdafbb00833a8a6d0c5df3305b1916f8f7dbd5f,artifact/results/independent_recheck.json,EXECUTED,"65,536 ordered byte-pair cases; retained output and assembly bound to certificate."
FINITE-crc8_step-recovery_break-gcc-O0,FINITE_EXHAUSTIVE_COMPILER_CELL,crc8_step,recovery_break,gcc,-O0,gcc -std=c11 -Wall -Wextra -Werror -O0 artifact/benchmark/generated/crc8_step/recovery_break/kernel.c -o artifact/results/raw/crc8_step/recovery_break/gcc_o0,gcc (Debian 14.2.0-19) 14.2.0,source=ada7a076aad7fa02cfbf0cf98821a432eecd326d6f918076eb81cc79cb6b6356;reference=cce644f78658d160a477e4f22ca1aee276630896d90cec41b818cc0eb485b270;manifest=4f087eb28cb99db576d536df1ee5a7163965abc3e9b4498890d206e663778c96,artifact/results/raw/crc8_step/recovery_break/gcc_o0.out,cce644f78658d160a477e4f22ca1aee276630896d90cec41b818cc0eb485b270,artifact/results/raw/crc8_step/recovery_break/gcc_o0.s,c6cc19dd6da94017c13cf65356031b14e29226ee856664e5d11b2dca37b1b26b,artifact/results/independent_recheck.json,EXECUTED,"65,536 ordered byte-pair cases; retained output and assembly bound to certificate."
FINITE-crc8_step-recovery_break-gcc-O2,FINITE_EXHAUSTIVE_COMPILER_CELL,crc8_step,recovery_break,gcc,-O2,gcc -std=c11 -Wall -Wextra -Werror -O2 artifact/benchmark/generated/crc8_step/recovery_break/kernel.c -o artifact/results/raw/crc8_step/recovery_break/gcc_o2,gcc (Debian 14.2.0-19) 14.2.0,source=ada7a076aad7fa02cfbf0cf98821a432eecd326d6f918076eb81cc79cb6b6356;reference=cce644f78658d160a477e4f22ca1aee276630896d90cec41b818cc0eb485b270;manifest=4f087eb28cb99db576d536df1ee5a7163965abc3e9b4498890d206e663778c96,artifact/results/raw/crc8_step/recovery_break/gcc_o2.out,cce644f78658d160a477e4f22ca1aee276630896d90cec41b818cc0eb485b270,artifact/results/raw/crc8_step/recovery_break/gcc_o2.s,cfb6e9cd62e85a60aeb4eb340d466a30c8e2f1c834680c146e1b22284c55084a,artifact/results/independent_recheck.json,EXECUTED,"65,536 ordered byte-pair cases; retained output and assembly bound to certificate."
FINITE-crc8_step-recovery_break-clang-O0,FINITE_EXHAUSTIVE_COMPILER_CELL,crc8_step,recovery_break,clang,-O0,clang -std=c11 -Wall -Wextra -Werror -O0 artifact/benchmark/generated/crc8_step/recovery_break/kernel.c -o artifact/results/raw/crc8_step/recovery_break/clang_o0,clang version 17.0.0 (https://github.com/swiftlang/llvm-project.git 10999b6d034fe318f3d56c83bddb6572593a8bb0),source=ada7a076aad7fa02cfbf0cf98821a432eecd326d6f918076eb81cc79cb6b6356;reference=cce644f78658d160a477e4f22ca1aee276630896d90cec41b818cc0eb485b270;manifest=4f087eb28cb99db576d536df1ee5a7163965abc3e9b4498890d206e663778c96,artifact/results/raw/crc8_step/recovery_break/clang_o0.out,cce644f78658d160a477e4f22ca1aee276630896d90cec41b818cc0eb485b270,artifact/results/raw/crc8_step/recovery_break/clang_o0.s,6a7341684ecc31f25a182874ae68dd5ceb2f3415d2db5ac1d0e182083fad989a,artifact/results/independent_recheck.json,EXECUTED,"65,536 ordered byte-pair cases; retained output and assembly bound to certificate."
FINITE-crc8_step-recovery_break-clang-O2,FINITE_EXHAUSTIVE_COMPILER_CELL,crc8_step,recovery_break,clang,-O2,clang -std=c11 -Wall -Wextra -Werror -O2 artifact/benchmark/generated/crc8_step/recovery_break/kernel.c -o artifact/results/raw/crc8_step/recovery_break/clang_o2,clang version 17.0.0 (https://github.com/swiftlang/llvm-project.git 10999b6d034fe318f3d56c83bddb6572593a8bb0),source=ada7a076aad7fa02cfbf0cf98821a432eecd326d6f918076eb81cc79cb6b6356;reference=cce644f78658d160a477e4f22ca1aee276630896d90cec41b818cc0eb485b270;manifest=4f087eb28cb99db576d536df1ee5a7163965abc3e9b4498890d206e663778c96,artifact/results/raw/crc8_step/recovery_break/clang_o2.out,cce644f78658d160a477e4f22ca1aee276630896d90cec41b818cc0eb485b270,artifact/results/raw/crc8_step/recovery_break/clang_o2.s,69c53864a26a64ad5dd76aca9cdafbb00833a8a6d0c5df3305b1916f8f7dbd5f,artifact/results/independent_recheck.json,EXECUTED,"65,536 ordered byte-pair cases; retained output and assembly bound to certificate."
FINITE-crc8_step-reseed-gcc-O0,FINITE_EXHAUSTIVE_COMPILER_CELL,crc8_step,reseed,gcc,-O0,gcc -std=c11 -Wall -Wextra -Werror -O0 artifact/benchmark/generated/crc8_step/reseed/kernel.c -o artifact/results/raw/crc8_step/reseed/gcc_o0,gcc (Debian 14.2.0-19) 14.2.0,source=6616a34e240478d19616a41a38c554576c9010ffc1ad974b28f5cf8d64f4e8c1;reference=cce644f78658d160a477e4f22ca1aee276630896d90cec41b818cc0eb485b270;manifest=69094f2523add948f0a4b836c03cbd793d6b349a45af5c0d79e37d2952d0a4cc,artifact/results/raw/crc8_step/reseed/gcc_o0.out,cce644f78658d160a477e4f22ca1aee276630896d90cec41b818cc0eb485b270,artifact/results/raw/crc8_step/reseed/gcc_o0.s,1614c8c02a13ddf2adfe8c77c84772591cb315b914ff38d673330d2a1fde1523,artifact/results/independent_recheck.json,EXECUTED,"65,536 ordered byte-pair cases; retained output and assembly bound to certificate."
FINITE-crc8_step-reseed-gcc-O2,FINITE_EXHAUSTIVE_COMPILER_CELL,crc8_step,reseed,gcc,-O2,gcc -std=c11 -Wall -Wextra -Werror -O2 artifact/benchmark/generated/crc8_step/reseed/kernel.c -o artifact/results/raw/crc8_step/reseed/gcc_o2,gcc (Debian 14.2.0-19) 14.2.0,source=6616a34e240478d19616a41a38c554576c9010ffc1ad974b28f5cf8d64f4e8c1;reference=cce644f78658d160a477e4f22ca1aee276630896d90cec41b818cc0eb485b270;manifest=69094f2523add948f0a4b836c03cbd793d6b349a45af5c0d79e37d2952d0a4cc,artifact/results/raw/crc8_step/reseed/gcc_o2.out,cce644f78658d160a477e4f22ca1aee276630896d90cec41b818cc0eb485b270,artifact/results/raw/crc8_step/reseed/gcc_o2.s,2d5c2359790ab462e10a22c749c6da35c8cf3ecfb38c1a7af5f5aaeeb8273227,artifact/results/independent_recheck.json,EXECUTED,"65,536 ordered byte-pair cases; retained output and assembly bound to certificate."
FINITE-crc8_step-reseed-clang-O0,FINITE_EXHAUSTIVE_COMPILER_CELL,crc8_step,reseed,clang,-O0,clang -std=c11 -Wall -Wextra -Werror -O0 artifact/benchmark/generated/crc8_step/reseed/kernel.c -o artifact/results/raw/crc8_step/reseed/clang_o0,clang version 17.0.0 (https://github.com/swiftlang/llvm-project.git 10999b6d034fe318f3d56c83bddb6572593a8bb0),source=6616a34e240478d19616a41a38c554576c9010ffc1ad974b28f5cf8d64f4e8c1;reference=cce644f78658d160a477e4f22ca1aee276630896d90cec41b818cc0eb485b270;manifest=69094f2523add948f0a4b836c03cbd793d6b349a45af5c0d79e37d2952d0a4cc,artifact/results/raw/crc8_step/reseed/clang_o0.out,cce644f78658d160a477e4f22ca1aee276630896d90cec41b818cc0eb485b270,artifact/results/raw/crc8_step/reseed/clang_o0.s,4b08c1d75477c8161d2aa4d395ec3675edc937410d422558a21d7c7dde6384dd,artifact/results/independent_recheck.json,EXECUTED,"65,536 ordered byte-pair cases; retained output and assembly bound to certificate."
FINITE-crc8_step-reseed-clang-O2,FINITE_EXHAUSTIVE_COMPILER_CELL,crc8_step,reseed,clang,-O2,clang -std=c11 -Wall -Wextra -Werror -O2 artifact/benchmark/generated/crc8_step/reseed/kernel.c -o artifact/results/raw/crc8_step/reseed/clang_o2,clang version 17.0.0 (https://github.com/swiftlang/llvm-project.git 10999b6d034fe318f3d56c83bddb6572593a8bb0),source=6616a34e240478d19616a41a38c554576c9010ffc1ad974b28f5cf8d64f4e8c1;reference=cce644f78658d160a477e4f22ca1aee276630896d90cec41b818cc0eb485b270;manifest=69094f2523add948f0a4b836c03cbd793d6b349a45af5c0d79e37d2952d0a4cc,artifact/results/raw/crc8_step/reseed/clang_o2.out,cce644f78658d160a477e4f22ca1aee276630896d90cec41b818cc0eb485b270,artifact/results/raw/crc8_step/reseed/clang_o2.s,69c53864a26a64ad5dd76aca9cdafbb00833a8a6d0c5df3305b1916f8f7dbd5f,artifact/results/independent_recheck.json,EXECUTED,"65,536 ordered byte-pair cases; retained output and assembly bound to certificate."
FINITE-crc8_step-behavior_drift-gcc-O0,FINITE_EXHAUSTIVE_COMPILER_CELL,crc8_step,behavior_drift,gcc,-O0,gcc -std=c11 -Wall -Wextra -Werror -O0 artifact/benchmark/generated/crc8_step/behavior_drift/kernel.c -o artifact/results/raw/crc8_step/behavior_drift/gcc_o0,gcc (Debian 14.2.0-19) 14.2.0,source=dc03f008aa68f716c4627362414aa72c4dec905b8bfb570c1593e089f5af981d;reference=cce644f78658d160a477e4f22ca1aee276630896d90cec41b818cc0eb485b270;manifest=4f087eb28cb99db576d536df1ee5a7163965abc3e9b4498890d206e663778c96,artifact/results/raw/crc8_step/behavior_drift/gcc_o0.out,828ad8a0d83092c984d7031232553bf7789932b396cf928164c4acc8328eb1cd,artifact/results/raw/crc8_step/behavior_drift/gcc_o0.s,fdf11f61a3f5fa8ff88ee67ef1644a58012befad1b382f6728dbd109f61ec519,artifact/results/independent_recheck.json,EXECUTED,"65,536 ordered byte-pair cases; retained output and assembly bound to certificate."
FINITE-crc8_step-behavior_drift-gcc-O2,FINITE_EXHAUSTIVE_COMPILER_CELL,crc8_step,behavior_drift,gcc,-O2,gcc -std=c11 -Wall -Wextra -Werror -O2 artifact/benchmark/generated/crc8_step/behavior_drift/kernel.c -o artifact/results/raw/crc8_step/behavior_drift/gcc_o2,gcc (Debian 14.2.0-19) 14.2.0,source=dc03f008aa68f716c4627362414aa72c4dec905b8bfb570c1593e089f5af981d;reference=cce644f78658d160a477e4f22ca1aee276630896d90cec41b818cc0eb485b270;manifest=4f087eb28cb99db576d536df1ee5a7163965abc3e9b4498890d206e663778c96,artifact/results/raw/crc8_step/behavior_drift/gcc_o2.out,828ad8a0d83092c984d7031232553bf7789932b396cf928164c4acc8328eb1cd,artifact/results/raw/crc8_step/behavior_drift/gcc_o2.s,09a02c260195d4ddcf9347e5c103420a468ca2b5155695388ef2e94f92d228a1,artifact/results/independent_recheck.json,EXECUTED,"65,536 ordered byte-pair cases; retained output and assembly bound to certificate."
FINITE-crc8_step-behavior_drift-clang-O0,FINITE_EXHAUSTIVE_COMPILER_CELL,crc8_step,behavior_drift,clang,-O0,clang -std=c11 -Wall -Wextra -Werror -O0 artifact/benchmark/generated/crc8_step/behavior_drift/kernel.c -o artifact/results/raw/crc8_step/behavior_drift/clang_o0,clang version 17.0.0 (https://github.com/swiftlang/llvm-project.git 10999b6d034fe318f3d56c83bddb6572593a8bb0),source=dc03f008aa68f716c4627362414aa72c4dec905b8bfb570c1593e089f5af981d;reference=cce644f78658d160a477e4f22ca1aee276630896d90cec41b818cc0eb485b270;manifest=4f087eb28cb99db576d536df1ee5a7163965abc3e9b4498890d206e663778c96,artifact/results/raw/crc8_step/behavior_drift/clang_o0.out,828ad8a0d83092c984d7031232553bf7789932b396cf928164c4acc8328eb1cd,artifact/results/raw/crc8_step/behavior_drift/clang_o0.s,f5a05795fa25e06bd924e65dc9f2cbc2edbd706c0e2ed1e5949bf7feae1fc03b,artifact/results/independent_recheck.json,EXECUTED,"65,536 ordered byte-pair cases; retained output and assembly bound to certificate."
FINITE-crc8_step-behavior_drift-clang-O2,FINITE_EXHAUSTIVE_COMPILER_CELL,crc8_step,behavior_drift,clang,-O2,clang -std=c11 -Wall -Wextra -Werror -O2 artifact/benchmark/generated/crc8_step/behavior_drift/kernel.c -o artifact/results/raw/crc8_step/behavior_drift/clang_o2,clang version 17.0.0 (https://github.com/swiftlang/llvm-project.git 10999b6d034fe318f3d56c83bddb6572593a8bb0),source=dc03f008aa68f716c4627362414aa72c4dec905b8bfb570c1593e089f5af981d;reference=cce644f78658d160a477e4f22ca1aee276630896d90cec41b818cc0eb485b270;manifest=4f087eb28cb99db576d536df1ee5a7163965abc3e9b4498890d206e663778c96,artifact/results/raw/crc8_step/behavior_drift/clang_o2.out,828ad8a0d83092c984d7031232553bf7789932b396cf928164c4acc8328eb1cd,artifact/results/raw/crc8_step/behavior_drift/clang_o2.s,9cd6f88d92e366360c54bb71a284dd5c8376e4c404042b1709e1775d5800a9e0,artifact/results/independent_recheck.json,EXECUTED,"65,536 ordered byte-pair cases; retained output and assembly bound to certificate."
FINITE-fletcher_step-baseline-gcc-O0,FINITE_EXHAUSTIVE_COMPILER_CELL,fletcher_step,baseline,gcc,-O0,gcc -std=c11 -Wall -Wextra -Werror -O0 artifact/benchmark/generated/fletcher_step/baseline/kernel.c -o artifact/results/raw/fletcher_step/baseline/gcc_o0,gcc (Debian 14.2.0-19) 14.2.0,source=0d44bcb996197129f916de5e0eb2daad4822473ce7c5fc38222ebd3b4f1351a1;reference=c66de56490a7d3a9b2958033c4088ae12fa623e739c66ceea52ae6968146a887;manifest=ed5901db1ede26bf6e8c249f9fb7aa66aa91d834995c6522b57003e6a37184a1,artifact/results/raw/fletcher_step/baseline/gcc_o0.out,c66de56490a7d3a9b2958033c4088ae12fa623e739c66ceea52ae6968146a887,artifact/results/raw/fletcher_step/baseline/gcc_o0.s,1ac11493430965953f1840de1d06b61c2936f143fc6889526a66c91183ebd027,artifact/results/independent_recheck.json,EXECUTED,"65,536 ordered byte-pair cases; retained output and assembly bound to certificate."
FINITE-fletcher_step-baseline-gcc-O2,FINITE_EXHAUSTIVE_COMPILER_CELL,fletcher_step,baseline,gcc,-O2,gcc -std=c11 -Wall -Wextra -Werror -O2 artifact/benchmark/generated/fletcher_step/baseline/kernel.c -o artifact/results/raw/fletcher_step/baseline/gcc_o2,gcc (Debian 14.2.0-19) 14.2.0,source=0d44bcb996197129f916de5e0eb2daad4822473ce7c5fc38222ebd3b4f1351a1;reference=c66de56490a7d3a9b2958033c4088ae12fa623e739c66ceea52ae6968146a887;manifest=ed5901db1ede26bf6e8c249f9fb7aa66aa91d834995c6522b57003e6a37184a1,artifact/results/raw/fletcher_step/baseline/gcc_o2.out,c66de56490a7d3a9b2958033c4088ae12fa623e739c66ceea52ae6968146a887,artifact/results/raw/fletcher_step/baseline/gcc_o2.s,3de2540e9f12552c42eca6d363ed697671411550770fb8850f9cbdad58fcbf1b,artifact/results/independent_recheck.json,EXECUTED,"65,536 ordered byte-pair cases; retained output and assembly bound to certificate."
FINITE-fletcher_step-baseline-clang-O0,FINITE_EXHAUSTIVE_COMPILER_CELL,fletcher_step,baseline,clang,-O0,clang -std=c11 -Wall -Wextra -Werror -O0 artifact/benchmark/generated/fletcher_step/baseline/kernel.c -o artifact/results/raw/fletcher_step/baseline/clang_o0,clang version 17.0.0 (https://github.com/swiftlang/llvm-project.git 10999b6d034fe318f3d56c83bddb6572593a8bb0),source=0d44bcb996197129f916de5e0eb2daad4822473ce7c5fc38222ebd3b4f1351a1;reference=c66de56490a7d3a9b2958033c4088ae12fa623e739c66ceea52ae6968146a887;manifest=ed5901db1ede26bf6e8c249f9fb7aa66aa91d834995c6522b57003e6a37184a1,artifact/results/raw/fletcher_step/baseline/clang_o0.out,c66de56490a7d3a9b2958033c4088ae12fa623e739c66ceea52ae6968146a887,artifact/results/raw/fletcher_step/baseline/clang_o0.s,a076899b16d198f496f6b5a30acc743d72b7c1a0d5e7f274936baa4312c57141,artifact/results/independent_recheck.json,EXECUTED,"65,536 ordered byte-pair cases; retained output and assembly bound to certificate."
FINITE-fletcher_step-baseline-clang-O2,FINITE_EXHAUSTIVE_COMPILER_CELL,fletcher_step,baseline,clang,-O2,clang -std=c11 -Wall -Wextra -Werror -O2 artifact/benchmark/generated/fletcher_step/baseline/kernel.c -o artifact/results/raw/fletcher_step/baseline/clang_o2,clang version 17.0.0 (https://github.com/swiftlang/llvm-project.git 10999b6d034fe318f3d56c83bddb6572593a8bb0),source=0d44bcb996197129f916de5e0eb2daad4822473ce7c5fc38222ebd3b4f1351a1;reference=c66de56490a7d3a9b2958033c4088ae12fa623e739c66ceea52ae6968146a887;manifest=ed5901db1ede26bf6e8c249f9fb7aa66aa91d834995c6522b57003e6a37184a1,artifact/results/raw/fletcher_step/baseline/clang_o2.out,c66de56490a7d3a9b2958033c4088ae12fa623e739c66ceea52ae6968146a887,artifact/results/raw/fletcher_step/baseline/clang_o2.s,fb099b2fc5faad87f0b47b299bdc9047a7bb976092ffd0c2fdc51a6730484afe,artifact/results/independent_recheck.json,EXECUTED,"65,536 ordered byte-pair cases; retained output and assembly bound to certificate."
FINITE-fletcher_step-rename-gcc-O0,FINITE_EXHAUSTIVE_COMPILER_CELL,fletcher_step,rename,gcc,-O0,gcc -std=c11 -Wall -Wextra -Werror -O0 artifact/benchmark/generated/fletcher_step/rename/kernel.c -o artifact/results/raw/fletcher_step/rename/gcc_o0,gcc (Debian 14.2.0-19) 14.2.0,source=5be05da83ea0c7fba94ba5f3216fdb61fcbc67072eee794cd4b0e742288e785a;reference=c66de56490a7d3a9b2958033c4088ae12fa623e739c66ceea52ae6968146a887;manifest=ed5901db1ede26bf6e8c249f9fb7aa66aa91d834995c6522b57003e6a37184a1,artifact/results/raw/fletcher_step/rename/gcc_o0.out,c66de56490a7d3a9b2958033c4088ae12fa623e739c66ceea52ae6968146a887,artifact/results/raw/fletcher_step/rename/gcc_o0.s,1ac11493430965953f1840de1d06b61c2936f143fc6889526a66c91183ebd027,artifact/results/independent_recheck.json,EXECUTED,"65,536 ordered byte-pair cases; retained output and assembly bound to certificate."
FINITE-fletcher_step-rename-gcc-O2,FINITE_EXHAUSTIVE_COMPILER_CELL,fletcher_step,rename,gcc,-O2,gcc -std=c11 -Wall -Wextra -Werror -O2 artifact/benchmark/generated/fletcher_step/rename/kernel.c -o artifact/results/raw/fletcher_step/rename/gcc_o2,gcc (Debian 14.2.0-19) 14.2.0,source=5be05da83ea0c7fba94ba5f3216fdb61fcbc67072eee794cd4b0e742288e785a;reference=c66de56490a7d3a9b2958033c4088ae12fa623e739c66ceea52ae6968146a887;manifest=ed5901db1ede26bf6e8c249f9fb7aa66aa91d834995c6522b57003e6a37184a1,artifact/results/raw/fletcher_step/rename/gcc_o2.out,c66de56490a7d3a9b2958033c4088ae12fa623e739c66ceea52ae6968146a887,artifact/results/raw/fletcher_step/rename/gcc_o2.s,3de2540e9f12552c42eca6d363ed697671411550770fb8850f9cbdad58fcbf1b,artifact/results/independent_recheck.json,EXECUTED,"65,536 ordered byte-pair cases; retained output and assembly bound to certificate."
FINITE-fletcher_step-rename-clang-O0,FINITE_EXHAUSTIVE_COMPILER_CELL,fletcher_step,rename,clang,-O0,clang -std=c11 -Wall -Wextra -Werror -O0 artifact/benchmark/generated/fletcher_step/rename/kernel.c -o artifact/results/raw/fletcher_step/rename/clang_o0,clang version 17.0.0 (https://github.com/swiftlang/llvm-project.git 10999b6d034fe318f3d56c83bddb6572593a8bb0),source=5be05da83ea0c7fba94ba5f3216fdb61fcbc67072eee794cd4b0e742288e785a;reference=c66de56490a7d3a9b2958033c4088ae12fa623e739c66ceea52ae6968146a887;manifest=ed5901db1ede26bf6e8c249f9fb7aa66aa91d834995c6522b57003e6a37184a1,artifact/results/raw/fletcher_step/rename/clang_o0.out,c66de56490a7d3a9b2958033c4088ae12fa623e739c66ceea52ae6968146a887,artifact/results/raw/fletcher_step/rename/clang_o0.s,a076899b16d198f496f6b5a30acc743d72b7c1a0d5e7f274936baa4312c57141,artifact/results/independent_recheck.json,EXECUTED,"65,536 ordered byte-pair cases; retained output and assembly bound to certificate."
FINITE-fletcher_step-rename-clang-O2,FINITE_EXHAUSTIVE_COMPILER_CELL,fletcher_step,rename,clang,-O2,clang -std=c11 -Wall -Wextra -Werror -O2 artifact/benchmark/generated/fletcher_step/rename/kernel.c -o artifact/results/raw/fletcher_step/rename/clang_o2,clang version 17.0.0 (https://github.com/swiftlang/llvm-project.git 10999b6d034fe318f3d56c83bddb6572593a8bb0),source=5be05da83ea0c7fba94ba5f3216fdb61fcbc67072eee794cd4b0e742288e785a;reference=c66de56490a7d3a9b2958033c4088ae12fa623e739c66ceea52ae6968146a887;manifest=ed5901db1ede26bf6e8c249f9fb7aa66aa91d834995c6522b57003e6a37184a1,artifact/results/raw/fletcher_step/rename/clang_o2.out,c66de56490a7d3a9b2958033c4088ae12fa623e739c66ceea52ae6968146a887,artifact/results/raw/fletcher_step/rename/clang_o2.s,fb099b2fc5faad87f0b47b299bdc9047a7bb976092ffd0c2fdc51a6730484afe,artifact/results/independent_recheck.json,EXECUTED,"65,536 ordered byte-pair cases; retained output and assembly bound to certificate."
FINITE-fletcher_step-reorder-gcc-O0,FINITE_EXHAUSTIVE_COMPILER_CELL,fletcher_step,reorder,gcc,-O0,gcc -std=c11 -Wall -Wextra -Werror -O0 artifact/benchmark/generated/fletcher_step/reorder/kernel.c -o artifact/results/raw/fletcher_step/reorder/gcc_o0,gcc (Debian 14.2.0-19) 14.2.0,source=0a4bfcf85625ee071482569ea139b8089df6b5ac40b47b031e086fafd6f6fd4d;reference=c66de56490a7d3a9b2958033c4088ae12fa623e739c66ceea52ae6968146a887;manifest=ed5901db1ede26bf6e8c249f9fb7aa66aa91d834995c6522b57003e6a37184a1,artifact/results/raw/fletcher_step/reorder/gcc_o0.out,c66de56490a7d3a9b2958033c4088ae12fa623e739c66ceea52ae6968146a887,artifact/results/raw/fletcher_step/reorder/gcc_o0.s,1ac11493430965953f1840de1d06b61c2936f143fc6889526a66c91183ebd027,artifact/results/independent_recheck.json,EXECUTED,"65,536 ordered byte-pair cases; retained output and assembly bound to certificate."
FINITE-fletcher_step-reorder-gcc-O2,FINITE_EXHAUSTIVE_COMPILER_CELL,fletcher_step,reorder,gcc,-O2,gcc -std=c11 -Wall -Wextra -Werror -O2 artifact/benchmark/generated/fletcher_step/reorder/kernel.c -o artifact/results/raw/fletcher_step/reorder/gcc_o2,gcc (Debian 14.2.0-19) 14.2.0,source=0a4bfcf85625ee071482569ea139b8089df6b5ac40b47b031e086fafd6f6fd4d;reference=c66de56490a7d3a9b2958033c4088ae12fa623e739c66ceea52ae6968146a887;manifest=ed5901db1ede26bf6e8c249f9fb7aa66aa91d834995c6522b57003e6a37184a1,artifact/results/raw/fletcher_step/reorder/gcc_o2.out,c66de56490a7d3a9b2958033c4088ae12fa623e739c66ceea52ae6968146a887,artifact/results/raw/fletcher_step/reorder/gcc_o2.s,3de2540e9f12552c42eca6d363ed697671411550770fb8850f9cbdad58fcbf1b,artifact/results/independent_recheck.json,EXECUTED,"65,536 ordered byte-pair cases; retained output and assembly bound to certificate."
FINITE-fletcher_step-reorder-clang-O0,FINITE_EXHAUSTIVE_COMPILER_CELL,fletcher_step,reorder,clang,-O0,clang -std=c11 -Wall -Wextra -Werror -O0 artifact/benchmark/generated/fletcher_step/reorder/kernel.c -o artifact/results/raw/fletcher_step/reorder/clang_o0,clang version 17.0.0 (https://github.com/swiftlang/llvm-project.git 10999b6d034fe318f3d56c83bddb6572593a8bb0),source=0a4bfcf85625ee071482569ea139b8089df6b5ac40b47b031e086fafd6f6fd4d;reference=c66de56490a7d3a9b2958033c4088ae12fa623e739c66ceea52ae6968146a887;manifest=ed5901db1ede26bf6e8c249f9fb7aa66aa91d834995c6522b57003e6a37184a1,artifact/results/raw/fletcher_step/reorder/clang_o0.out,c66de56490a7d3a9b2958033c4088ae12fa623e739c66ceea52ae6968146a887,artifact/results/raw/fletcher_step/reorder/clang_o0.s,9ed0c82e518bf819ce0ad2bd6dd57cfe25bc2ce667b62d6df4764effff585535,artifact/results/independent_recheck.json,EXECUTED,"65,536 ordered byte-pair cases; retained output and assembly bound to certificate."
FINITE-fletcher_step-reorder-clang-O2,FINITE_EXHAUSTIVE_COMPILER_CELL,fletcher_step,reorder,clang,-O2,clang -std=c11 -Wall -Wextra -Werror -O2 artifact/benchmark/generated/fletcher_step/reorder/kernel.c -o artifact/results/raw/fletcher_step/reorder/clang_o2,clang version 17.0.0 (https://github.com/swiftlang/llvm-project.git 10999b6d034fe318f3d56c83bddb6572593a8bb0),source=0a4bfcf85625ee071482569ea139b8089df6b5ac40b47b031e086fafd6f6fd4d;reference=c66de56490a7d3a9b2958033c4088ae12fa623e739c66ceea52ae6968146a887;manifest=ed5901db1ede26bf6e8c249f9fb7aa66aa91d834995c6522b57003e6a37184a1,artifact/results/raw/fletcher_step/reorder/clang_o2.out,c66de56490a7d3a9b2958033c4088ae12fa623e739c66ceea52ae6968146a887,artifact/results/raw/fletcher_step/reorder/clang_o2.s,fb099b2fc5faad87f0b47b299bdc9047a7bb976092ffd0c2fdc51a6730484afe,artifact/results/independent_recheck.json,EXECUTED,"65,536 ordered byte-pair cases; retained output and assembly bound to certificate."
FINITE-fletcher_step-extract-gcc-O0,FINITE_EXHAUSTIVE_COMPILER_CELL,fletcher_step,extract,gcc,-O0,gcc -std=c11 -Wall -Wextra -Werror -O0 artifact/benchmark/generated/fletcher_step/extract/kernel.c -o artifact/results/raw/fletcher_step/extract/gcc_o0,gcc (Debian 14.2.0-19) 14.2.0,source=2e73aae45ecb0939de3ee51d649421cbf8dcfb6a0f58fa90b5a40945def15eb8;reference=c66de56490a7d3a9b2958033c4088ae12fa623e739c66ceea52ae6968146a887;manifest=ed5901db1ede26bf6e8c249f9fb7aa66aa91d834995c6522b57003e6a37184a1,artifact/results/raw/fletcher_step/extract/gcc_o0.out,c66de56490a7d3a9b2958033c4088ae12fa623e739c66ceea52ae6968146a887,artifact/results/raw/fletcher_step/extract/gcc_o0.s,6d8a0baa77b73bd397345cfdc7e4f89e4f1867eb52ed70e7babb6e9b17e28364,artifact/results/independent_recheck.json,EXECUTED,"65,536 ordered byte-pair cases; retained output and assembly bound to certificate."
FINITE-fletcher_step-extract-gcc-O2,FINITE_EXHAUSTIVE_COMPILER_CELL,fletcher_step,extract,gcc,-O2,gcc -std=c11 -Wall -Wextra -Werror -O2 artifact/benchmark/generated/fletcher_step/extract/kernel.c -o artifact/results/raw/fletcher_step/extract/gcc_o2,gcc (Debian 14.2.0-19) 14.2.0,source=2e73aae45ecb0939de3ee51d649421cbf8dcfb6a0f58fa90b5a40945def15eb8;reference=c66de56490a7d3a9b2958033c4088ae12fa623e739c66ceea52ae6968146a887;manifest=ed5901db1ede26bf6e8c249f9fb7aa66aa91d834995c6522b57003e6a37184a1,artifact/results/raw/fletcher_step/extract/gcc_o2.out,c66de56490a7d3a9b2958033c4088ae12fa623e739c66ceea52ae6968146a887,artifact/results/raw/fletcher_step/extract/gcc_o2.s,b4aca29df83b86d2df2e7a42ea5e16ed43fb4395edc8275bef8346a7c999e145,artifact/results/independent_recheck.json,EXECUTED,"65,536 ordered byte-pair cases; retained output and assembly bound to certificate."
FINITE-fletcher_step-extract-clang-O0,FINITE_EXHAUSTIVE_COMPILER_CELL,fletcher_step,extract,clang,-O0,clang -std=c11 -Wall -Wextra -Werror -O0 artifact/benchmark/generated/fletcher_step/extract/kernel.c -o artifact/results/raw/fletcher_step/extract/clang_o0,clang version 17.0.0 (https://github.com/swiftlang/llvm-project.git 10999b6d034fe318f3d56c83bddb6572593a8bb0),source=2e73aae45ecb0939de3ee51d649421cbf8dcfb6a0f58fa90b5a40945def15eb8;reference=c66de56490a7d3a9b2958033c4088ae12fa623e739c66ceea52ae6968146a887;manifest=ed5901db1ede26bf6e8c249f9fb7aa66aa91d834995c6522b57003e6a37184a1,artifact/results/raw/fletcher_step/extract/clang_o0.out,c66de56490a7d3a9b2958033c4088ae12fa623e739c66ceea52ae6968146a887,artifact/results/raw/fletcher_step/extract/clang_o0.s,f5b4eaeb2159bf87fd35e6ba775ec25c45efcdb14d167d20621cec21015aa3f6,artifact/results/independent_recheck.json,EXECUTED,"65,536 ordered byte-pair cases; retained output and assembly bound to certificate."
FINITE-fletcher_step-extract-clang-O2,FINITE_EXHAUSTIVE_COMPILER_CELL,fletcher_step,extract,clang,-O2,clang -std=c11 -Wall -Wextra -Werror -O2 artifact/benchmark/generated/fletcher_step/extract/kernel.c -o artifact/results/raw/fletcher_step/extract/clang_o2,clang version 17.0.0 (https://github.com/swiftlang/llvm-project.git 10999b6d034fe318f3d56c83bddb6572593a8bb0),source=2e73aae45ecb0939de3ee51d649421cbf8dcfb6a0f58fa90b5a40945def15eb8;reference=c66de56490a7d3a9b2958033c4088ae12fa623e739c66ceea52ae6968146a887;manifest=ed5901db1ede26bf6e8c249f9fb7aa66aa91d834995c6522b57003e6a37184a1,artifact/results/raw/fletcher_step/extract/clang_o2.out,c66de56490a7d3a9b2958033c4088ae12fa623e739c66ceea52ae6968146a887,artifact/results/raw/fletcher_step/extract/clang_o2.s,fb099b2fc5faad87f0b47b299bdc9047a7bb976092ffd0c2fdc51a6730484afe,artifact/results/independent_recheck.json,EXECUTED,"65,536 ordered byte-pair cases; retained output and assembly bound to certificate."
FINITE-fletcher_step-dependency_upgrade-gcc-O0,FINITE_EXHAUSTIVE_COMPILER_CELL,fletcher_step,dependency_upgrade,gcc,-O0,gcc -std=c11 -Wall -Wextra -Werror -O0 artifact/benchmark/generated/fletcher_step/dependency_upgrade/kernel.c -o artifact/results/raw/fletcher_step/dependency_upgrade/gcc_o0,gcc (Debian 14.2.0-19) 14.2.0,source=88c0c406b53c7fef3e84557e36012b044ff1985a049a83b67b07bc44f6afcf2c;reference=c66de56490a7d3a9b2958033c4088ae12fa623e739c66ceea52ae6968146a887;manifest=ed5901db1ede26bf6e8c249f9fb7aa66aa91d834995c6522b57003e6a37184a1,artifact/results/raw/fletcher_step/dependency_upgrade/gcc_o0.out,c66de56490a7d3a9b2958033c4088ae12fa623e739c66ceea52ae6968146a887,artifact/results/raw/fletcher_step/dependency_upgrade/gcc_o0.s,6a3e4699c458c6a03ea9368e98e64a1ef4d1011e181b6cbeed73efc56051465b,artifact/results/independent_recheck.json,EXECUTED,"65,536 ordered byte-pair cases; retained output and assembly bound to certificate."
FINITE-fletcher_step-dependency_upgrade-gcc-O2,FINITE_EXHAUSTIVE_COMPILER_CELL,fletcher_step,dependency_upgrade,gcc,-O2,gcc -std=c11 -Wall -Wextra -Werror -O2 artifact/benchmark/generated/fletcher_step/dependency_upgrade/kernel.c -o artifact/results/raw/fletcher_step/dependency_upgrade/gcc_o2,gcc (Debian 14.2.0-19) 14.2.0,source=88c0c406b53c7fef3e84557e36012b044ff1985a049a83b67b07bc44f6afcf2c;reference=c66de56490a7d3a9b2958033c4088ae12fa623e739c66ceea52ae6968146a887;manifest=ed5901db1ede26bf6e8c249f9fb7aa66aa91d834995c6522b57003e6a37184a1,artifact/results/raw/fletcher_step/dependency_upgrade/gcc_o2.out,c66de56490a7d3a9b2958033c4088ae12fa623e739c66ceea52ae6968146a887,artifact/results/raw/fletcher_step/dependency_upgrade/gcc_o2.s,92bbbb2694541ea4bf46a670f75076b1c252c200706afd8e341ad4d86882b359,artifact/results/independent_recheck.json,EXECUTED,"65,536 ordered byte-pair cases; retained output and assembly bound to certificate."
FINITE-fletcher_step-dependency_upgrade-clang-O0,FINITE_EXHAUSTIVE_COMPILER_CELL,fletcher_step,dependency_upgrade,clang,-O0,clang -std=c11 -Wall -Wextra -Werror -O0 artifact/benchmark/generated/fletcher_step/dependency_upgrade/kernel.c -o artifact/results/raw/fletcher_step/dependency_upgrade/clang_o0,clang version 17.0.0 (https://github.com/swiftlang/llvm-project.git 10999b6d034fe318f3d56c83bddb6572593a8bb0),source=88c0c406b53c7fef3e84557e36012b044ff1985a049a83b67b07bc44f6afcf2c;reference=c66de56490a7d3a9b2958033c4088ae12fa623e739c66ceea52ae6968146a887;manifest=ed5901db1ede26bf6e8c249f9fb7aa66aa91d834995c6522b57003e6a37184a1,artifact/results/raw/fletcher_step/dependency_upgrade/clang_o0.out,c66de56490a7d3a9b2958033c4088ae12fa623e739c66ceea52ae6968146a887,artifact/results/raw/fletcher_step/dependency_upgrade/clang_o0.s,731db114767b35866c59db64e7760f9129ad565938201810a6e2cc96ab7a2394,artifact/results/independent_recheck.json,EXECUTED,"65,536 ordered byte-pair cases; retained output and assembly bound to certificate."
FINITE-fletcher_step-dependency_upgrade-clang-O2,FINITE_EXHAUSTIVE_COMPILER_CELL,fletcher_step,dependency_upgrade,clang,-O2,clang -std=c11 -Wall -Wextra -Werror -O2 artifact/benchmark/generated/fletcher_step/dependency_upgrade/kernel.c -o artifact/results/raw/fletcher_step/dependency_upgrade/clang_o2,clang version 17.0.0 (https://github.com/swiftlang/llvm-project.git 10999b6d034fe318f3d56c83bddb6572593a8bb0),source=88c0c406b53c7fef3e84557e36012b044ff1985a049a83b67b07bc44f6afcf2c;reference=c66de56490a7d3a9b2958033c4088ae12fa623e739c66ceea52ae6968146a887;manifest=ed5901db1ede26bf6e8c249f9fb7aa66aa91d834995c6522b57003e6a37184a1,artifact/results/raw/fletcher_step/dependency_upgrade/clang_o2.out,c66de56490a7d3a9b2958033c4088ae12fa623e739c66ceea52ae6968146a887,artifact/results/raw/fletcher_step/dependency_upgrade/clang_o2.s,fb099b2fc5faad87f0b47b299bdc9047a7bb976092ffd0c2fdc51a6730484afe,artifact/results/independent_recheck.json,EXECUTED,"65,536 ordered byte-pair cases; retained output and assembly bound to certificate."
FINITE-fletcher_step-format-gcc-O0,FINITE_EXHAUSTIVE_COMPILER_CELL,fletcher_step,format,gcc,-O0,gcc -std=c11 -Wall -Wextra -Werror -O0 artifact/benchmark/generated/fletcher_step/format/kernel.c -o artifact/results/raw/fletcher_step/format/gcc_o0,gcc (Debian 14.2.0-19) 14.2.0,source=d1a73fe17e041cb88727e91d4b2b08f7d7263c2421ab0e034841f5616272775b;reference=c66de56490a7d3a9b2958033c4088ae12fa623e739c66ceea52ae6968146a887;manifest=ed5901db1ede26bf6e8c249f9fb7aa66aa91d834995c6522b57003e6a37184a1,artifact/results/raw/fletcher_step/format/gcc_o0.out,c66de56490a7d3a9b2958033c4088ae12fa623e739c66ceea52ae6968146a887,artifact/results/raw/fletcher_step/format/gcc_o0.s,6a3e4699c458c6a03ea9368e98e64a1ef4d1011e181b6cbeed73efc56051465b,artifact/results/independent_recheck.json,EXECUTED,"65,536 ordered byte-pair cases; retained output and assembly bound to certificate."
FINITE-fletcher_step-format-gcc-O2,FINITE_EXHAUSTIVE_COMPILER_CELL,fletcher_step,format,gcc,-O2,gcc -std=c11 -Wall -Wextra -Werror -O2 artifact/benchmark/generated/fletcher_step/format/kernel.c -o artifact/results/raw/fletcher_step/format/gcc_o2,gcc (Debian 14.2.0-19) 14.2.0,source=d1a73fe17e041cb88727e91d4b2b08f7d7263c2421ab0e034841f5616272775b;reference=c66de56490a7d3a9b2958033c4088ae12fa623e739c66ceea52ae6968146a887;manifest=ed5901db1ede26bf6e8c249f9fb7aa66aa91d834995c6522b57003e6a37184a1,artifact/results/raw/fletcher_step/format/gcc_o2.out,c66de56490a7d3a9b2958033c4088ae12fa623e739c66ceea52ae6968146a887,artifact/results/raw/fletcher_step/format/gcc_o2.s,92bbbb2694541ea4bf46a670f75076b1c252c200706afd8e341ad4d86882b359,artifact/results/independent_recheck.json,EXECUTED,"65,536 ordered byte-pair cases; retained output and assembly bound to certificate."
FINITE-fletcher_step-format-clang-O0,FINITE_EXHAUSTIVE_COMPILER_CELL,fletcher_step,format,clang,-O0,clang -std=c11 -Wall -Wextra -Werror -O0 artifact/benchmark/generated/fletcher_step/format/kernel.c -o artifact/results/raw/fletcher_step/format/clang_o0,clang version 17.0.0 (https://github.com/swiftlang/llvm-project.git 10999b6d034fe318f3d56c83bddb6572593a8bb0),source=d1a73fe17e041cb88727e91d4b2b08f7d7263c2421ab0e034841f5616272775b;reference=c66de56490a7d3a9b2958033c4088ae12fa623e739c66ceea52ae6968146a887;manifest=ed5901db1ede26bf6e8c249f9fb7aa66aa91d834995c6522b57003e6a37184a1,artifact/results/raw/fletcher_step/format/clang_o0.out,c66de56490a7d3a9b2958033c4088ae12fa623e739c66ceea52ae6968146a887,artifact/results/raw/fletcher_step/format/clang_o0.s,731db114767b35866c59db64e7760f9129ad565938201810a6e2cc96ab7a2394,artifact/results/independent_recheck.json,EXECUTED,"65,536 ordered byte-pair cases; retained output and assembly bound to certificate."
FINITE-fletcher_step-format-clang-O2,FINITE_EXHAUSTIVE_COMPILER_CELL,fletcher_step,format,clang,-O2,clang -std=c11 -Wall -Wextra -Werror -O2 artifact/benchmark/generated/fletcher_step/format/kernel.c -o artifact/results/raw/fletcher_step/format/clang_o2,clang version 17.0.0 (https://github.com/swiftlang/llvm-project.git 10999b6d034fe318f3d56c83bddb6572593a8bb0),source=d1a73fe17e041cb88727e91d4b2b08f7d7263c2421ab0e034841f5616272775b;reference=c66de56490a7d3a9b2958033c4088ae12fa623e739c66ceea52ae6968146a887;manifest=ed5901db1ede26bf6e8c249f9fb7aa66aa91d834995c6522b57003e6a37184a1,artifact/results/raw/fletcher_step/format/clang_o2.out,c66de56490a7d3a9b2958033c4088ae12fa623e739c66ceea52ae6968146a887,artifact/results/raw/fletcher_step/format/clang_o2.s,fb099b2fc5faad87f0b47b299bdc9047a7bb976092ffd0c2fdc51a6730484afe,artifact/results/independent_recheck.json,EXECUTED,"65,536 ordered byte-pair cases; retained output and assembly bound to certificate."
FINITE-fletcher_step-erase_tolerable-gcc-O0,FINITE_EXHAUSTIVE_COMPILER_CELL,fletcher_step,erase_tolerable,gcc,-O0,gcc -std=c11 -Wall -Wextra -Werror -O0 artifact/benchmark/generated/fletcher_step/erase_tolerable/kernel.c -o artifact/results/raw/fletcher_step/erase_tolerable/gcc_o0,gcc (Debian 14.2.0-19) 14.2.0,source=480f8528fe7e29ee62defd5a604abcb5f80c0d828b539fdcf740b03f560a38ad;reference=c66de56490a7d3a9b2958033c4088ae12fa623e739c66ceea52ae6968146a887;manifest=ed5901db1ede26bf6e8c249f9fb7aa66aa91d834995c6522b57003e6a37184a1,artifact/results/raw/fletcher_step/erase_tolerable/gcc_o0.out,c66de56490a7d3a9b2958033c4088ae12fa623e739c66ceea52ae6968146a887,artifact/results/raw/fletcher_step/erase_tolerable/gcc_o0.s,ba7f813814c7cbc458dcb68d9e22a387118a287922fd8527bf6074cd5f70ed9b,artifact/results/independent_recheck.json,EXECUTED,"65,536 ordered byte-pair cases; retained output and assembly bound to certificate."
FINITE-fletcher_step-erase_tolerable-gcc-O2,FINITE_EXHAUSTIVE_COMPILER_CELL,fletcher_step,erase_tolerable,gcc,-O2,gcc -std=c11 -Wall -Wextra -Werror -O2 artifact/benchmark/generated/fletcher_step/erase_tolerable/kernel.c -o artifact/results/raw/fletcher_step/erase_tolerable/gcc_o2,gcc (Debian 14.2.0-19) 14.2.0,source=480f8528fe7e29ee62defd5a604abcb5f80c0d828b539fdcf740b03f560a38ad;reference=c66de56490a7d3a9b2958033c4088ae12fa623e739c66ceea52ae6968146a887;manifest=ed5901db1ede26bf6e8c249f9fb7aa66aa91d834995c6522b57003e6a37184a1,artifact/results/raw/fletcher_step/erase_tolerable/gcc_o2.out,c66de56490a7d3a9b2958033c4088ae12fa623e739c66ceea52ae6968146a887,artifact/results/raw/fletcher_step/erase_tolerable/gcc_o2.s,9f381636fc1723ced1f120d47594db962c7a8aa2bb95a3433bc3f2ce1eb24e9f,artifact/results/independent_recheck.json,EXECUTED,"65,536 ordered byte-pair cases; retained output and assembly bound to certificate."
FINITE-fletcher_step-erase_tolerable-clang-O0,FINITE_EXHAUSTIVE_COMPILER_CELL,fletcher_step,erase_tolerable,clang,-O0,clang -std=c11 -Wall -Wextra -Werror -O0 artifact/benchmark/generated/fletcher_step/erase_tolerable/kernel.c -o artifact/results/raw/fletcher_step/erase_tolerable/clang_o0,clang version 17.0.0 (https://github.com/swiftlang/llvm-project.git 10999b6d034fe318f3d56c83bddb6572593a8bb0),source=480f8528fe7e29ee62defd5a604abcb5f80c0d828b539fdcf740b03f560a38ad;reference=c66de56490a7d3a9b2958033c4088ae12fa623e739c66ceea52ae6968146a887;manifest=ed5901db1ede26bf6e8c249f9fb7aa66aa91d834995c6522b57003e6a37184a1,artifact/results/raw/fletcher_step/erase_tolerable/clang_o0.out,c66de56490a7d3a9b2958033c4088ae12fa623e739c66ceea52ae6968146a887,artifact/results/raw/fletcher_step/erase_tolerable/clang_o0.s,adee7d01b7b4290577b104868cb692170064e5fe67cee6d4600cfb0d245615f5,artifact/results/independent_recheck.json,EXECUTED,"65,536 ordered byte-pair cases; retained output and assembly bound to certificate."
FINITE-fletcher_step-erase_tolerable-clang-O2,FINITE_EXHAUSTIVE_COMPILER_CELL,fletcher_step,erase_tolerable,clang,-O2,clang -std=c11 -Wall -Wextra -Werror -O2 artifact/benchmark/generated/fletcher_step/erase_tolerable/kernel.c -o artifact/results/raw/fletcher_step/erase_tolerable/clang_o2,clang version 17.0.0 (https://github.com/swiftlang/llvm-project.git 10999b6d034fe318f3d56c83bddb6572593a8bb0),source=480f8528fe7e29ee62defd5a604abcb5f80c0d828b539fdcf740b03f560a38ad;reference=c66de56490a7d3a9b2958033c4088ae12fa623e739c66ceea52ae6968146a887;manifest=ed5901db1ede26bf6e8c249f9fb7aa66aa91d834995c6522b57003e6a37184a1,artifact/results/raw/fletcher_step/erase_tolerable/clang_o2.out,c66de56490a7d3a9b2958033c4088ae12fa623e739c66ceea52ae6968146a887,artifact/results/raw/fletcher_step/erase_tolerable/clang_o2.s,fb099b2fc5faad87f0b47b299bdc9047a7bb976092ffd0c2fdc51a6730484afe,artifact/results/independent_recheck.json,EXECUTED,"65,536 ordered byte-pair cases; retained output and assembly bound to certificate."
FINITE-fletcher_step-merge_tolerable-gcc-O0,FINITE_EXHAUSTIVE_COMPILER_CELL,fletcher_step,merge_tolerable,gcc,-O0,gcc -std=c11 -Wall -Wextra -Werror -O0 artifact/benchmark/generated/fletcher_step/merge_tolerable/kernel.c -o artifact/results/raw/fletcher_step/merge_tolerable/gcc_o0,gcc (Debian 14.2.0-19) 14.2.0,source=76218e3afc8cb354f2d7552b1003151d7779251495d0436a48c4c2a4d642f7be;reference=c66de56490a7d3a9b2958033c4088ae12fa623e739c66ceea52ae6968146a887;manifest=ed5901db1ede26bf6e8c249f9fb7aa66aa91d834995c6522b57003e6a37184a1,artifact/results/raw/fletcher_step/merge_tolerable/gcc_o0.out,c66de56490a7d3a9b2958033c4088ae12fa623e739c66ceea52ae6968146a887,artifact/results/raw/fletcher_step/merge_tolerable/gcc_o0.s,ba7f813814c7cbc458dcb68d9e22a387118a287922fd8527bf6074cd5f70ed9b,artifact/results/independent_recheck.json,EXECUTED,"65,536 ordered byte-pair cases; retained output and assembly bound to certificate."
FINITE-fletcher_step-merge_tolerable-gcc-O2,FINITE_EXHAUSTIVE_COMPILER_CELL,fletcher_step,merge_tolerable,gcc,-O2,gcc -std=c11 -Wall -Wextra -Werror -O2 artifact/benchmark/generated/fletcher_step/merge_tolerable/kernel.c -o artifact/results/raw/fletcher_step/merge_tolerable/gcc_o2,gcc (Debian 14.2.0-19) 14.2.0,source=76218e3afc8cb354f2d7552b1003151d7779251495d0436a48c4c2a4d642f7be;reference=c66de56490a7d3a9b2958033c4088ae12fa623e739c66ceea52ae6968146a887;manifest=ed5901db1ede26bf6e8c249f9fb7aa66aa91d834995c6522b57003e6a37184a1,artifact/results/raw/fletcher_step/merge_tolerable/gcc_o2.out,c66de56490a7d3a9b2958033c4088ae12fa623e739c66ceea52ae6968146a887,artifact/results/raw/fletcher_step/merge_tolerable/gcc_o2.s,9f381636fc1723ced1f120d47594db962c7a8aa2bb95a3433bc3f2ce1eb24e9f,artifact/results/independent_recheck.json,EXECUTED,"65,536 ordered byte-pair cases; retained output and assembly bound to certificate."
FINITE-fletcher_step-merge_tolerable-clang-O0,FINITE_EXHAUSTIVE_COMPILER_CELL,fletcher_step,merge_tolerable,clang,-O0,clang -std=c11 -Wall -Wextra -Werror -O0 artifact/benchmark/generated/fletcher_step/merge_tolerable/kernel.c -o artifact/results/raw/fletcher_step/merge_tolerable/clang_o0,clang version 17.0.0 (https://github.com/swiftlang/llvm-project.git 10999b6d034fe318f3d56c83bddb6572593a8bb0),source=76218e3afc8cb354f2d7552b1003151d7779251495d0436a48c4c2a4d642f7be;reference=c66de56490a7d3a9b2958033c4088ae12fa623e739c66ceea52ae6968146a887;manifest=ed5901db1ede26bf6e8c249f9fb7aa66aa91d834995c6522b57003e6a37184a1,artifact/results/raw/fletcher_step/merge_tolerable/clang_o0.out,c66de56490a7d3a9b2958033c4088ae12fa623e739c66ceea52ae6968146a887,artifact/results/raw/fletcher_step/merge_tolerable/clang_o0.s,adee7d01b7b4290577b104868cb692170064e5fe67cee6d4600cfb0d245615f5,artifact/results/independent_recheck.json,EXECUTED,"65,536 ordered byte-pair cases; retained output and assembly bound to certificate."
FINITE-fletcher_step-merge_tolerable-clang-O2,FINITE_EXHAUSTIVE_COMPILER_CELL,fletcher_step,merge_tolerable,clang,-O2,clang -std=c11 -Wall -Wextra -Werror -O2 artifact/benchmark/generated/fletcher_step/merge_tolerable/kernel.c -o artifact/results/raw/fletcher_step/merge_tolerable/clang_o2,clang version 17.0.0 (https://github.com/swiftlang/llvm-project.git 10999b6d034fe318f3d56c83bddb6572593a8bb0),source=76218e3afc8cb354f2d7552b1003151d7779251495d0436a48c4c2a4d642f7be;reference=c66de56490a7d3a9b2958033c4088ae12fa623e739c66ceea52ae6968146a887;manifest=ed5901db1ede26bf6e8c249f9fb7aa66aa91d834995c6522b57003e6a37184a1,artifact/results/raw/fletcher_step/merge_tolerable/clang_o2.out,c66de56490a7d3a9b2958033c4088ae12fa623e739c66ceea52ae6968146a887,artifact/results/raw/fletcher_step/merge_tolerable/clang_o2.s,fb099b2fc5faad87f0b47b299bdc9047a7bb976092ffd0c2fdc51a6730484afe,artifact/results/independent_recheck.json,EXECUTED,"65,536 ordered byte-pair cases; retained output and assembly bound to certificate."
FINITE-fletcher_step-flip_tolerable-gcc-O0,FINITE_EXHAUSTIVE_COMPILER_CELL,fletcher_step,flip_tolerable,gcc,-O0,gcc -std=c11 -Wall -Wextra -Werror -O0 artifact/benchmark/generated/fletcher_step/flip_tolerable/kernel.c -o artifact/results/raw/fletcher_step/flip_tolerable/gcc_o0,gcc (Debian 14.2.0-19) 14.2.0,source=a87eb30affbffc551c46d4d3e77b1c1e570135e5405452943d701ff240f93253;reference=c66de56490a7d3a9b2958033c4088ae12fa623e739c66ceea52ae6968146a887;manifest=ed5901db1ede26bf6e8c249f9fb7aa66aa91d834995c6522b57003e6a37184a1,artifact/results/raw/fletcher_step/flip_tolerable/gcc_o0.out,c66de56490a7d3a9b2958033c4088ae12fa623e739c66ceea52ae6968146a887,artifact/results/raw/fletcher_step/flip_tolerable/gcc_o0.s,eea24856789cacdd9d434e971d6a85a69c5da6e677e37db31a3fe6127eade07b,artifact/results/independent_recheck.json,EXECUTED,"65,536 ordered byte-pair cases; retained output and assembly bound to certificate."
FINITE-fletcher_step-flip_tolerable-gcc-O2,FINITE_EXHAUSTIVE_COMPILER_CELL,fletcher_step,flip_tolerable,gcc,-O2,gcc -std=c11 -Wall -Wextra -Werror -O2 artifact/benchmark/generated/fletcher_step/flip_tolerable/kernel.c -o artifact/results/raw/fletcher_step/flip_tolerable/gcc_o2,gcc (Debian 14.2.0-19) 14.2.0,source=a87eb30affbffc551c46d4d3e77b1c1e570135e5405452943d701ff240f93253;reference=c66de56490a7d3a9b2958033c4088ae12fa623e739c66ceea52ae6968146a887;manifest=ed5901db1ede26bf6e8c249f9fb7aa66aa91d834995c6522b57003e6a37184a1,artifact/results/raw/fletcher_step/flip_tolerable/gcc_o2.out,c66de56490a7d3a9b2958033c4088ae12fa623e739c66ceea52ae6968146a887,artifact/results/raw/fletcher_step/flip_tolerable/gcc_o2.s,9f381636fc1723ced1f120d47594db962c7a8aa2bb95a3433bc3f2ce1eb24e9f,artifact/results/independent_recheck.json,EXECUTED,"65,536 ordered byte-pair cases; retained output and assembly bound to certificate."
FINITE-fletcher_step-flip_tolerable-clang-O0,FINITE_EXHAUSTIVE_COMPILER_CELL,fletcher_step,flip_tolerable,clang,-O0,clang -std=c11 -Wall -Wextra -Werror -O0 artifact/benchmark/generated/fletcher_step/flip_tolerable/kernel.c -o artifact/results/raw/fletcher_step/flip_tolerable/clang_o0,clang version 17.0.0 (https://github.com/swiftlang/llvm-project.git 10999b6d034fe318f3d56c83bddb6572593a8bb0),source=a87eb30affbffc551c46d4d3e77b1c1e570135e5405452943d701ff240f93253;reference=c66de56490a7d3a9b2958033c4088ae12fa623e739c66ceea52ae6968146a887;manifest=ed5901db1ede26bf6e8c249f9fb7aa66aa91d834995c6522b57003e6a37184a1,artifact/results/raw/fletcher_step/flip_tolerable/clang_o0.out,c66de56490a7d3a9b2958033c4088ae12fa623e739c66ceea52ae6968146a887,artifact/results/raw/fletcher_step/flip_tolerable/clang_o0.s,65322bf2a8a0e8aab0ab9c6a0d335e24ad27335d15e0e6dd630cf942dc022b2a,artifact/results/independent_recheck.json,EXECUTED,"65,536 ordered byte-pair cases; retained output and assembly bound to certificate."
FINITE-fletcher_step-flip_tolerable-clang-O2,FINITE_EXHAUSTIVE_COMPILER_CELL,fletcher_step,flip_tolerable,clang,-O2,clang -std=c11 -Wall -Wextra -Werror -O2 artifact/benchmark/generated/fletcher_step/flip_tolerable/kernel.c -o artifact/results/raw/fletcher_step/flip_tolerable/clang_o2,clang version 17.0.0 (https://github.com/swiftlang/llvm-project.git 10999b6d034fe318f3d56c83bddb6572593a8bb0),source=a87eb30affbffc551c46d4d3e77b1c1e570135e5405452943d701ff240f93253;reference=c66de56490a7d3a9b2958033c4088ae12fa623e739c66ceea52ae6968146a887;manifest=ed5901db1ede26bf6e8c249f9fb7aa66aa91d834995c6522b57003e6a37184a1,artifact/results/raw/fletcher_step/flip_tolerable/clang_o2.out,c66de56490a7d3a9b2958033c4088ae12fa623e739c66ceea52ae6968146a887,artifact/results/raw/fletcher_step/flip_tolerable/clang_o2.s,fb099b2fc5faad87f0b47b299bdc9047a7bb976092ffd0c2fdc51a6730484afe,artifact/results/independent_recheck.json,EXECUTED,"65,536 ordered byte-pair cases; retained output and assembly bound to certificate."
FINITE-fletcher_step-recovery_break-gcc-O0,FINITE_EXHAUSTIVE_COMPILER_CELL,fletcher_step,recovery_break,gcc,-O0,gcc -std=c11 -Wall -Wextra -Werror -O0 artifact/benchmark/generated/fletcher_step/recovery_break/kernel.c -o artifact/results/raw/fletcher_step/recovery_break/gcc_o0,gcc (Debian 14.2.0-19) 14.2.0,source=8efdbd4318c36d89747fa17f918df259f64abf39bdd509cc6ad298d07182030d;reference=c66de56490a7d3a9b2958033c4088ae12fa623e739c66ceea52ae6968146a887;manifest=ed5901db1ede26bf6e8c249f9fb7aa66aa91d834995c6522b57003e6a37184a1,artifact/results/raw/fletcher_step/recovery_break/gcc_o0.out,c66de56490a7d3a9b2958033c4088ae12fa623e739c66ceea52ae6968146a887,artifact/results/raw/fletcher_step/recovery_break/gcc_o0.s,f289c1e65b14dc49053b74502723e208edd7f9d0ae4e770aee733f8d7e75cd4c,artifact/results/independent_recheck.json,EXECUTED,"65,536 ordered byte-pair cases; retained output and assembly bound to certificate."
FINITE-fletcher_step-recovery_break-gcc-O2,FINITE_EXHAUSTIVE_COMPILER_CELL,fletcher_step,recovery_break,gcc,-O2,gcc -std=c11 -Wall -Wextra -Werror -O2 artifact/benchmark/generated/fletcher_step/recovery_break/kernel.c -o artifact/results/raw/fletcher_step/recovery_break/gcc_o2,gcc (Debian 14.2.0-19) 14.2.0,source=8efdbd4318c36d89747fa17f918df259f64abf39bdd509cc6ad298d07182030d;reference=c66de56490a7d3a9b2958033c4088ae12fa623e739c66ceea52ae6968146a887;manifest=ed5901db1ede26bf6e8c249f9fb7aa66aa91d834995c6522b57003e6a37184a1,artifact/results/raw/fletcher_step/recovery_break/gcc_o2.out,c66de56490a7d3a9b2958033c4088ae12fa623e739c66ceea52ae6968146a887,artifact/results/raw/fletcher_step/recovery_break/gcc_o2.s,33c83265b2300135953b0c351744f9dd7a123fc09ef6fc146eb344375a67dfe4,artifact/results/independent_recheck.json,EXECUTED,"65,536 ordered byte-pair cases; retained output and assembly bound to certificate."
FINITE-fletcher_step-recovery_break-clang-O0,FINITE_EXHAUSTIVE_COMPILER_CELL,fletcher_step,recovery_break,clang,-O0,clang -std=c11 -Wall -Wextra -Werror -O0 artifact/benchmark/generated/fletcher_step/recovery_break/kernel.c -o artifact/results/raw/fletcher_step/recovery_break/clang_o0,clang version 17.0.0 (https://github.com/swiftlang/llvm-project.git 10999b6d034fe318f3d56c83bddb6572593a8bb0),source=8efdbd4318c36d89747fa17f918df259f64abf39bdd509cc6ad298d07182030d;reference=c66de56490a7d3a9b2958033c4088ae12fa623e739c66ceea52ae6968146a887;manifest=ed5901db1ede26bf6e8c249f9fb7aa66aa91d834995c6522b57003e6a37184a1,artifact/results/raw/fletcher_step/recovery_break/clang_o0.out,c66de56490a7d3a9b2958033c4088ae12fa623e739c66ceea52ae6968146a887,artifact/results/raw/fletcher_step/recovery_break/clang_o0.s,eb9883b417fe7ee98cd810be497efe167fe538d597ce1b85d2c41e9817e98b45,artifact/results/independent_recheck.json,EXECUTED,"65,536 ordered byte-pair cases; retained output and assembly bound to certificate."
FINITE-fletcher_step-recovery_break-clang-O2,FINITE_EXHAUSTIVE_COMPILER_CELL,fletcher_step,recovery_break,clang,-O2,clang -std=c11 -Wall -Wextra -Werror -O2 artifact/benchmark/generated/fletcher_step/recovery_break/kernel.c -o artifact/results/raw/fletcher_step/recovery_break/clang_o2,clang version 17.0.0 (https://github.com/swiftlang/llvm-project.git 10999b6d034fe318f3d56c83bddb6572593a8bb0),source=8efdbd4318c36d89747fa17f918df259f64abf39bdd509cc6ad298d07182030d;reference=c66de56490a7d3a9b2958033c4088ae12fa623e739c66ceea52ae6968146a887;manifest=ed5901db1ede26bf6e8c249f9fb7aa66aa91d834995c6522b57003e6a37184a1,artifact/results/raw/fletcher_step/recovery_break/clang_o2.out,c66de56490a7d3a9b2958033c4088ae12fa623e739c66ceea52ae6968146a887,artifact/results/raw/fletcher_step/recovery_break/clang_o2.s,fb099b2fc5faad87f0b47b299bdc9047a7bb976092ffd0c2fdc51a6730484afe,artifact/results/independent_recheck.json,EXECUTED,"65,536 ordered byte-pair cases; retained output and assembly bound to certificate."
FINITE-fletcher_step-reseed-gcc-O0,FINITE_EXHAUSTIVE_COMPILER_CELL,fletcher_step,reseed,gcc,-O0,gcc -std=c11 -Wall -Wextra -Werror -O0 artifact/benchmark/generated/fletcher_step/reseed/kernel.c -o artifact/results/raw/fletcher_step/reseed/gcc_o0,gcc (Debian 14.2.0-19) 14.2.0,source=e1011ed54c44832e9893db45b4d6163c739536ae97a33dd169158b77df0bcf30;reference=c66de56490a7d3a9b2958033c4088ae12fa623e739c66ceea52ae6968146a887;manifest=84e9f0535dd130bb207822161b0f24e02030516251f72dd1ca30140afd578131,artifact/results/raw/fletcher_step/reseed/gcc_o0.out,c66de56490a7d3a9b2958033c4088ae12fa623e739c66ceea52ae6968146a887,artifact/results/raw/fletcher_step/reseed/gcc_o0.s,d032f91169ab3407bc28dbe71f807bb8671281b3cde02a0dfb6cd241955bd74b,artifact/results/independent_recheck.json,EXECUTED,"65,536 ordered byte-pair cases; retained output and assembly bound to certificate."
FINITE-fletcher_step-reseed-gcc-O2,FINITE_EXHAUSTIVE_COMPILER_CELL,fletcher_step,reseed,gcc,-O2,gcc -std=c11 -Wall -Wextra -Werror -O2 artifact/benchmark/generated/fletcher_step/reseed/kernel.c -o artifact/results/raw/fletcher_step/reseed/gcc_o2,gcc (Debian 14.2.0-19) 14.2.0,source=e1011ed54c44832e9893db45b4d6163c739536ae97a33dd169158b77df0bcf30;reference=c66de56490a7d3a9b2958033c4088ae12fa623e739c66ceea52ae6968146a887;manifest=84e9f0535dd130bb207822161b0f24e02030516251f72dd1ca30140afd578131,artifact/results/raw/fletcher_step/reseed/gcc_o2.out,c66de56490a7d3a9b2958033c4088ae12fa623e739c66ceea52ae6968146a887,artifact/results/raw/fletcher_step/reseed/gcc_o2.s,92bbbb2694541ea4bf46a670f75076b1c252c200706afd8e341ad4d86882b359,artifact/results/independent_recheck.json,EXECUTED,"65,536 ordered byte-pair cases; retained output and assembly bound to certificate."
FINITE-fletcher_step-reseed-clang-O0,FINITE_EXHAUSTIVE_COMPILER_CELL,fletcher_step,reseed,clang,-O0,clang -std=c11 -Wall -Wextra -Werror -O0 artifact/benchmark/generated/fletcher_step/reseed/kernel.c -o artifact/results/raw/fletcher_step/reseed/clang_o0,clang version 17.0.0 (https://github.com/swiftlang/llvm-project.git 10999b6d034fe318f3d56c83bddb6572593a8bb0),source=e1011ed54c44832e9893db45b4d6163c739536ae97a33dd169158b77df0bcf30;reference=c66de56490a7d3a9b2958033c4088ae12fa623e739c66ceea52ae6968146a887;manifest=84e9f0535dd130bb207822161b0f24e02030516251f72dd1ca30140afd578131,artifact/results/raw/fletcher_step/reseed/clang_o0.out,c66de56490a7d3a9b2958033c4088ae12fa623e739c66ceea52ae6968146a887,artifact/results/raw/fletcher_step/reseed/clang_o0.s,99378b49b5297d873336309864ec371477c66b6eea0f4e9fb1e845bac3b42672,artifact/results/independent_recheck.json,EXECUTED,"65,536 ordered byte-pair cases; retained output and assembly bound to certificate."
FINITE-fletcher_step-reseed-clang-O2,FINITE_EXHAUSTIVE_COMPILER_CELL,fletcher_step,reseed,clang,-O2,clang -std=c11 -Wall -Wextra -Werror -O2 artifact/benchmark/generated/fletcher_step/reseed/kernel.c -o artifact/results/raw/fletcher_step/reseed/clang_o2,clang version 17.0.0 (https://github.com/swiftlang/llvm-project.git 10999b6d034fe318f3d56c83bddb6572593a8bb0),source=e1011ed54c44832e9893db45b4d6163c739536ae97a33dd169158b77df0bcf30;reference=c66de56490a7d3a9b2958033c4088ae12fa623e739c66ceea52ae6968146a887;manifest=84e9f0535dd130bb207822161b0f24e02030516251f72dd1ca30140afd578131,artifact/results/raw/fletcher_step/reseed/clang_o2.out,c66de56490a7d3a9b2958033c4088ae12fa623e739c66ceea52ae6968146a887,artifact/results/raw/fletcher_step/reseed/clang_o2.s,fb099b2fc5faad87f0b47b299bdc9047a7bb976092ffd0c2fdc51a6730484afe,artifact/results/independent_recheck.json,EXECUTED,"65,536 ordered byte-pair cases; retained output and assembly bound to certificate."
FINITE-fletcher_step-behavior_drift-gcc-O0,FINITE_EXHAUSTIVE_COMPILER_CELL,fletcher_step,behavior_drift,gcc,-O0,gcc -std=c11 -Wall -Wextra -Werror -O0 artifact/benchmark/generated/fletcher_step/behavior_drift/kernel.c -o artifact/results/raw/fletcher_step/behavior_drift/gcc_o0,gcc (Debian 14.2.0-19) 14.2.0,source=50ae20d8d2eda8c055d579b88811b6c1196bef698431484bec76e7edd2382d3e;reference=c66de56490a7d3a9b2958033c4088ae12fa623e739c66ceea52ae6968146a887;manifest=ed5901db1ede26bf6e8c249f9fb7aa66aa91d834995c6522b57003e6a37184a1,artifact/results/raw/fletcher_step/behavior_drift/gcc_o0.out,8deeae316e56c0452117b6b9949aac0a1510abc512abc198fdd207f7625d1b03,artifact/results/raw/fletcher_step/behavior_drift/gcc_o0.s,7416b5ac92c3e7edc3b90e6d77ebdfc40ae3dbf0ea2ba810b0a38c396dbd6c88,artifact/results/independent_recheck.json,EXECUTED,"65,536 ordered byte-pair cases; retained output and assembly bound to certificate."
FINITE-fletcher_step-behavior_drift-gcc-O2,FINITE_EXHAUSTIVE_COMPILER_CELL,fletcher_step,behavior_drift,gcc,-O2,gcc -std=c11 -Wall -Wextra -Werror -O2 artifact/benchmark/generated/fletcher_step/behavior_drift/kernel.c -o artifact/results/raw/fletcher_step/behavior_drift/gcc_o2,gcc (Debian 14.2.0-19) 14.2.0,source=50ae20d8d2eda8c055d579b88811b6c1196bef698431484bec76e7edd2382d3e;reference=c66de56490a7d3a9b2958033c4088ae12fa623e739c66ceea52ae6968146a887;manifest=ed5901db1ede26bf6e8c249f9fb7aa66aa91d834995c6522b57003e6a37184a1,artifact/results/raw/fletcher_step/behavior_drift/gcc_o2.out,8deeae316e56c0452117b6b9949aac0a1510abc512abc198fdd207f7625d1b03,artifact/results/raw/fletcher_step/behavior_drift/gcc_o2.s,c5c3c8a026e4e27f231aa0ef405669e4afa20860be8264cc69a4347fd5f67ad6,artifact/results/independent_recheck.json,EXECUTED,"65,536 ordered byte-pair cases; retained output and assembly bound to certificate."
FINITE-fletcher_step-behavior_drift-clang-O0,FINITE_EXHAUSTIVE_COMPILER_CELL,fletcher_step,behavior_drift,clang,-O0,clang -std=c11 -Wall -Wextra -Werror -O0 artifact/benchmark/generated/fletcher_step/behavior_drift/kernel.c -o artifact/results/raw/fletcher_step/behavior_drift/clang_o0,clang version 17.0.0 (https://github.com/swiftlang/llvm-project.git 10999b6d034fe318f3d56c83bddb6572593a8bb0),source=50ae20d8d2eda8c055d579b88811b6c1196bef698431484bec76e7edd2382d3e;reference=c66de56490a7d3a9b2958033c4088ae12fa623e739c66ceea52ae6968146a887;manifest=ed5901db1ede26bf6e8c249f9fb7aa66aa91d834995c6522b57003e6a37184a1,artifact/results/raw/fletcher_step/behavior_drift/clang_o0.out,8deeae316e56c0452117b6b9949aac0a1510abc512abc198fdd207f7625d1b03,artifact/results/raw/fletcher_step/behavior_drift/clang_o0.s,d453670d305038e6d5866f39578232a6583b5b29a3e5437923b340de597cd664,artifact/results/independent_recheck.json,EXECUTED,"65,536 ordered byte-pair cases; retained output and assembly bound to certificate."
FINITE-fletcher_step-behavior_drift-clang-O2,FINITE_EXHAUSTIVE_COMPILER_CELL,fletcher_step,behavior_drift,clang,-O2,clang -std=c11 -Wall -Wextra -Werror -O2 artifact/benchmark/generated/fletcher_step/behavior_drift/kernel.c -o artifact/results/raw/fletcher_step/behavior_drift/clang_o2,clang version 17.0.0 (https://github.com/swiftlang/llvm-project.git 10999b6d034fe318f3d56c83bddb6572593a8bb0),source=50ae20d8d2eda8c055d579b88811b6c1196bef698431484bec76e7edd2382d3e;reference=c66de56490a7d3a9b2958033c4088ae12fa623e739c66ceea52ae6968146a887;manifest=ed5901db1ede26bf6e8c249f9fb7aa66aa91d834995c6522b57003e6a37184a1,artifact/results/raw/fletcher_step/behavior_drift/clang_o2.out,8deeae316e56c0452117b6b9949aac0a1510abc512abc198fdd207f7625d1b03,artifact/results/raw/fletcher_step/behavior_drift/clang_o2.s,433053e957d7f1f8769a03747ba3565c50cb1400c267563e0627f97ac386938e,artifact/results/independent_recheck.json,EXECUTED,"65,536 ordered byte-pair cases; retained output and assembly bound to certificate."
FINITE-rotate_mix-baseline-gcc-O0,FINITE_EXHAUSTIVE_COMPILER_CELL,rotate_mix,baseline,gcc,-O0,gcc -std=c11 -Wall -Wextra -Werror -O0 artifact/benchmark/generated/rotate_mix/baseline/kernel.c -o artifact/results/raw/rotate_mix/baseline/gcc_o0,gcc (Debian 14.2.0-19) 14.2.0,source=777e14c656ae619af953ecdf39bfc0729458d9dba0f18d51c0929c1e255e9c90;reference=2a4cb58a1a9a7ca91d75cd71d4eb556af4f133956aeb23c6f10aa8711c556ca0;manifest=19fb50c9bb7dc3f0f25d6f7ac67987c2a55927e95f52a4871f33cc4c03cfa31a,artifact/results/raw/rotate_mix/baseline/gcc_o0.out,2a4cb58a1a9a7ca91d75cd71d4eb556af4f133956aeb23c6f10aa8711c556ca0,artifact/results/raw/rotate_mix/baseline/gcc_o0.s,673a7b2882a4d7554113d9c20047ccc1155899085bf265f98bd9d566c3986d42,artifact/results/independent_recheck.json,EXECUTED,"65,536 ordered byte-pair cases; retained output and assembly bound to certificate."
FINITE-rotate_mix-baseline-gcc-O2,FINITE_EXHAUSTIVE_COMPILER_CELL,rotate_mix,baseline,gcc,-O2,gcc -std=c11 -Wall -Wextra -Werror -O2 artifact/benchmark/generated/rotate_mix/baseline/kernel.c -o artifact/results/raw/rotate_mix/baseline/gcc_o2,gcc (Debian 14.2.0-19) 14.2.0,source=777e14c656ae619af953ecdf39bfc0729458d9dba0f18d51c0929c1e255e9c90;reference=2a4cb58a1a9a7ca91d75cd71d4eb556af4f133956aeb23c6f10aa8711c556ca0;manifest=19fb50c9bb7dc3f0f25d6f7ac67987c2a55927e95f52a4871f33cc4c03cfa31a,artifact/results/raw/rotate_mix/baseline/gcc_o2.out,2a4cb58a1a9a7ca91d75cd71d4eb556af4f133956aeb23c6f10aa8711c556ca0,artifact/results/raw/rotate_mix/baseline/gcc_o2.s,1f7f654afce4176977c1d9b6f462a2c013e081d3933b85cdbfc815bc05af99de,artifact/results/independent_recheck.json,EXECUTED,"65,536 ordered byte-pair cases; retained output and assembly bound to certificate."
FINITE-rotate_mix-baseline-clang-O0,FINITE_EXHAUSTIVE_COMPILER_CELL,rotate_mix,baseline,clang,-O0,clang -std=c11 -Wall -Wextra -Werror -O0 artifact/benchmark/generated/rotate_mix/baseline/kernel.c -o artifact/results/raw/rotate_mix/baseline/clang_o0,clang version 17.0.0 (https://github.com/swiftlang/llvm-project.git 10999b6d034fe318f3d56c83bddb6572593a8bb0),source=777e14c656ae619af953ecdf39bfc0729458d9dba0f18d51c0929c1e255e9c90;reference=2a4cb58a1a9a7ca91d75cd71d4eb556af4f133956aeb23c6f10aa8711c556ca0;manifest=19fb50c9bb7dc3f0f25d6f7ac67987c2a55927e95f52a4871f33cc4c03cfa31a,artifact/results/raw/rotate_mix/baseline/clang_o0.out,2a4cb58a1a9a7ca91d75cd71d4eb556af4f133956aeb23c6f10aa8711c556ca0,artifact/results/raw/rotate_mix/baseline/clang_o0.s,f32f1a0d1fe88cfc75056e5f5757f4a16f82776add72b91b1c2f89833b8cf1ca,artifact/results/independent_recheck.json,EXECUTED,"65,536 ordered byte-pair cases; retained output and assembly bound to certificate."
FINITE-rotate_mix-baseline-clang-O2,FINITE_EXHAUSTIVE_COMPILER_CELL,rotate_mix,baseline,clang,-O2,clang -std=c11 -Wall -Wextra -Werror -O2 artifact/benchmark/generated/rotate_mix/baseline/kernel.c -o artifact/results/raw/rotate_mix/baseline/clang_o2,clang version 17.0.0 (https://github.com/swiftlang/llvm-project.git 10999b6d034fe318f3d56c83bddb6572593a8bb0),source=777e14c656ae619af953ecdf39bfc0729458d9dba0f18d51c0929c1e255e9c90;reference=2a4cb58a1a9a7ca91d75cd71d4eb556af4f133956aeb23c6f10aa8711c556ca0;manifest=19fb50c9bb7dc3f0f25d6f7ac67987c2a55927e95f52a4871f33cc4c03cfa31a,artifact/results/raw/rotate_mix/baseline/clang_o2.out,2a4cb58a1a9a7ca91d75cd71d4eb556af4f133956aeb23c6f10aa8711c556ca0,artifact/results/raw/rotate_mix/baseline/clang_o2.s,9c886bd6296643a262ec7335970c81a81665abd2033b9db015bc7e58f28073bc,artifact/results/independent_recheck.json,EXECUTED,"65,536 ordered byte-pair cases; retained output and assembly bound to certificate."
FINITE-rotate_mix-rename-gcc-O0,FINITE_EXHAUSTIVE_COMPILER_CELL,rotate_mix,rename,gcc,-O0,gcc -std=c11 -Wall -Wextra -Werror -O0 artifact/benchmark/generated/rotate_mix/rename/kernel.c -o artifact/results/raw/rotate_mix/rename/gcc_o0,gcc (Debian 14.2.0-19) 14.2.0,source=55b2ed7c1dccca829c39edf59c302dbc8acb466c5f8a3eb438cff71b1078106a;reference=2a4cb58a1a9a7ca91d75cd71d4eb556af4f133956aeb23c6f10aa8711c556ca0;manifest=19fb50c9bb7dc3f0f25d6f7ac67987c2a55927e95f52a4871f33cc4c03cfa31a,artifact/results/raw/rotate_mix/rename/gcc_o0.out,2a4cb58a1a9a7ca91d75cd71d4eb556af4f133956aeb23c6f10aa8711c556ca0,artifact/results/raw/rotate_mix/rename/gcc_o0.s,673a7b2882a4d7554113d9c20047ccc1155899085bf265f98bd9d566c3986d42,artifact/results/independent_recheck.json,EXECUTED,"65,536 ordered byte-pair cases; retained output and assembly bound to certificate."
FINITE-rotate_mix-rename-gcc-O2,FINITE_EXHAUSTIVE_COMPILER_CELL,rotate_mix,rename,gcc,-O2,gcc -std=c11 -Wall -Wextra -Werror -O2 artifact/benchmark/generated/rotate_mix/rename/kernel.c -o artifact/results/raw/rotate_mix/rename/gcc_o2,gcc (Debian 14.2.0-19) 14.2.0,source=55b2ed7c1dccca829c39edf59c302dbc8acb466c5f8a3eb438cff71b1078106a;reference=2a4cb58a1a9a7ca91d75cd71d4eb556af4f133956aeb23c6f10aa8711c556ca0;manifest=19fb50c9bb7dc3f0f25d6f7ac67987c2a55927e95f52a4871f33cc4c03cfa31a,artifact/results/raw/rotate_mix/rename/gcc_o2.out,2a4cb58a1a9a7ca91d75cd71d4eb556af4f133956aeb23c6f10aa8711c556ca0,artifact/results/raw/rotate_mix/rename/gcc_o2.s,1f7f654afce4176977c1d9b6f462a2c013e081d3933b85cdbfc815bc05af99de,artifact/results/independent_recheck.json,EXECUTED,"65,536 ordered byte-pair cases; retained output and assembly bound to certificate."
FINITE-rotate_mix-rename-clang-O0,FINITE_EXHAUSTIVE_COMPILER_CELL,rotate_mix,rename,clang,-O0,clang -std=c11 -Wall -Wextra -Werror -O0 artifact/benchmark/generated/rotate_mix/rename/kernel.c -o artifact/results/raw/rotate_mix/rename/clang_o0,clang version 17.0.0 (https://github.com/swiftlang/llvm-project.git 10999b6d034fe318f3d56c83bddb6572593a8bb0),source=55b2ed7c1dccca829c39edf59c302dbc8acb466c5f8a3eb438cff71b1078106a;reference=2a4cb58a1a9a7ca91d75cd71d4eb556af4f133956aeb23c6f10aa8711c556ca0;manifest=19fb50c9bb7dc3f0f25d6f7ac67987c2a55927e95f52a4871f33cc4c03cfa31a,artifact/results/raw/rotate_mix/rename/clang_o0.out,2a4cb58a1a9a7ca91d75cd71d4eb556af4f133956aeb23c6f10aa8711c556ca0,artifact/results/raw/rotate_mix/rename/clang_o0.s,f32f1a0d1fe88cfc75056e5f5757f4a16f82776add72b91b1c2f89833b8cf1ca,artifact/results/independent_recheck.json,EXECUTED,"65,536 ordered byte-pair cases; retained output and assembly bound to certificate."
FINITE-rotate_mix-rename-clang-O2,FINITE_EXHAUSTIVE_COMPILER_CELL,rotate_mix,rename,clang,-O2,clang -std=c11 -Wall -Wextra -Werror -O2 artifact/benchmark/generated/rotate_mix/rename/kernel.c -o artifact/results/raw/rotate_mix/rename/clang_o2,clang version 17.0.0 (https://github.com/swiftlang/llvm-project.git 10999b6d034fe318f3d56c83bddb6572593a8bb0),source=55b2ed7c1dccca829c39edf59c302dbc8acb466c5f8a3eb438cff71b1078106a;reference=2a4cb58a1a9a7ca91d75cd71d4eb556af4f133956aeb23c6f10aa8711c556ca0;manifest=19fb50c9bb7dc3f0f25d6f7ac67987c2a55927e95f52a4871f33cc4c03cfa31a,artifact/results/raw/rotate_mix/rename/clang_o2.out,2a4cb58a1a9a7ca91d75cd71d4eb556af4f133956aeb23c6f10aa8711c556ca0,artifact/results/raw/rotate_mix/rename/clang_o2.s,9c886bd6296643a262ec7335970c81a81665abd2033b9db015bc7e58f28073bc,artifact/results/independent_recheck.json,EXECUTED,"65,536 ordered byte-pair cases; retained output and assembly bound to certificate."
FINITE-rotate_mix-reorder-gcc-O0,FINITE_EXHAUSTIVE_COMPILER_CELL,rotate_mix,reorder,gcc,-O0,gcc -std=c11 -Wall -Wextra -Werror -O0 artifact/benchmark/generated/rotate_mix/reorder/kernel.c -o artifact/results/raw/rotate_mix/reorder/gcc_o0,gcc (Debian 14.2.0-19) 14.2.0,source=d1417388695a3fef186320201d8bf5c31e92cd39ec3ca2d57e939e9a4836c6b8;reference=2a4cb58a1a9a7ca91d75cd71d4eb556af4f133956aeb23c6f10aa8711c556ca0;manifest=19fb50c9bb7dc3f0f25d6f7ac67987c2a55927e95f52a4871f33cc4c03cfa31a,artifact/results/raw/rotate_mix/reorder/gcc_o0.out,2a4cb58a1a9a7ca91d75cd71d4eb556af4f133956aeb23c6f10aa8711c556ca0,artifact/results/raw/rotate_mix/reorder/gcc_o0.s,673a7b2882a4d7554113d9c20047ccc1155899085bf265f98bd9d566c3986d42,artifact/results/independent_recheck.json,EXECUTED,"65,536 ordered byte-pair cases; retained output and assembly bound to certificate."
FINITE-rotate_mix-reorder-gcc-O2,FINITE_EXHAUSTIVE_COMPILER_CELL,rotate_mix,reorder,gcc,-O2,gcc -std=c11 -Wall -Wextra -Werror -O2 artifact/benchmark/generated/rotate_mix/reorder/kernel.c -o artifact/results/raw/rotate_mix/reorder/gcc_o2,gcc (Debian 14.2.0-19) 14.2.0,source=d1417388695a3fef186320201d8bf5c31e92cd39ec3ca2d57e939e9a4836c6b8;reference=2a4cb58a1a9a7ca91d75cd71d4eb556af4f133956aeb23c6f10aa8711c556ca0;manifest=19fb50c9bb7dc3f0f25d6f7ac67987c2a55927e95f52a4871f33cc4c03cfa31a,artifact/results/raw/rotate_mix/reorder/gcc_o2.out,2a4cb58a1a9a7ca91d75cd71d4eb556af4f133956aeb23c6f10aa8711c556ca0,artifact/results/raw/rotate_mix/reorder/gcc_o2.s,1f7f654afce4176977c1d9b6f462a2c013e081d3933b85cdbfc815bc05af99de,artifact/results/independent_recheck.json,EXECUTED,"65,536 ordered byte-pair cases; retained output and assembly bound to certificate."
FINITE-rotate_mix-reorder-clang-O0,FINITE_EXHAUSTIVE_COMPILER_CELL,rotate_mix,reorder,clang,-O0,clang -std=c11 -Wall -Wextra -Werror -O0 artifact/benchmark/generated/rotate_mix/reorder/kernel.c -o artifact/results/raw/rotate_mix/reorder/clang_o0,clang version 17.0.0 (https://github.com/swiftlang/llvm-project.git 10999b6d034fe318f3d56c83bddb6572593a8bb0),source=d1417388695a3fef186320201d8bf5c31e92cd39ec3ca2d57e939e9a4836c6b8;reference=2a4cb58a1a9a7ca91d75cd71d4eb556af4f133956aeb23c6f10aa8711c556ca0;manifest=19fb50c9bb7dc3f0f25d6f7ac67987c2a55927e95f52a4871f33cc4c03cfa31a,artifact/results/raw/rotate_mix/reorder/clang_o0.out,2a4cb58a1a9a7ca91d75cd71d4eb556af4f133956aeb23c6f10aa8711c556ca0,artifact/results/raw/rotate_mix/reorder/clang_o0.s,2792c20c81c45e34607e8474b1f6e14ecf22dc3972e315659951165a835331e7,artifact/results/independent_recheck.json,EXECUTED,"65,536 ordered byte-pair cases; retained output and assembly bound to certificate."
FINITE-rotate_mix-reorder-clang-O2,FINITE_EXHAUSTIVE_COMPILER_CELL,rotate_mix,reorder,clang,-O2,clang -std=c11 -Wall -Wextra -Werror -O2 artifact/benchmark/generated/rotate_mix/reorder/kernel.c -o artifact/results/raw/rotate_mix/reorder/clang_o2,clang version 17.0.0 (https://github.com/swiftlang/llvm-project.git 10999b6d034fe318f3d56c83bddb6572593a8bb0),source=d1417388695a3fef186320201d8bf5c31e92cd39ec3ca2d57e939e9a4836c6b8;reference=2a4cb58a1a9a7ca91d75cd71d4eb556af4f133956aeb23c6f10aa8711c556ca0;manifest=19fb50c9bb7dc3f0f25d6f7ac67987c2a55927e95f52a4871f33cc4c03cfa31a,artifact/results/raw/rotate_mix/reorder/clang_o2.out,2a4cb58a1a9a7ca91d75cd71d4eb556af4f133956aeb23c6f10aa8711c556ca0,artifact/results/raw/rotate_mix/reorder/clang_o2.s,9c886bd6296643a262ec7335970c81a81665abd2033b9db015bc7e58f28073bc,artifact/results/independent_recheck.json,EXECUTED,"65,536 ordered byte-pair cases; retained output and assembly bound to certificate."
FINITE-rotate_mix-extract-gcc-O0,FINITE_EXHAUSTIVE_COMPILER_CELL,rotate_mix,extract,gcc,-O0,gcc -std=c11 -Wall -Wextra -Werror -O0 artifact/benchmark/generated/rotate_mix/extract/kernel.c -o artifact/results/raw/rotate_mix/extract/gcc_o0,gcc (Debian 14.2.0-19) 14.2.0,source=c92219ed55260d1e347731d2149c02b8ee34b0a7ef16de523c3ac50b1b766033;reference=2a4cb58a1a9a7ca91d75cd71d4eb556af4f133956aeb23c6f10aa8711c556ca0;manifest=19fb50c9bb7dc3f0f25d6f7ac67987c2a55927e95f52a4871f33cc4c03cfa31a,artifact/results/raw/rotate_mix/extract/gcc_o0.out,2a4cb58a1a9a7ca91d75cd71d4eb556af4f133956aeb23c6f10aa8711c556ca0,artifact/results/raw/rotate_mix/extract/gcc_o0.s,97874939f2df8fd7f8e58ff9b05cca70c908345f2b51f16f84b085565a1ca399,artifact/results/independent_recheck.json,EXECUTED,"65,536 ordered byte-pair cases; retained output and assembly bound to certificate."
FINITE-rotate_mix-extract-gcc-O2,FINITE_EXHAUSTIVE_COMPILER_CELL,rotate_mix,extract,gcc,-O2,gcc -std=c11 -Wall -Wextra -Werror -O2 artifact/benchmark/generated/rotate_mix/extract/kernel.c -o artifact/results/raw/rotate_mix/extract/gcc_o2,gcc (Debian 14.2.0-19) 14.2.0,source=c92219ed55260d1e347731d2149c02b8ee34b0a7ef16de523c3ac50b1b766033;reference=2a4cb58a1a9a7ca91d75cd71d4eb556af4f133956aeb23c6f10aa8711c556ca0;manifest=19fb50c9bb7dc3f0f25d6f7ac67987c2a55927e95f52a4871f33cc4c03cfa31a,artifact/results/raw/rotate_mix/extract/gcc_o2.out,2a4cb58a1a9a7ca91d75cd71d4eb556af4f133956aeb23c6f10aa8711c556ca0,artifact/results/raw/rotate_mix/extract/gcc_o2.s,41834c94f8fe64a819fac4e1c3e433dbd28446f59fec865e904588318f845ae8,artifact/results/independent_recheck.json,EXECUTED,"65,536 ordered byte-pair cases; retained output and assembly bound to certificate."
FINITE-rotate_mix-extract-clang-O0,FINITE_EXHAUSTIVE_COMPILER_CELL,rotate_mix,extract,clang,-O0,clang -std=c11 -Wall -Wextra -Werror -O0 artifact/benchmark/generated/rotate_mix/extract/kernel.c -o artifact/results/raw/rotate_mix/extract/clang_o0,clang version 17.0.0 (https://github.com/swiftlang/llvm-project.git 10999b6d034fe318f3d56c83bddb6572593a8bb0),source=c92219ed55260d1e347731d2149c02b8ee34b0a7ef16de523c3ac50b1b766033;reference=2a4cb58a1a9a7ca91d75cd71d4eb556af4f133956aeb23c6f10aa8711c556ca0;manifest=19fb50c9bb7dc3f0f25d6f7ac67987c2a55927e95f52a4871f33cc4c03cfa31a,artifact/results/raw/rotate_mix/extract/clang_o0.out,2a4cb58a1a9a7ca91d75cd71d4eb556af4f133956aeb23c6f10aa8711c556ca0,artifact/results/raw/rotate_mix/extract/clang_o0.s,9795b62281c23f61f0d69db48b113ed711bc6cf9ac0e88ccdcb8e296dc33b102,artifact/results/independent_recheck.json,EXECUTED,"65,536 ordered byte-pair cases; retained output and assembly bound to certificate."
FINITE-rotate_mix-extract-clang-O2,FINITE_EXHAUSTIVE_COMPILER_CELL,rotate_mix,extract,clang,-O2,clang -std=c11 -Wall -Wextra -Werror -O2 artifact/benchmark/generated/rotate_mix/extract/kernel.c -o artifact/results/raw/rotate_mix/extract/clang_o2,clang version 17.0.0 (https://github.com/swiftlang/llvm-project.git 10999b6d034fe318f3d56c83bddb6572593a8bb0),source=c92219ed55260d1e347731d2149c02b8ee34b0a7ef16de523c3ac50b1b766033;reference=2a4cb58a1a9a7ca91d75cd71d4eb556af4f133956aeb23c6f10aa8711c556ca0;manifest=19fb50c9bb7dc3f0f25d6f7ac67987c2a55927e95f52a4871f33cc4c03cfa31a,artifact/results/raw/rotate_mix/extract/clang_o2.out,2a4cb58a1a9a7ca91d75cd71d4eb556af4f133956aeb23c6f10aa8711c556ca0,artifact/results/raw/rotate_mix/extract/clang_o2.s,9c886bd6296643a262ec7335970c81a81665abd2033b9db015bc7e58f28073bc,artifact/results/independent_recheck.json,EXECUTED,"65,536 ordered byte-pair cases; retained output and assembly bound to certificate."
FINITE-rotate_mix-dependency_upgrade-gcc-O0,FINITE_EXHAUSTIVE_COMPILER_CELL,rotate_mix,dependency_upgrade,gcc,-O0,gcc -std=c11 -Wall -Wextra -Werror -O0 artifact/benchmark/generated/rotate_mix/dependency_upgrade/kernel.c -o artifact/results/raw/rotate_mix/dependency_upgrade/gcc_o0,gcc (Debian 14.2.0-19) 14.2.0,source=502fe092bb062736e1e4c9c9fe274cc63051198459b2ab14f703defd4b38aec9;reference=2a4cb58a1a9a7ca91d75cd71d4eb556af4f133956aeb23c6f10aa8711c556ca0;manifest=19fb50c9bb7dc3f0f25d6f7ac67987c2a55927e95f52a4871f33cc4c03cfa31a,artifact/results/raw/rotate_mix/dependency_upgrade/gcc_o0.out,2a4cb58a1a9a7ca91d75cd71d4eb556af4f133956aeb23c6f10aa8711c556ca0,artifact/results/raw/rotate_mix/dependency_upgrade/gcc_o0.s,f63387ff3afbaa3211baf4d1b2723c1cdf275def8b8985ed1df26179fb0bb42f,artifact/results/independent_recheck.json,EXECUTED,"65,536 ordered byte-pair cases; retained output and assembly bound to certificate."
FINITE-rotate_mix-dependency_upgrade-gcc-O2,FINITE_EXHAUSTIVE_COMPILER_CELL,rotate_mix,dependency_upgrade,gcc,-O2,gcc -std=c11 -Wall -Wextra -Werror -O2 artifact/benchmark/generated/rotate_mix/dependency_upgrade/kernel.c -o artifact/results/raw/rotate_mix/dependency_upgrade/gcc_o2,gcc (Debian 14.2.0-19) 14.2.0,source=502fe092bb062736e1e4c9c9fe274cc63051198459b2ab14f703defd4b38aec9;reference=2a4cb58a1a9a7ca91d75cd71d4eb556af4f133956aeb23c6f10aa8711c556ca0;manifest=19fb50c9bb7dc3f0f25d6f7ac67987c2a55927e95f52a4871f33cc4c03cfa31a,artifact/results/raw/rotate_mix/dependency_upgrade/gcc_o2.out,2a4cb58a1a9a7ca91d75cd71d4eb556af4f133956aeb23c6f10aa8711c556ca0,artifact/results/raw/rotate_mix/dependency_upgrade/gcc_o2.s,c3f76d1052a1d0c1d3033fecb3ed8285f18b9661d7d4d6e08647fdf775f3004e,artifact/results/independent_recheck.json,EXECUTED,"65,536 ordered byte-pair cases; retained output and assembly bound to certificate."
FINITE-rotate_mix-dependency_upgrade-clang-O0,FINITE_EXHAUSTIVE_COMPILER_CELL,rotate_mix,dependency_upgrade,clang,-O0,clang -std=c11 -Wall -Wextra -Werror -O0 artifact/benchmark/generated/rotate_mix/dependency_upgrade/kernel.c -o artifact/results/raw/rotate_mix/dependency_upgrade/clang_o0,clang version 17.0.0 (https://github.com/swiftlang/llvm-project.git 10999b6d034fe318f3d56c83bddb6572593a8bb0),source=502fe092bb062736e1e4c9c9fe274cc63051198459b2ab14f703defd4b38aec9;reference=2a4cb58a1a9a7ca91d75cd71d4eb556af4f133956aeb23c6f10aa8711c556ca0;manifest=19fb50c9bb7dc3f0f25d6f7ac67987c2a55927e95f52a4871f33cc4c03cfa31a,artifact/results/raw/rotate_mix/dependency_upgrade/clang_o0.out,2a4cb58a1a9a7ca91d75cd71d4eb556af4f133956aeb23c6f10aa8711c556ca0,artifact/results/raw/rotate_mix/dependency_upgrade/clang_o0.s,e36871eab7c718193467348c0ebff4e706667f5e39be038d31108e638bbbeb2e,artifact/results/independent_recheck.json,EXECUTED,"65,536 ordered byte-pair cases; retained output and assembly bound to certificate."
FINITE-rotate_mix-dependency_upgrade-clang-O2,FINITE_EXHAUSTIVE_COMPILER_CELL,rotate_mix,dependency_upgrade,clang,-O2,clang -std=c11 -Wall -Wextra -Werror -O2 artifact/benchmark/generated/rotate_mix/dependency_upgrade/kernel.c -o artifact/results/raw/rotate_mix/dependency_upgrade/clang_o2,clang version 17.0.0 (https://github.com/swiftlang/llvm-project.git 10999b6d034fe318f3d56c83bddb6572593a8bb0),source=502fe092bb062736e1e4c9c9fe274cc63051198459b2ab14f703defd4b38aec9;reference=2a4cb58a1a9a7ca91d75cd71d4eb556af4f133956aeb23c6f10aa8711c556ca0;manifest=19fb50c9bb7dc3f0f25d6f7ac67987c2a55927e95f52a4871f33cc4c03cfa31a,artifact/results/raw/rotate_mix/dependency_upgrade/clang_o2.out,2a4cb58a1a9a7ca91d75cd71d4eb556af4f133956aeb23c6f10aa8711c556ca0,artifact/results/raw/rotate_mix/dependency_upgrade/clang_o2.s,9c886bd6296643a262ec7335970c81a81665abd2033b9db015bc7e58f28073bc,artifact/results/independent_recheck.json,EXECUTED,"65,536 ordered byte-pair cases; retained output and assembly bound to certificate."
FINITE-rotate_mix-format-gcc-O0,FINITE_EXHAUSTIVE_COMPILER_CELL,rotate_mix,format,gcc,-O0,gcc -std=c11 -Wall -Wextra -Werror -O0 artifact/benchmark/generated/rotate_mix/format/kernel.c -o artifact/results/raw/rotate_mix/format/gcc_o0,gcc (Debian 14.2.0-19) 14.2.0,source=17cfe38d61d327078da9dc523424510151d0a20ef0d46e38141ee7786983ef60;reference=2a4cb58a1a9a7ca91d75cd71d4eb556af4f133956aeb23c6f10aa8711c556ca0;manifest=19fb50c9bb7dc3f0f25d6f7ac67987c2a55927e95f52a4871f33cc4c03cfa31a,artifact/results/raw/rotate_mix/format/gcc_o0.out,2a4cb58a1a9a7ca91d75cd71d4eb556af4f133956aeb23c6f10aa8711c556ca0,artifact/results/raw/rotate_mix/format/gcc_o0.s,f63387ff3afbaa3211baf4d1b2723c1cdf275def8b8985ed1df26179fb0bb42f,artifact/results/independent_recheck.json,EXECUTED,"65,536 ordered byte-pair cases; retained output and assembly bound to certificate."
FINITE-rotate_mix-format-gcc-O2,FINITE_EXHAUSTIVE_COMPILER_CELL,rotate_mix,format,gcc,-O2,gcc -std=c11 -Wall -Wextra -Werror -O2 artifact/benchmark/generated/rotate_mix/format/kernel.c -o artifact/results/raw/rotate_mix/format/gcc_o2,gcc (Debian 14.2.0-19) 14.2.0,source=17cfe38d61d327078da9dc523424510151d0a20ef0d46e38141ee7786983ef60;reference=2a4cb58a1a9a7ca91d75cd71d4eb556af4f133956aeb23c6f10aa8711c556ca0;manifest=19fb50c9bb7dc3f0f25d6f7ac67987c2a55927e95f52a4871f33cc4c03cfa31a,artifact/results/raw/rotate_mix/format/gcc_o2.out,2a4cb58a1a9a7ca91d75cd71d4eb556af4f133956aeb23c6f10aa8711c556ca0,artifact/results/raw/rotate_mix/format/gcc_o2.s,c3f76d1052a1d0c1d3033fecb3ed8285f18b9661d7d4d6e08647fdf775f3004e,artifact/results/independent_recheck.json,EXECUTED,"65,536 ordered byte-pair cases; retained output and assembly bound to certificate."
FINITE-rotate_mix-format-clang-O0,FINITE_EXHAUSTIVE_COMPILER_CELL,rotate_mix,format,clang,-O0,clang -std=c11 -Wall -Wextra -Werror -O0 artifact/benchmark/generated/rotate_mix/format/kernel.c -o artifact/results/raw/rotate_mix/format/clang_o0,clang version 17.0.0 (https://github.com/swiftlang/llvm-project.git 10999b6d034fe318f3d56c83bddb6572593a8bb0),source=17cfe38d61d327078da9dc523424510151d0a20ef0d46e38141ee7786983ef60;reference=2a4cb58a1a9a7ca91d75cd71d4eb556af4f133956aeb23c6f10aa8711c556ca0;manifest=19fb50c9bb7dc3f0f25d6f7ac67987c2a55927e95f52a4871f33cc4c03cfa31a,artifact/results/raw/rotate_mix/format/clang_o0.out,2a4cb58a1a9a7ca91d75cd71d4eb556af4f133956aeb23c6f10aa8711c556ca0,artifact/results/raw/rotate_mix/format/clang_o0.s,e36871eab7c718193467348c0ebff4e706667f5e39be038d31108e638bbbeb2e,artifact/results/independent_recheck.json,EXECUTED,"65,536 ordered byte-pair cases; retained output and assembly bound to certificate."
FINITE-rotate_mix-format-clang-O2,FINITE_EXHAUSTIVE_COMPILER_CELL,rotate_mix,format,clang,-O2,clang -std=c11 -Wall -Wextra -Werror -O2 artifact/benchmark/generated/rotate_mix/format/kernel.c -o artifact/results/raw/rotate_mix/format/clang_o2,clang version 17.0.0 (https://github.com/swiftlang/llvm-project.git 10999b6d034fe318f3d56c83bddb6572593a8bb0),source=17cfe38d61d327078da9dc523424510151d0a20ef0d46e38141ee7786983ef60;reference=2a4cb58a1a9a7ca91d75cd71d4eb556af4f133956aeb23c6f10aa8711c556ca0;manifest=19fb50c9bb7dc3f0f25d6f7ac67987c2a55927e95f52a4871f33cc4c03cfa31a,artifact/results/raw/rotate_mix/format/clang_o2.out,2a4cb58a1a9a7ca91d75cd71d4eb556af4f133956aeb23c6f10aa8711c556ca0,artifact/results/raw/rotate_mix/format/clang_o2.s,9c886bd6296643a262ec7335970c81a81665abd2033b9db015bc7e58f28073bc,artifact/results/independent_recheck.json,EXECUTED,"65,536 ordered byte-pair cases; retained output and assembly bound to certificate."
FINITE-rotate_mix-erase_tolerable-gcc-O0,FINITE_EXHAUSTIVE_COMPILER_CELL,rotate_mix,erase_tolerable,gcc,-O0,gcc -std=c11 -Wall -Wextra -Werror -O0 artifact/benchmark/generated/rotate_mix/erase_tolerable/kernel.c -o artifact/results/raw/rotate_mix/erase_tolerable/gcc_o0,gcc (Debian 14.2.0-19) 14.2.0,source=324f273f0ee68580ba898ecac379c7a0ea69678670747156f1024c18ee2c69d0;reference=2a4cb58a1a9a7ca91d75cd71d4eb556af4f133956aeb23c6f10aa8711c556ca0;manifest=19fb50c9bb7dc3f0f25d6f7ac67987c2a55927e95f52a4871f33cc4c03cfa31a,artifact/results/raw/rotate_mix/erase_tolerable/gcc_o0.out,2a4cb58a1a9a7ca91d75cd71d4eb556af4f133956aeb23c6f10aa8711c556ca0,artifact/results/raw/rotate_mix/erase_tolerable/gcc_o0.s,822c9bc7be5e59fcb26f17147184fa8ed7eb595908dd7b31a9ef9f698e86c301,artifact/results/independent_recheck.json,EXECUTED,"65,536 ordered byte-pair cases; retained output and assembly bound to certificate."
FINITE-rotate_mix-erase_tolerable-gcc-O2,FINITE_EXHAUSTIVE_COMPILER_CELL,rotate_mix,erase_tolerable,gcc,-O2,gcc -std=c11 -Wall -Wextra -Werror -O2 artifact/benchmark/generated/rotate_mix/erase_tolerable/kernel.c -o artifact/results/raw/rotate_mix/erase_tolerable/gcc_o2,gcc (Debian 14.2.0-19) 14.2.0,source=324f273f0ee68580ba898ecac379c7a0ea69678670747156f1024c18ee2c69d0;reference=2a4cb58a1a9a7ca91d75cd71d4eb556af4f133956aeb23c6f10aa8711c556ca0;manifest=19fb50c9bb7dc3f0f25d6f7ac67987c2a55927e95f52a4871f33cc4c03cfa31a,artifact/results/raw/rotate_mix/erase_tolerable/gcc_o2.out,2a4cb58a1a9a7ca91d75cd71d4eb556af4f133956aeb23c6f10aa8711c556ca0,artifact/results/raw/rotate_mix/erase_tolerable/gcc_o2.s,5561af71ece9db792b98adedc800331e332a51c487c6347932127e5b03df19eb,artifact/results/independent_recheck.json,EXECUTED,"65,536 ordered byte-pair cases; retained output and assembly bound to certificate."
FINITE-rotate_mix-erase_tolerable-clang-O0,FINITE_EXHAUSTIVE_COMPILER_CELL,rotate_mix,erase_tolerable,clang,-O0,clang -std=c11 -Wall -Wextra -Werror -O0 artifact/benchmark/generated/rotate_mix/erase_tolerable/kernel.c -o artifact/results/raw/rotate_mix/erase_tolerable/clang_o0,clang version 17.0.0 (https://github.com/swiftlang/llvm-project.git 10999b6d034fe318f3d56c83bddb6572593a8bb0),source=324f273f0ee68580ba898ecac379c7a0ea69678670747156f1024c18ee2c69d0;reference=2a4cb58a1a9a7ca91d75cd71d4eb556af4f133956aeb23c6f10aa8711c556ca0;manifest=19fb50c9bb7dc3f0f25d6f7ac67987c2a55927e95f52a4871f33cc4c03cfa31a,artifact/results/raw/rotate_mix/erase_tolerable/clang_o0.out,2a4cb58a1a9a7ca91d75cd71d4eb556af4f133956aeb23c6f10aa8711c556ca0,artifact/results/raw/rotate_mix/erase_tolerable/clang_o0.s,ca80eb081a05dbc370acad7d0c98357428a43a480d475f56343ee90fc1867a68,artifact/results/independent_recheck.json,EXECUTED,"65,536 ordered byte-pair cases; retained output and assembly bound to certificate."
FINITE-rotate_mix-erase_tolerable-clang-O2,FINITE_EXHAUSTIVE_COMPILER_CELL,rotate_mix,erase_tolerable,clang,-O2,clang -std=c11 -Wall -Wextra -Werror -O2 artifact/benchmark/generated/rotate_mix/erase_tolerable/kernel.c -o artifact/results/raw/rotate_mix/erase_tolerable/clang_o2,clang version 17.0.0 (https://github.com/swiftlang/llvm-project.git 10999b6d034fe318f3d56c83bddb6572593a8bb0),source=324f273f0ee68580ba898ecac379c7a0ea69678670747156f1024c18ee2c69d0;reference=2a4cb58a1a9a7ca91d75cd71d4eb556af4f133956aeb23c6f10aa8711c556ca0;manifest=19fb50c9bb7dc3f0f25d6f7ac67987c2a55927e95f52a4871f33cc4c03cfa31a,artifact/results/raw/rotate_mix/erase_tolerable/clang_o2.out,2a4cb58a1a9a7ca91d75cd71d4eb556af4f133956aeb23c6f10aa8711c556ca0,artifact/results/raw/rotate_mix/erase_tolerable/clang_o2.s,9c886bd6296643a262ec7335970c81a81665abd2033b9db015bc7e58f28073bc,artifact/results/independent_recheck.json,EXECUTED,"65,536 ordered byte-pair cases; retained output and assembly bound to certificate."
FINITE-rotate_mix-merge_tolerable-gcc-O0,FINITE_EXHAUSTIVE_COMPILER_CELL,rotate_mix,merge_tolerable,gcc,-O0,gcc -std=c11 -Wall -Wextra -Werror -O0 artifact/benchmark/generated/rotate_mix/merge_tolerable/kernel.c -o artifact/results/raw/rotate_mix/merge_tolerable/gcc_o0,gcc (Debian 14.2.0-19) 14.2.0,source=5371c1ead06da69fea1af272884816d860d23f414e16b3c8edd6e3e06b2e3df6;reference=2a4cb58a1a9a7ca91d75cd71d4eb556af4f133956aeb23c6f10aa8711c556ca0;manifest=19fb50c9bb7dc3f0f25d6f7ac67987c2a55927e95f52a4871f33cc4c03cfa31a,artifact/results/raw/rotate_mix/merge_tolerable/gcc_o0.out,2a4cb58a1a9a7ca91d75cd71d4eb556af4f133956aeb23c6f10aa8711c556ca0,artifact/results/raw/rotate_mix/merge_tolerable/gcc_o0.s,822c9bc7be5e59fcb26f17147184fa8ed7eb595908dd7b31a9ef9f698e86c301,artifact/results/independent_recheck.json,EXECUTED,"65,536 ordered byte-pair cases; retained output and assembly bound to certificate."
FINITE-rotate_mix-merge_tolerable-gcc-O2,FINITE_EXHAUSTIVE_COMPILER_CELL,rotate_mix,merge_tolerable,gcc,-O2,gcc -std=c11 -Wall -Wextra -Werror -O2 artifact/benchmark/generated/rotate_mix/merge_tolerable/kernel.c -o artifact/results/raw/rotate_mix/merge_tolerable/gcc_o2,gcc (Debian 14.2.0-19) 14.2.0,source=5371c1ead06da69fea1af272884816d860d23f414e16b3c8edd6e3e06b2e3df6;reference=2a4cb58a1a9a7ca91d75cd71d4eb556af4f133956aeb23c6f10aa8711c556ca0;manifest=19fb50c9bb7dc3f0f25d6f7ac67987c2a55927e95f52a4871f33cc4c03cfa31a,artifact/results/raw/rotate_mix/merge_tolerable/gcc_o2.out,2a4cb58a1a9a7ca91d75cd71d4eb556af4f133956aeb23c6f10aa8711c556ca0,artifact/results/raw/rotate_mix/merge_tolerable/gcc_o2.s,5561af71ece9db792b98adedc800331e332a51c487c6347932127e5b03df19eb,artifact/results/independent_recheck.json,EXECUTED,"65,536 ordered byte-pair cases; retained output and assembly bound to certificate."
FINITE-rotate_mix-merge_tolerable-clang-O0,FINITE_EXHAUSTIVE_COMPILER_CELL,rotate_mix,merge_tolerable,clang,-O0,clang -std=c11 -Wall -Wextra -Werror -O0 artifact/benchmark/generated/rotate_mix/merge_tolerable/kernel.c -o artifact/results/raw/rotate_mix/merge_tolerable/clang_o0,clang version 17.0.0 (https://github.com/swiftlang/llvm-project.git 10999b6d034fe318f3d56c83bddb6572593a8bb0),source=5371c1ead06da69fea1af272884816d860d23f414e16b3c8edd6e3e06b2e3df6;reference=2a4cb58a1a9a7ca91d75cd71d4eb556af4f133956aeb23c6f10aa8711c556ca0;manifest=19fb50c9bb7dc3f0f25d6f7ac67987c2a55927e95f52a4871f33cc4c03cfa31a,artifact/results/raw/rotate_mix/merge_tolerable/clang_o0.out,2a4cb58a1a9a7ca91d75cd71d4eb556af4f133956aeb23c6f10aa8711c556ca0,artifact/results/raw/rotate_mix/merge_tolerable/clang_o0.s,ca80eb081a05dbc370acad7d0c98357428a43a480d475f56343ee90fc1867a68,artifact/results/independent_recheck.json,EXECUTED,"65,536 ordered byte-pair cases; retained output and assembly bound to certificate."
FINITE-rotate_mix-merge_tolerable-clang-O2,FINITE_EXHAUSTIVE_COMPILER_CELL,rotate_mix,merge_tolerable,clang,-O2,clang -std=c11 -Wall -Wextra -Werror -O2 artifact/benchmark/generated/rotate_mix/merge_tolerable/kernel.c -o artifact/results/raw/rotate_mix/merge_tolerable/clang_o2,clang version 17.0.0 (https://github.com/swiftlang/llvm-project.git 10999b6d034fe318f3d56c83bddb6572593a8bb0),source=5371c1ead06da69fea1af272884816d860d23f414e16b3c8edd6e3e06b2e3df6;reference=2a4cb58a1a9a7ca91d75cd71d4eb556af4f133956aeb23c6f10aa8711c556ca0;manifest=19fb50c9bb7dc3f0f25d6f7ac67987c2a55927e95f52a4871f33cc4c03cfa31a,artifact/results/raw/rotate_mix/merge_tolerable/clang_o2.out,2a4cb58a1a9a7ca91d75cd71d4eb556af4f133956aeb23c6f10aa8711c556ca0,artifact/results/raw/rotate_mix/merge_tolerable/clang_o2.s,9c886bd6296643a262ec7335970c81a81665abd2033b9db015bc7e58f28073bc,artifact/results/independent_recheck.json,EXECUTED,"65,536 ordered byte-pair cases; retained output and assembly bound to certificate."
FINITE-rotate_mix-flip_tolerable-gcc-O0,FINITE_EXHAUSTIVE_COMPILER_CELL,rotate_mix,flip_tolerable,gcc,-O0,gcc -std=c11 -Wall -Wextra -Werror -O0 artifact/benchmark/generated/rotate_mix/flip_tolerable/kernel.c -o artifact/results/raw/rotate_mix/flip_tolerable/gcc_o0,gcc (Debian 14.2.0-19) 14.2.0,source=58b9ce0cdcc3d5906658adafd54b08da24837df421b57dc2fdb11b96a04f1f8a;reference=2a4cb58a1a9a7ca91d75cd71d4eb556af4f133956aeb23c6f10aa8711c556ca0;manifest=19fb50c9bb7dc3f0f25d6f7ac67987c2a55927e95f52a4871f33cc4c03cfa31a,artifact/results/raw/rotate_mix/flip_tolerable/gcc_o0.out,2a4cb58a1a9a7ca91d75cd71d4eb556af4f133956aeb23c6f10aa8711c556ca0,artifact/results/raw/rotate_mix/flip_tolerable/gcc_o0.s,ab3528b03bae30a1ab98771109dd18263d2b6c961fb6705a01b411784985d5a2,artifact/results/independent_recheck.json,EXECUTED,"65,536 ordered byte-pair cases; retained output and assembly bound to certificate."
FINITE-rotate_mix-flip_tolerable-gcc-O2,FINITE_EXHAUSTIVE_COMPILER_CELL,rotate_mix,flip_tolerable,gcc,-O2,gcc -std=c11 -Wall -Wextra -Werror -O2 artifact/benchmark/generated/rotate_mix/flip_tolerable/kernel.c -o artifact/results/raw/rotate_mix/flip_tolerable/gcc_o2,gcc (Debian 14.2.0-19) 14.2.0,source=58b9ce0cdcc3d5906658adafd54b08da24837df421b57dc2fdb11b96a04f1f8a;reference=2a4cb58a1a9a7ca91d75cd71d4eb556af4f133956aeb23c6f10aa8711c556ca0;manifest=19fb50c9bb7dc3f0f25d6f7ac67987c2a55927e95f52a4871f33cc4c03cfa31a,artifact/results/raw/rotate_mix/flip_tolerable/gcc_o2.out,2a4cb58a1a9a7ca91d75cd71d4eb556af4f133956aeb23c6f10aa8711c556ca0,artifact/results/raw/rotate_mix/flip_tolerable/gcc_o2.s,5561af71ece9db792b98adedc800331e332a51c487c6347932127e5b03df19eb,artifact/results/independent_recheck.json,EXECUTED,"65,536 ordered byte-pair cases; retained output and assembly bound to certificate."
FINITE-rotate_mix-flip_tolerable-clang-O0,FINITE_EXHAUSTIVE_COMPILER_CELL,rotate_mix,flip_tolerable,clang,-O0,clang -std=c11 -Wall -Wextra -Werror -O0 artifact/benchmark/generated/rotate_mix/flip_tolerable/kernel.c -o artifact/results/raw/rotate_mix/flip_tolerable/clang_o0,clang version 17.0.0 (https://github.com/swiftlang/llvm-project.git 10999b6d034fe318f3d56c83bddb6572593a8bb0),source=58b9ce0cdcc3d5906658adafd54b08da24837df421b57dc2fdb11b96a04f1f8a;reference=2a4cb58a1a9a7ca91d75cd71d4eb556af4f133956aeb23c6f10aa8711c556ca0;manifest=19fb50c9bb7dc3f0f25d6f7ac67987c2a55927e95f52a4871f33cc4c03cfa31a,artifact/results/raw/rotate_mix/flip_tolerable/clang_o0.out,2a4cb58a1a9a7ca91d75cd71d4eb556af4f133956aeb23c6f10aa8711c556ca0,artifact/results/raw/rotate_mix/flip_tolerable/clang_o0.s,d8f6a7f5e677b826d1316a5f387df39700fa27cdf1ab7d2b41e82691ddb4bd7a,artifact/results/independent_recheck.json,EXECUTED,"65,536 ordered byte-pair cases; retained output and assembly bound to certificate."
FINITE-rotate_mix-flip_tolerable-clang-O2,FINITE_EXHAUSTIVE_COMPILER_CELL,rotate_mix,flip_tolerable,clang,-O2,clang -std=c11 -Wall -Wextra -Werror -O2 artifact/benchmark/generated/rotate_mix/flip_tolerable/kernel.c -o artifact/results/raw/rotate_mix/flip_tolerable/clang_o2,clang version 17.0.0 (https://github.com/swiftlang/llvm-project.git 10999b6d034fe318f3d56c83bddb6572593a8bb0),source=58b9ce0cdcc3d5906658adafd54b08da24837df421b57dc2fdb11b96a04f1f8a;reference=2a4cb58a1a9a7ca91d75cd71d4eb556af4f133956aeb23c6f10aa8711c556ca0;manifest=19fb50c9bb7dc3f0f25d6f7ac67987c2a55927e95f52a4871f33cc4c03cfa31a,artifact/results/raw/rotate_mix/flip_tolerable/clang_o2.out,2a4cb58a1a9a7ca91d75cd71d4eb556af4f133956aeb23c6f10aa8711c556ca0,artifact/results/raw/rotate_mix/flip_tolerable/clang_o2.s,9c886bd6296643a262ec7335970c81a81665abd2033b9db015bc7e58f28073bc,artifact/results/independent_recheck.json,EXECUTED,"65,536 ordered byte-pair cases; retained output and assembly bound to certificate."
FINITE-rotate_mix-recovery_break-gcc-O0,FINITE_EXHAUSTIVE_COMPILER_CELL,rotate_mix,recovery_break,gcc,-O0,gcc -std=c11 -Wall -Wextra -Werror -O0 artifact/benchmark/generated/rotate_mix/recovery_break/kernel.c -o artifact/results/raw/rotate_mix/recovery_break/gcc_o0,gcc (Debian 14.2.0-19) 14.2.0,source=4ac7541dbd3f6905c7bc564c59271e78e3c6a650793fbe55f3371aa17c5bb9e4;reference=2a4cb58a1a9a7ca91d75cd71d4eb556af4f133956aeb23c6f10aa8711c556ca0;manifest=19fb50c9bb7dc3f0f25d6f7ac67987c2a55927e95f52a4871f33cc4c03cfa31a,artifact/results/raw/rotate_mix/recovery_break/gcc_o0.out,2a4cb58a1a9a7ca91d75cd71d4eb556af4f133956aeb23c6f10aa8711c556ca0,artifact/results/raw/rotate_mix/recovery_break/gcc_o0.s,3ee9e6eed445d081ebcddea6e690b1d048ca426b08d5428e52fe394d152b628f,artifact/results/independent_recheck.json,EXECUTED,"65,536 ordered byte-pair cases; retained output and assembly bound to certificate."
FINITE-rotate_mix-recovery_break-gcc-O2,FINITE_EXHAUSTIVE_COMPILER_CELL,rotate_mix,recovery_break,gcc,-O2,gcc -std=c11 -Wall -Wextra -Werror -O2 artifact/benchmark/generated/rotate_mix/recovery_break/kernel.c -o artifact/results/raw/rotate_mix/recovery_break/gcc_o2,gcc (Debian 14.2.0-19) 14.2.0,source=4ac7541dbd3f6905c7bc564c59271e78e3c6a650793fbe55f3371aa17c5bb9e4;reference=2a4cb58a1a9a7ca91d75cd71d4eb556af4f133956aeb23c6f10aa8711c556ca0;manifest=19fb50c9bb7dc3f0f25d6f7ac67987c2a55927e95f52a4871f33cc4c03cfa31a,artifact/results/raw/rotate_mix/recovery_break/gcc_o2.out,2a4cb58a1a9a7ca91d75cd71d4eb556af4f133956aeb23c6f10aa8711c556ca0,artifact/results/raw/rotate_mix/recovery_break/gcc_o2.s,0ca0886f99c24d63fc5e21002e8bc6cf4d2ef03f68770e9496c6eda90019f7b1,artifact/results/independent_recheck.json,EXECUTED,"65,536 ordered byte-pair cases; retained output and assembly bound to certificate."
FINITE-rotate_mix-recovery_break-clang-O0,FINITE_EXHAUSTIVE_COMPILER_CELL,rotate_mix,recovery_break,clang,-O0,clang -std=c11 -Wall -Wextra -Werror -O0 artifact/benchmark/generated/rotate_mix/recovery_break/kernel.c -o artifact/results/raw/rotate_mix/recovery_break/clang_o0,clang version 17.0.0 (https://github.com/swiftlang/llvm-project.git 10999b6d034fe318f3d56c83bddb6572593a8bb0),source=4ac7541dbd3f6905c7bc564c59271e78e3c6a650793fbe55f3371aa17c5bb9e4;reference=2a4cb58a1a9a7ca91d75cd71d4eb556af4f133956aeb23c6f10aa8711c556ca0;manifest=19fb50c9bb7dc3f0f25d6f7ac67987c2a55927e95f52a4871f33cc4c03cfa31a,artifact/results/raw/rotate_mix/recovery_break/clang_o0.out,2a4cb58a1a9a7ca91d75cd71d4eb556af4f133956aeb23c6f10aa8711c556ca0,artifact/results/raw/rotate_mix/recovery_break/clang_o0.s,fdefa66191c53f7b903951f1ccc4905785c609c3444a618687c28f3eaead060e,artifact/results/independent_recheck.json,EXECUTED,"65,536 ordered byte-pair cases; retained output and assembly bound to certificate."
FINITE-rotate_mix-recovery_break-clang-O2,FINITE_EXHAUSTIVE_COMPILER_CELL,rotate_mix,recovery_break,clang,-O2,clang -std=c11 -Wall -Wextra -Werror -O2 artifact/benchmark/generated/rotate_mix/recovery_break/kernel.c -o artifact/results/raw/rotate_mix/recovery_break/clang_o2,clang version 17.0.0 (https://github.com/swiftlang/llvm-project.git 10999b6d034fe318f3d56c83bddb6572593a8bb0),source=4ac7541dbd3f6905c7bc564c59271e78e3c6a650793fbe55f3371aa17c5bb9e4;reference=2a4cb58a1a9a7ca91d75cd71d4eb556af4f133956aeb23c6f10aa8711c556ca0;manifest=19fb50c9bb7dc3f0f25d6f7ac67987c2a55927e95f52a4871f33cc4c03cfa31a,artifact/results/raw/rotate_mix/recovery_break/clang_o2.out,2a4cb58a1a9a7ca91d75cd71d4eb556af4f133956aeb23c6f10aa8711c556ca0,artifact/results/raw/rotate_mix/recovery_break/clang_o2.s,9c886bd6296643a262ec7335970c81a81665abd2033b9db015bc7e58f28073bc,artifact/results/independent_recheck.json,EXECUTED,"65,536 ordered byte-pair cases; retained output and assembly bound to certificate."
FINITE-rotate_mix-reseed-gcc-O0,FINITE_EXHAUSTIVE_COMPILER_CELL,rotate_mix,reseed,gcc,-O0,gcc -std=c11 -Wall -Wextra -Werror -O0 artifact/benchmark/generated/rotate_mix/reseed/kernel.c -o artifact/results/raw/rotate_mix/reseed/gcc_o0,gcc (Debian 14.2.0-19) 14.2.0,source=ba3a314cd68040ddb88ce678f38273ee96f1f2078591899daa35b69a29773a1b;reference=2a4cb58a1a9a7ca91d75cd71d4eb556af4f133956aeb23c6f10aa8711c556ca0;manifest=fb6a53a2bcacb331ec354de132cec15b376ee24823b9a063ea0d544a0047e968,artifact/results/raw/rotate_mix/reseed/gcc_o0.out,2a4cb58a1a9a7ca91d75cd71d4eb556af4f133956aeb23c6f10aa8711c556ca0,artifact/results/raw/rotate_mix/reseed/gcc_o0.s,bbbedd191104249f9c0c59f3efee09e3e5db81d025902c9062e5a5547a87810b,artifact/results/independent_recheck.json,EXECUTED,"65,536 ordered byte-pair cases; retained output and assembly bound to certificate."
FINITE-rotate_mix-reseed-gcc-O2,FINITE_EXHAUSTIVE_COMPILER_CELL,rotate_mix,reseed,gcc,-O2,gcc -std=c11 -Wall -Wextra -Werror -O2 artifact/benchmark/generated/rotate_mix/reseed/kernel.c -o artifact/results/raw/rotate_mix/reseed/gcc_o2,gcc (Debian 14.2.0-19) 14.2.0,source=ba3a314cd68040ddb88ce678f38273ee96f1f2078591899daa35b69a29773a1b;reference=2a4cb58a1a9a7ca91d75cd71d4eb556af4f133956aeb23c6f10aa8711c556ca0;manifest=fb6a53a2bcacb331ec354de132cec15b376ee24823b9a063ea0d544a0047e968,artifact/results/raw/rotate_mix/reseed/gcc_o2.out,2a4cb58a1a9a7ca91d75cd71d4eb556af4f133956aeb23c6f10aa8711c556ca0,artifact/results/raw/rotate_mix/reseed/gcc_o2.s,c3f76d1052a1d0c1d3033fecb3ed8285f18b9661d7d4d6e08647fdf775f3004e,artifact/results/independent_recheck.json,EXECUTED,"65,536 ordered byte-pair cases; retained output and assembly bound to certificate."
FINITE-rotate_mix-reseed-clang-O0,FINITE_EXHAUSTIVE_COMPILER_CELL,rotate_mix,reseed,clang,-O0,clang -std=c11 -Wall -Wextra -Werror -O0 artifact/benchmark/generated/rotate_mix/reseed/kernel.c -o artifact/results/raw/rotate_mix/reseed/clang_o0,clang version 17.0.0 (https://github.com/swiftlang/llvm-project.git 10999b6d034fe318f3d56c83bddb6572593a8bb0),source=ba3a314cd68040ddb88ce678f38273ee96f1f2078591899daa35b69a29773a1b;reference=2a4cb58a1a9a7ca91d75cd71d4eb556af4f133956aeb23c6f10aa8711c556ca0;manifest=fb6a53a2bcacb331ec354de132cec15b376ee24823b9a063ea0d544a0047e968,artifact/results/raw/rotate_mix/reseed/clang_o0.out,2a4cb58a1a9a7ca91d75cd71d4eb556af4f133956aeb23c6f10aa8711c556ca0,artifact/results/raw/rotate_mix/reseed/clang_o0.s,cd528d7e8029989cf1c0dae87092668a6b8849b943d3c62ce64e8cfa7700a8e6,artifact/results/independent_recheck.json,EXECUTED,"65,536 ordered byte-pair cases; retained output and assembly bound to certificate."
FINITE-rotate_mix-reseed-clang-O2,FINITE_EXHAUSTIVE_COMPILER_CELL,rotate_mix,reseed,clang,-O2,clang -std=c11 -Wall -Wextra -Werror -O2 artifact/benchmark/generated/rotate_mix/reseed/kernel.c -o artifact/results/raw/rotate_mix/reseed/clang_o2,clang version 17.0.0 (https://github.com/swiftlang/llvm-project.git 10999b6d034fe318f3d56c83bddb6572593a8bb0),source=ba3a314cd68040ddb88ce678f38273ee96f1f2078591899daa35b69a29773a1b;reference=2a4cb58a1a9a7ca91d75cd71d4eb556af4f133956aeb23c6f10aa8711c556ca0;manifest=fb6a53a2bcacb331ec354de132cec15b376ee24823b9a063ea0d544a0047e968,artifact/results/raw/rotate_mix/reseed/clang_o2.out,2a4cb58a1a9a7ca91d75cd71d4eb556af4f133956aeb23c6f10aa8711c556ca0,artifact/results/raw/rotate_mix/reseed/clang_o2.s,9c886bd6296643a262ec7335970c81a81665abd2033b9db015bc7e58f28073bc,artifact/results/independent_recheck.json,EXECUTED,"65,536 ordered byte-pair cases; retained output and assembly bound to certificate."
FINITE-rotate_mix-behavior_drift-gcc-O0,FINITE_EXHAUSTIVE_COMPILER_CELL,rotate_mix,behavior_drift,gcc,-O0,gcc -std=c11 -Wall -Wextra -Werror -O0 artifact/benchmark/generated/rotate_mix/behavior_drift/kernel.c -o artifact/results/raw/rotate_mix/behavior_drift/gcc_o0,gcc (Debian 14.2.0-19) 14.2.0,source=1ff1577912c6b5470966434e1c5eaa791a4df120dadded4a43bcec7baa09845a;reference=2a4cb58a1a9a7ca91d75cd71d4eb556af4f133956aeb23c6f10aa8711c556ca0;manifest=19fb50c9bb7dc3f0f25d6f7ac67987c2a55927e95f52a4871f33cc4c03cfa31a,artifact/results/raw/rotate_mix/behavior_drift/gcc_o0.out,935f3d029db1cd96552f2552bb7540d4c3813e67b8c4fb0e2edc971baeb94844,artifact/results/raw/rotate_mix/behavior_drift/gcc_o0.s,0119a88973bd29b6135f38fcc987b6999fa5cbb0092b80be82983717d6ac0ce4,artifact/results/independent_recheck.json,EXECUTED,"65,536 ordered byte-pair cases; retained output and assembly bound to certificate."
FINITE-rotate_mix-behavior_drift-gcc-O2,FINITE_EXHAUSTIVE_COMPILER_CELL,rotate_mix,behavior_drift,gcc,-O2,gcc -std=c11 -Wall -Wextra -Werror -O2 artifact/benchmark/generated/rotate_mix/behavior_drift/kernel.c -o artifact/results/raw/rotate_mix/behavior_drift/gcc_o2,gcc (Debian 14.2.0-19) 14.2.0,source=1ff1577912c6b5470966434e1c5eaa791a4df120dadded4a43bcec7baa09845a;reference=2a4cb58a1a9a7ca91d75cd71d4eb556af4f133956aeb23c6f10aa8711c556ca0;manifest=19fb50c9bb7dc3f0f25d6f7ac67987c2a55927e95f52a4871f33cc4c03cfa31a,artifact/results/raw/rotate_mix/behavior_drift/gcc_o2.out,935f3d029db1cd96552f2552bb7540d4c3813e67b8c4fb0e2edc971baeb94844,artifact/results/raw/rotate_mix/behavior_drift/gcc_o2.s,2388a17bc9e405156791a7eb837fc1d3a1bc3644a7563b6f8396f45835e01cd1,artifact/results/independent_recheck.json,EXECUTED,"65,536 ordered byte-pair cases; retained output and assembly bound to certificate."
FINITE-rotate_mix-behavior_drift-clang-O0,FINITE_EXHAUSTIVE_COMPILER_CELL,rotate_mix,behavior_drift,clang,-O0,clang -std=c11 -Wall -Wextra -Werror -O0 artifact/benchmark/generated/rotate_mix/behavior_drift/kernel.c -o artifact/results/raw/rotate_mix/behavior_drift/clang_o0,clang version 17.0.0 (https://github.com/swiftlang/llvm-project.git 10999b6d034fe318f3d56c83bddb6572593a8bb0),source=1ff1577912c6b5470966434e1c5eaa791a4df120dadded4a43bcec7baa09845a;reference=2a4cb58a1a9a7ca91d75cd71d4eb556af4f133956aeb23c6f10aa8711c556ca0;manifest=19fb50c9bb7dc3f0f25d6f7ac67987c2a55927e95f52a4871f33cc4c03cfa31a,artifact/results/raw/rotate_mix/behavior_drift/clang_o0.out,935f3d029db1cd96552f2552bb7540d4c3813e67b8c4fb0e2edc971baeb94844,artifact/results/raw/rotate_mix/behavior_drift/clang_o0.s,7fa9679035fc8168be3347057ee59fdd13908092ca6daeabb1c5f0e65e7f1f1d,artifact/results/independent_recheck.json,EXECUTED,"65,536 ordered byte-pair cases; retained output and assembly bound to certificate."
FINITE-rotate_mix-behavior_drift-clang-O2,FINITE_EXHAUSTIVE_COMPILER_CELL,rotate_mix,behavior_drift,clang,-O2,clang -std=c11 -Wall -Wextra -Werror -O2 artifact/benchmark/generated/rotate_mix/behavior_drift/kernel.c -o artifact/results/raw/rotate_mix/behavior_drift/clang_o2,clang version 17.0.0 (https://github.com/swiftlang/llvm-project.git 10999b6d034fe318f3d56c83bddb6572593a8bb0),source=1ff1577912c6b5470966434e1c5eaa791a4df120dadded4a43bcec7baa09845a;reference=2a4cb58a1a9a7ca91d75cd71d4eb556af4f133956aeb23c6f10aa8711c556ca0;manifest=19fb50c9bb7dc3f0f25d6f7ac67987c2a55927e95f52a4871f33cc4c03cfa31a,artifact/results/raw/rotate_mix/behavior_drift/clang_o2.out,935f3d029db1cd96552f2552bb7540d4c3813e67b8c4fb0e2edc971baeb94844,artifact/results/raw/rotate_mix/behavior_drift/clang_o2.s,ff14da48c68f7dd6e3b71e58012bf4e84f3e51e2e8cd3022d3fd8ec85645e10f,artifact/results/independent_recheck.json,EXECUTED,"65,536 ordered byte-pair cases; retained output and assembly bound to certificate."
FINITE-varint_state-baseline-gcc-O0,FINITE_EXHAUSTIVE_COMPILER_CELL,varint_state,baseline,gcc,-O0,gcc -std=c11 -Wall -Wextra -Werror -O0 artifact/benchmark/generated/varint_state/baseline/kernel.c -o artifact/results/raw/varint_state/baseline/gcc_o0,gcc (Debian 14.2.0-19) 14.2.0,source=54298e5d2855056b3c4bbc74eb9ea065f639792cc265a974d0a8948edb8ea3b2;reference=d7be560359f1ef9fece372bf945f5cfcfb492aa1ffa158ca18b89f62410a7760;manifest=afdbe86353200fe550c1d0e0336b5c2b42e717239d4034ffc9925afe9819b949,artifact/results/raw/varint_state/baseline/gcc_o0.out,d7be560359f1ef9fece372bf945f5cfcfb492aa1ffa158ca18b89f62410a7760,artifact/results/raw/varint_state/baseline/gcc_o0.s,4b4f589f658b83a172668711fbdd196e0cde2bcd91df5f2306eceb963d9c4798,artifact/results/independent_recheck.json,EXECUTED,"65,536 ordered byte-pair cases; retained output and assembly bound to certificate."
FINITE-varint_state-baseline-gcc-O2,FINITE_EXHAUSTIVE_COMPILER_CELL,varint_state,baseline,gcc,-O2,gcc -std=c11 -Wall -Wextra -Werror -O2 artifact/benchmark/generated/varint_state/baseline/kernel.c -o artifact/results/raw/varint_state/baseline/gcc_o2,gcc (Debian 14.2.0-19) 14.2.0,source=54298e5d2855056b3c4bbc74eb9ea065f639792cc265a974d0a8948edb8ea3b2;reference=d7be560359f1ef9fece372bf945f5cfcfb492aa1ffa158ca18b89f62410a7760;manifest=afdbe86353200fe550c1d0e0336b5c2b42e717239d4034ffc9925afe9819b949,artifact/results/raw/varint_state/baseline/gcc_o2.out,d7be560359f1ef9fece372bf945f5cfcfb492aa1ffa158ca18b89f62410a7760,artifact/results/raw/varint_state/baseline/gcc_o2.s,90e0d703b54ab1c1efae6fd5a46abaa9a5c4b28a20734d90eb0f1cf3306c6613,artifact/results/independent_recheck.json,EXECUTED,"65,536 ordered byte-pair cases; retained output and assembly bound to certificate."
FINITE-varint_state-baseline-clang-O0,FINITE_EXHAUSTIVE_COMPILER_CELL,varint_state,baseline,clang,-O0,clang -std=c11 -Wall -Wextra -Werror -O0 artifact/benchmark/generated/varint_state/baseline/kernel.c -o artifact/results/raw/varint_state/baseline/clang_o0,clang version 17.0.0 (https://github.com/swiftlang/llvm-project.git 10999b6d034fe318f3d56c83bddb6572593a8bb0),source=54298e5d2855056b3c4bbc74eb9ea065f639792cc265a974d0a8948edb8ea3b2;reference=d7be560359f1ef9fece372bf945f5cfcfb492aa1ffa158ca18b89f62410a7760;manifest=afdbe86353200fe550c1d0e0336b5c2b42e717239d4034ffc9925afe9819b949,artifact/results/raw/varint_state/baseline/clang_o0.out,d7be560359f1ef9fece372bf945f5cfcfb492aa1ffa158ca18b89f62410a7760,artifact/results/raw/varint_state/baseline/clang_o0.s,d59c8b11497c5388f0cc14f7248cbd3c72ecfaf19225b81a771452d727a817dd,artifact/results/independent_recheck.json,EXECUTED,"65,536 ordered byte-pair cases; retained output and assembly bound to certificate."
FINITE-varint_state-baseline-clang-O2,FINITE_EXHAUSTIVE_COMPILER_CELL,varint_state,baseline,clang,-O2,clang -std=c11 -Wall -Wextra -Werror -O2 artifact/benchmark/generated/varint_state/baseline/kernel.c -o artifact/results/raw/varint_state/baseline/clang_o2,clang version 17.0.0 (https://github.com/swiftlang/llvm-project.git 10999b6d034fe318f3d56c83bddb6572593a8bb0),source=54298e5d2855056b3c4bbc74eb9ea065f639792cc265a974d0a8948edb8ea3b2;reference=d7be560359f1ef9fece372bf945f5cfcfb492aa1ffa158ca18b89f62410a7760;manifest=afdbe86353200fe550c1d0e0336b5c2b42e717239d4034ffc9925afe9819b949,artifact/results/raw/varint_state/baseline/clang_o2.out,d7be560359f1ef9fece372bf945f5cfcfb492aa1ffa158ca18b89f62410a7760,artifact/results/raw/varint_state/baseline/clang_o2.s,430536667dd13fb41e1cade896400f60d71a67200afd25e57e4fd54143499c4e,artifact/results/independent_recheck.json,EXECUTED,"65,536 ordered byte-pair cases; retained output and assembly bound to certificate."
FINITE-varint_state-rename-gcc-O0,FINITE_EXHAUSTIVE_COMPILER_CELL,varint_state,rename,gcc,-O0,gcc -std=c11 -Wall -Wextra -Werror -O0 artifact/benchmark/generated/varint_state/rename/kernel.c -o artifact/results/raw/varint_state/rename/gcc_o0,gcc (Debian 14.2.0-19) 14.2.0,source=0da90f1d9d454206ea9c4197d362afa13cd96fce650a326e6e153ae7f20d0526;reference=d7be560359f1ef9fece372bf945f5cfcfb492aa1ffa158ca18b89f62410a7760;manifest=afdbe86353200fe550c1d0e0336b5c2b42e717239d4034ffc9925afe9819b949,artifact/results/raw/varint_state/rename/gcc_o0.out,d7be560359f1ef9fece372bf945f5cfcfb492aa1ffa158ca18b89f62410a7760,artifact/results/raw/varint_state/rename/gcc_o0.s,4b4f589f658b83a172668711fbdd196e0cde2bcd91df5f2306eceb963d9c4798,artifact/results/independent_recheck.json,EXECUTED,"65,536 ordered byte-pair cases; retained output and assembly bound to certificate."
FINITE-varint_state-rename-gcc-O2,FINITE_EXHAUSTIVE_COMPILER_CELL,varint_state,rename,gcc,-O2,gcc -std=c11 -Wall -Wextra -Werror -O2 artifact/benchmark/generated/varint_state/rename/kernel.c -o artifact/results/raw/varint_state/rename/gcc_o2,gcc (Debian 14.2.0-19) 14.2.0,source=0da90f1d9d454206ea9c4197d362afa13cd96fce650a326e6e153ae7f20d0526;reference=d7be560359f1ef9fece372bf945f5cfcfb492aa1ffa158ca18b89f62410a7760;manifest=afdbe86353200fe550c1d0e0336b5c2b42e717239d4034ffc9925afe9819b949,artifact/results/raw/varint_state/rename/gcc_o2.out,d7be560359f1ef9fece372bf945f5cfcfb492aa1ffa158ca18b89f62410a7760,artifact/results/raw/varint_state/rename/gcc_o2.s,90e0d703b54ab1c1efae6fd5a46abaa9a5c4b28a20734d90eb0f1cf3306c6613,artifact/results/independent_recheck.json,EXECUTED,"65,536 ordered byte-pair cases; retained output and assembly bound to certificate."
FINITE-varint_state-rename-clang-O0,FINITE_EXHAUSTIVE_COMPILER_CELL,varint_state,rename,clang,-O0,clang -std=c11 -Wall -Wextra -Werror -O0 artifact/benchmark/generated/varint_state/rename/kernel.c -o artifact/results/raw/varint_state/rename/clang_o0,clang version 17.0.0 (https://github.com/swiftlang/llvm-project.git 10999b6d034fe318f3d56c83bddb6572593a8bb0),source=0da90f1d9d454206ea9c4197d362afa13cd96fce650a326e6e153ae7f20d0526;reference=d7be560359f1ef9fece372bf945f5cfcfb492aa1ffa158ca18b89f62410a7760;manifest=afdbe86353200fe550c1d0e0336b5c2b42e717239d4034ffc9925afe9819b949,artifact/results/raw/varint_state/rename/clang_o0.out,d7be560359f1ef9fece372bf945f5cfcfb492aa1ffa158ca18b89f62410a7760,artifact/results/raw/varint_state/rename/clang_o0.s,d59c8b11497c5388f0cc14f7248cbd3c72ecfaf19225b81a771452d727a817dd,artifact/results/independent_recheck.json,EXECUTED,"65,536 ordered byte-pair cases; retained output and assembly bound to certificate."
FINITE-varint_state-rename-clang-O2,FINITE_EXHAUSTIVE_COMPILER_CELL,varint_state,rename,clang,-O2,clang -std=c11 -Wall -Wextra -Werror -O2 artifact/benchmark/generated/varint_state/rename/kernel.c -o artifact/results/raw/varint_state/rename/clang_o2,clang version 17.0.0 (https://github.com/swiftlang/llvm-project.git 10999b6d034fe318f3d56c83bddb6572593a8bb0),source=0da90f1d9d454206ea9c4197d362afa13cd96fce650a326e6e153ae7f20d0526;reference=d7be560359f1ef9fece372bf945f5cfcfb492aa1ffa158ca18b89f62410a7760;manifest=afdbe86353200fe550c1d0e0336b5c2b42e717239d4034ffc9925afe9819b949,artifact/results/raw/varint_state/rename/clang_o2.out,d7be560359f1ef9fece372bf945f5cfcfb492aa1ffa158ca18b89f62410a7760,artifact/results/raw/varint_state/rename/clang_o2.s,430536667dd13fb41e1cade896400f60d71a67200afd25e57e4fd54143499c4e,artifact/results/independent_recheck.json,EXECUTED,"65,536 ordered byte-pair cases; retained output and assembly bound to certificate."
FINITE-varint_state-reorder-gcc-O0,FINITE_EXHAUSTIVE_COMPILER_CELL,varint_state,reorder,gcc,-O0,gcc -std=c11 -Wall -Wextra -Werror -O0 artifact/benchmark/generated/varint_state/reorder/kernel.c -o artifact/results/raw/varint_state/reorder/gcc_o0,gcc (Debian 14.2.0-19) 14.2.0,source=81e65349e92b2c598bf497b2febb7e152edd46226f857ad97b4a6c047dfc547b;reference=d7be560359f1ef9fece372bf945f5cfcfb492aa1ffa158ca18b89f62410a7760;manifest=afdbe86353200fe550c1d0e0336b5c2b42e717239d4034ffc9925afe9819b949,artifact/results/raw/varint_state/reorder/gcc_o0.out,d7be560359f1ef9fece372bf945f5cfcfb492aa1ffa158ca18b89f62410a7760,artifact/results/raw/varint_state/reorder/gcc_o0.s,4b4f589f658b83a172668711fbdd196e0cde2bcd91df5f2306eceb963d9c4798,artifact/results/independent_recheck.json,EXECUTED,"65,536 ordered byte-pair cases; retained output and assembly bound to certificate."
FINITE-varint_state-reorder-gcc-O2,FINITE_EXHAUSTIVE_COMPILER_CELL,varint_state,reorder,gcc,-O2,gcc -std=c11 -Wall -Wextra -Werror -O2 artifact/benchmark/generated/varint_state/reorder/kernel.c -o artifact/results/raw/varint_state/reorder/gcc_o2,gcc (Debian 14.2.0-19) 14.2.0,source=81e65349e92b2c598bf497b2febb7e152edd46226f857ad97b4a6c047dfc547b;reference=d7be560359f1ef9fece372bf945f5cfcfb492aa1ffa158ca18b89f62410a7760;manifest=afdbe86353200fe550c1d0e0336b5c2b42e717239d4034ffc9925afe9819b949,artifact/results/raw/varint_state/reorder/gcc_o2.out,d7be560359f1ef9fece372bf945f5cfcfb492aa1ffa158ca18b89f62410a7760,artifact/results/raw/varint_state/reorder/gcc_o2.s,90e0d703b54ab1c1efae6fd5a46abaa9a5c4b28a20734d90eb0f1cf3306c6613,artifact/results/independent_recheck.json,EXECUTED,"65,536 ordered byte-pair cases; retained output and assembly bound to certificate."
FINITE-varint_state-reorder-clang-O0,FINITE_EXHAUSTIVE_COMPILER_CELL,varint_state,reorder,clang,-O0,clang -std=c11 -Wall -Wextra -Werror -O0 artifact/benchmark/generated/varint_state/reorder/kernel.c -o artifact/results/raw/varint_state/reorder/clang_o0,clang version 17.0.0 (https://github.com/swiftlang/llvm-project.git 10999b6d034fe318f3d56c83bddb6572593a8bb0),source=81e65349e92b2c598bf497b2febb7e152edd46226f857ad97b4a6c047dfc547b;reference=d7be560359f1ef9fece372bf945f5cfcfb492aa1ffa158ca18b89f62410a7760;manifest=afdbe86353200fe550c1d0e0336b5c2b42e717239d4034ffc9925afe9819b949,artifact/results/raw/varint_state/reorder/clang_o0.out,d7be560359f1ef9fece372bf945f5cfcfb492aa1ffa158ca18b89f62410a7760,artifact/results/raw/varint_state/reorder/clang_o0.s,ce5cb419b9570b60cb1f37b9ba38b70c87c4917d6b99cfafb0e480b75463a63a,artifact/results/independent_recheck.json,EXECUTED,"65,536 ordered byte-pair cases; retained output and assembly bound to certificate."
FINITE-varint_state-reorder-clang-O2,FINITE_EXHAUSTIVE_COMPILER_CELL,varint_state,reorder,clang,-O2,clang -std=c11 -Wall -Wextra -Werror -O2 artifact/benchmark/generated/varint_state/reorder/kernel.c -o artifact/results/raw/varint_state/reorder/clang_o2,clang version 17.0.0 (https://github.com/swiftlang/llvm-project.git 10999b6d034fe318f3d56c83bddb6572593a8bb0),source=81e65349e92b2c598bf497b2febb7e152edd46226f857ad97b4a6c047dfc547b;reference=d7be560359f1ef9fece372bf945f5cfcfb492aa1ffa158ca18b89f62410a7760;manifest=afdbe86353200fe550c1d0e0336b5c2b42e717239d4034ffc9925afe9819b949,artifact/results/raw/varint_state/reorder/clang_o2.out,d7be560359f1ef9fece372bf945f5cfcfb492aa1ffa158ca18b89f62410a7760,artifact/results/raw/varint_state/reorder/clang_o2.s,430536667dd13fb41e1cade896400f60d71a67200afd25e57e4fd54143499c4e,artifact/results/independent_recheck.json,EXECUTED,"65,536 ordered byte-pair cases; retained output and assembly bound to certificate."
FINITE-varint_state-extract-gcc-O0,FINITE_EXHAUSTIVE_COMPILER_CELL,varint_state,extract,gcc,-O0,gcc -std=c11 -Wall -Wextra -Werror -O0 artifact/benchmark/generated/varint_state/extract/kernel.c -o artifact/results/raw/varint_state/extract/gcc_o0,gcc (Debian 14.2.0-19) 14.2.0,source=32628eb3e86b81f679b5951b63b9186147ca6a29ab942aa54b2031ea0a980733;reference=d7be560359f1ef9fece372bf945f5cfcfb492aa1ffa158ca18b89f62410a7760;manifest=afdbe86353200fe550c1d0e0336b5c2b42e717239d4034ffc9925afe9819b949,artifact/results/raw/varint_state/extract/gcc_o0.out,d7be560359f1ef9fece372bf945f5cfcfb492aa1ffa158ca18b89f62410a7760,artifact/results/raw/varint_state/extract/gcc_o0.s,4ba0fdb30ddd01f39b86225609ef56c8ccfaa4cd0c094ed22efa6f79cbcb2959,artifact/results/independent_recheck.json,EXECUTED,"65,536 ordered byte-pair cases; retained output and assembly bound to certificate."
FINITE-varint_state-extract-gcc-O2,FINITE_EXHAUSTIVE_COMPILER_CELL,varint_state,extract,gcc,-O2,gcc -std=c11 -Wall -Wextra -Werror -O2 artifact/benchmark/generated/varint_state/extract/kernel.c -o artifact/results/raw/varint_state/extract/gcc_o2,gcc (Debian 14.2.0-19) 14.2.0,source=32628eb3e86b81f679b5951b63b9186147ca6a29ab942aa54b2031ea0a980733;reference=d7be560359f1ef9fece372bf945f5cfcfb492aa1ffa158ca18b89f62410a7760;manifest=afdbe86353200fe550c1d0e0336b5c2b42e717239d4034ffc9925afe9819b949,artifact/results/raw/varint_state/extract/gcc_o2.out,d7be560359f1ef9fece372bf945f5cfcfb492aa1ffa158ca18b89f62410a7760,artifact/results/raw/varint_state/extract/gcc_o2.s,73d108e63ecadb7e3e039d27ac171c5ca1026858e668c5c1877050a00ecfc479,artifact/results/independent_recheck.json,EXECUTED,"65,536 ordered byte-pair cases; retained output and assembly bound to certificate."
FINITE-varint_state-extract-clang-O0,FINITE_EXHAUSTIVE_COMPILER_CELL,varint_state,extract,clang,-O0,clang -std=c11 -Wall -Wextra -Werror -O0 artifact/benchmark/generated/varint_state/extract/kernel.c -o artifact/results/raw/varint_state/extract/clang_o0,clang version 17.0.0 (https://github.com/swiftlang/llvm-project.git 10999b6d034fe318f3d56c83bddb6572593a8bb0),source=32628eb3e86b81f679b5951b63b9186147ca6a29ab942aa54b2031ea0a980733;reference=d7be560359f1ef9fece372bf945f5cfcfb492aa1ffa158ca18b89f62410a7760;manifest=afdbe86353200fe550c1d0e0336b5c2b42e717239d4034ffc9925afe9819b949,artifact/results/raw/varint_state/extract/clang_o0.out,d7be560359f1ef9fece372bf945f5cfcfb492aa1ffa158ca18b89f62410a7760,artifact/results/raw/varint_state/extract/clang_o0.s,4c67d2e9b47f4722e984a282e194d91e565fb74aedc39deb242d35d1f7a53c36,artifact/results/independent_recheck.json,EXECUTED,"65,536 ordered byte-pair cases; retained output and assembly bound to certificate."
FINITE-varint_state-extract-clang-O2,FINITE_EXHAUSTIVE_COMPILER_CELL,varint_state,extract,clang,-O2,clang -std=c11 -Wall -Wextra -Werror -O2 artifact/benchmark/generated/varint_state/extract/kernel.c -o artifact/results/raw/varint_state/extract/clang_o2,clang version 17.0.0 (https://github.com/swiftlang/llvm-project.git 10999b6d034fe318f3d56c83bddb6572593a8bb0),source=32628eb3e86b81f679b5951b63b9186147ca6a29ab942aa54b2031ea0a980733;reference=d7be560359f1ef9fece372bf945f5cfcfb492aa1ffa158ca18b89f62410a7760;manifest=afdbe86353200fe550c1d0e0336b5c2b42e717239d4034ffc9925afe9819b949,artifact/results/raw/varint_state/extract/clang_o2.out,d7be560359f1ef9fece372bf945f5cfcfb492aa1ffa158ca18b89f62410a7760,artifact/results/raw/varint_state/extract/clang_o2.s,430536667dd13fb41e1cade896400f60d71a67200afd25e57e4fd54143499c4e,artifact/results/independent_recheck.json,EXECUTED,"65,536 ordered byte-pair cases; retained output and assembly bound to certificate."
FINITE-varint_state-dependency_upgrade-gcc-O0,FINITE_EXHAUSTIVE_COMPILER_CELL,varint_state,dependency_upgrade,gcc,-O0,gcc -std=c11 -Wall -Wextra -Werror -O0 artifact/benchmark/generated/varint_state/dependency_upgrade/kernel.c -o artifact/results/raw/varint_state/dependency_upgrade/gcc_o0,gcc (Debian 14.2.0-19) 14.2.0,source=e7e08cca9edea5dbffb7168e93a985e3b27ab99ed6db8f1aacea55d3e7e92ac2;reference=d7be560359f1ef9fece372bf945f5cfcfb492aa1ffa158ca18b89f62410a7760;manifest=afdbe86353200fe550c1d0e0336b5c2b42e717239d4034ffc9925afe9819b949,artifact/results/raw/varint_state/dependency_upgrade/gcc_o0.out,d7be560359f1ef9fece372bf945f5cfcfb492aa1ffa158ca18b89f62410a7760,artifact/results/raw/varint_state/dependency_upgrade/gcc_o0.s,56c2e33a4d151388848506ac98bbd95327e9acd1043cb893e705fd6f98274506,artifact/results/independent_recheck.json,EXECUTED,"65,536 ordered byte-pair cases; retained output and assembly bound to certificate."
FINITE-varint_state-dependency_upgrade-gcc-O2,FINITE_EXHAUSTIVE_COMPILER_CELL,varint_state,dependency_upgrade,gcc,-O2,gcc -std=c11 -Wall -Wextra -Werror -O2 artifact/benchmark/generated/varint_state/dependency_upgrade/kernel.c -o artifact/results/raw/varint_state/dependency_upgrade/gcc_o2,gcc (Debian 14.2.0-19) 14.2.0,source=e7e08cca9edea5dbffb7168e93a985e3b27ab99ed6db8f1aacea55d3e7e92ac2;reference=d7be560359f1ef9fece372bf945f5cfcfb492aa1ffa158ca18b89f62410a7760;manifest=afdbe86353200fe550c1d0e0336b5c2b42e717239d4034ffc9925afe9819b949,artifact/results/raw/varint_state/dependency_upgrade/gcc_o2.out,d7be560359f1ef9fece372bf945f5cfcfb492aa1ffa158ca18b89f62410a7760,artifact/results/raw/varint_state/dependency_upgrade/gcc_o2.s,8c578061b4349198be63418756a7c2d900c38fd43a0fcc5eca83a2b90f8ed627,artifact/results/independent_recheck.json,EXECUTED,"65,536 ordered byte-pair cases; retained output and assembly bound to certificate."
FINITE-varint_state-dependency_upgrade-clang-O0,FINITE_EXHAUSTIVE_COMPILER_CELL,varint_state,dependency_upgrade,clang,-O0,clang -std=c11 -Wall -Wextra -Werror -O0 artifact/benchmark/generated/varint_state/dependency_upgrade/kernel.c -o artifact/results/raw/varint_state/dependency_upgrade/clang_o0,clang version 17.0.0 (https://github.com/swiftlang/llvm-project.git 10999b6d034fe318f3d56c83bddb6572593a8bb0),source=e7e08cca9edea5dbffb7168e93a985e3b27ab99ed6db8f1aacea55d3e7e92ac2;reference=d7be560359f1ef9fece372bf945f5cfcfb492aa1ffa158ca18b89f62410a7760;manifest=afdbe86353200fe550c1d0e0336b5c2b42e717239d4034ffc9925afe9819b949,artifact/results/raw/varint_state/dependency_upgrade/clang_o0.out,d7be560359f1ef9fece372bf945f5cfcfb492aa1ffa158ca18b89f62410a7760,artifact/results/raw/varint_state/dependency_upgrade/clang_o0.s,3a1af0decb79642f7bf1be91cf0ed9d05bef24e123def321e725d2056b77deb7,artifact/results/independent_recheck.json,EXECUTED,"65,536 ordered byte-pair cases; retained output and assembly bound to certificate."
FINITE-varint_state-dependency_upgrade-clang-O2,FINITE_EXHAUSTIVE_COMPILER_CELL,varint_state,dependency_upgrade,clang,-O2,clang -std=c11 -Wall -Wextra -Werror -O2 artifact/benchmark/generated/varint_state/dependency_upgrade/kernel.c -o artifact/results/raw/varint_state/dependency_upgrade/clang_o2,clang version 17.0.0 (https://github.com/swiftlang/llvm-project.git 10999b6d034fe318f3d56c83bddb6572593a8bb0),source=e7e08cca9edea5dbffb7168e93a985e3b27ab99ed6db8f1aacea55d3e7e92ac2;reference=d7be560359f1ef9fece372bf945f5cfcfb492aa1ffa158ca18b89f62410a7760;manifest=afdbe86353200fe550c1d0e0336b5c2b42e717239d4034ffc9925afe9819b949,artifact/results/raw/varint_state/dependency_upgrade/clang_o2.out,d7be560359f1ef9fece372bf945f5cfcfb492aa1ffa158ca18b89f62410a7760,artifact/results/raw/varint_state/dependency_upgrade/clang_o2.s,430536667dd13fb41e1cade896400f60d71a67200afd25e57e4fd54143499c4e,artifact/results/independent_recheck.json,EXECUTED,"65,536 ordered byte-pair cases; retained output and assembly bound to certificate."
FINITE-varint_state-format-gcc-O0,FINITE_EXHAUSTIVE_COMPILER_CELL,varint_state,format,gcc,-O0,gcc -std=c11 -Wall -Wextra -Werror -O0 artifact/benchmark/generated/varint_state/format/kernel.c -o artifact/results/raw/varint_state/format/gcc_o0,gcc (Debian 14.2.0-19) 14.2.0,source=010741f1195ab8dcc4af3bac14c396ff67e815a753ff561bcf5a34fa4c05e74f;reference=d7be560359f1ef9fece372bf945f5cfcfb492aa1ffa158ca18b89f62410a7760;manifest=afdbe86353200fe550c1d0e0336b5c2b42e717239d4034ffc9925afe9819b949,artifact/results/raw/varint_state/format/gcc_o0.out,d7be560359f1ef9fece372bf945f5cfcfb492aa1ffa158ca18b89f62410a7760,artifact/results/raw/varint_state/format/gcc_o0.s,56c2e33a4d151388848506ac98bbd95327e9acd1043cb893e705fd6f98274506,artifact/results/independent_recheck.json,EXECUTED,"65,536 ordered byte-pair cases; retained output and assembly bound to certificate."
FINITE-varint_state-format-gcc-O2,FINITE_EXHAUSTIVE_COMPILER_CELL,varint_state,format,gcc,-O2,gcc -std=c11 -Wall -Wextra -Werror -O2 artifact/benchmark/generated/varint_state/format/kernel.c -o artifact/results/raw/varint_state/format/gcc_o2,gcc (Debian 14.2.0-19) 14.2.0,source=010741f1195ab8dcc4af3bac14c396ff67e815a753ff561bcf5a34fa4c05e74f;reference=d7be560359f1ef9fece372bf945f5cfcfb492aa1ffa158ca18b89f62410a7760;manifest=afdbe86353200fe550c1d0e0336b5c2b42e717239d4034ffc9925afe9819b949,artifact/results/raw/varint_state/format/gcc_o2.out,d7be560359f1ef9fece372bf945f5cfcfb492aa1ffa158ca18b89f62410a7760,artifact/results/raw/varint_state/format/gcc_o2.s,8c578061b4349198be63418756a7c2d900c38fd43a0fcc5eca83a2b90f8ed627,artifact/results/independent_recheck.json,EXECUTED,"65,536 ordered byte-pair cases; retained output and assembly bound to certificate."
FINITE-varint_state-format-clang-O0,FINITE_EXHAUSTIVE_COMPILER_CELL,varint_state,format,clang,-O0,clang -std=c11 -Wall -Wextra -Werror -O0 artifact/benchmark/generated/varint_state/format/kernel.c -o artifact/results/raw/varint_state/format/clang_o0,clang version 17.0.0 (https://github.com/swiftlang/llvm-project.git 10999b6d034fe318f3d56c83bddb6572593a8bb0),source=010741f1195ab8dcc4af3bac14c396ff67e815a753ff561bcf5a34fa4c05e74f;reference=d7be560359f1ef9fece372bf945f5cfcfb492aa1ffa158ca18b89f62410a7760;manifest=afdbe86353200fe550c1d0e0336b5c2b42e717239d4034ffc9925afe9819b949,artifact/results/raw/varint_state/format/clang_o0.out,d7be560359f1ef9fece372bf945f5cfcfb492aa1ffa158ca18b89f62410a7760,artifact/results/raw/varint_state/format/clang_o0.s,3a1af0decb79642f7bf1be91cf0ed9d05bef24e123def321e725d2056b77deb7,artifact/results/independent_recheck.json,EXECUTED,"65,536 ordered byte-pair cases; retained output and assembly bound to certificate."
FINITE-varint_state-format-clang-O2,FINITE_EXHAUSTIVE_COMPILER_CELL,varint_state,format,clang,-O2,clang -std=c11 -Wall -Wextra -Werror -O2 artifact/benchmark/generated/varint_state/format/kernel.c -o artifact/results/raw/varint_state/format/clang_o2,clang version 17.0.0 (https://github.com/swiftlang/llvm-project.git 10999b6d034fe318f3d56c83bddb6572593a8bb0),source=010741f1195ab8dcc4af3bac14c396ff67e815a753ff561bcf5a34fa4c05e74f;reference=d7be560359f1ef9fece372bf945f5cfcfb492aa1ffa158ca18b89f62410a7760;manifest=afdbe86353200fe550c1d0e0336b5c2b42e717239d4034ffc9925afe9819b949,artifact/results/raw/varint_state/format/clang_o2.out,d7be560359f1ef9fece372bf945f5cfcfb492aa1ffa158ca18b89f62410a7760,artifact/results/raw/varint_state/format/clang_o2.s,430536667dd13fb41e1cade896400f60d71a67200afd25e57e4fd54143499c4e,artifact/results/independent_recheck.json,EXECUTED,"65,536 ordered byte-pair cases; retained output and assembly bound to certificate."
FINITE-varint_state-erase_tolerable-gcc-O0,FINITE_EXHAUSTIVE_COMPILER_CELL,varint_state,erase_tolerable,gcc,-O0,gcc -std=c11 -Wall -Wextra -Werror -O0 artifact/benchmark/generated/varint_state/erase_tolerable/kernel.c -o artifact/results/raw/varint_state/erase_tolerable/gcc_o0,gcc (Debian 14.2.0-19) 14.2.0,source=a97a1e5e41df9935c3241baa4d04ceae990bac816dedca41e7fa95c8c1b7901e;reference=d7be560359f1ef9fece372bf945f5cfcfb492aa1ffa158ca18b89f62410a7760;manifest=afdbe86353200fe550c1d0e0336b5c2b42e717239d4034ffc9925afe9819b949,artifact/results/raw/varint_state/erase_tolerable/gcc_o0.out,d7be560359f1ef9fece372bf945f5cfcfb492aa1ffa158ca18b89f62410a7760,artifact/results/raw/varint_state/erase_tolerable/gcc_o0.s,c3dc0d2f1b8a4372b8db7dc3b6075fa354478548da246362a9362e1dde3c36b0,artifact/results/independent_recheck.json,EXECUTED,"65,536 ordered byte-pair cases; retained output and assembly bound to certificate."
FINITE-varint_state-erase_tolerable-gcc-O2,FINITE_EXHAUSTIVE_COMPILER_CELL,varint_state,erase_tolerable,gcc,-O2,gcc -std=c11 -Wall -Wextra -Werror -O2 artifact/benchmark/generated/varint_state/erase_tolerable/kernel.c -o artifact/results/raw/varint_state/erase_tolerable/gcc_o2,gcc (Debian 14.2.0-19) 14.2.0,source=a97a1e5e41df9935c3241baa4d04ceae990bac816dedca41e7fa95c8c1b7901e;reference=d7be560359f1ef9fece372bf945f5cfcfb492aa1ffa158ca18b89f62410a7760;manifest=afdbe86353200fe550c1d0e0336b5c2b42e717239d4034ffc9925afe9819b949,artifact/results/raw/varint_state/erase_tolerable/gcc_o2.out,d7be560359f1ef9fece372bf945f5cfcfb492aa1ffa158ca18b89f62410a7760,artifact/results/raw/varint_state/erase_tolerable/gcc_o2.s,1e3c6f2a0c5b460f4d99ec2dc9007edf0dbf0915cbc094b86429839351eed9f6,artifact/results/independent_recheck.json,EXECUTED,"65,536 ordered byte-pair cases; retained output and assembly bound to certificate."
FINITE-varint_state-erase_tolerable-clang-O0,FINITE_EXHAUSTIVE_COMPILER_CELL,varint_state,erase_tolerable,clang,-O0,clang -std=c11 -Wall -Wextra -Werror -O0 artifact/benchmark/generated/varint_state/erase_tolerable/kernel.c -o artifact/results/raw/varint_state/erase_tolerable/clang_o0,clang version 17.0.0 (https://github.com/swiftlang/llvm-project.git 10999b6d034fe318f3d56c83bddb6572593a8bb0),source=a97a1e5e41df9935c3241baa4d04ceae990bac816dedca41e7fa95c8c1b7901e;reference=d7be560359f1ef9fece372bf945f5cfcfb492aa1ffa158ca18b89f62410a7760;manifest=afdbe86353200fe550c1d0e0336b5c2b42e717239d4034ffc9925afe9819b949,artifact/results/raw/varint_state/erase_tolerable/clang_o0.out,d7be560359f1ef9fece372bf945f5cfcfb492aa1ffa158ca18b89f62410a7760,artifact/results/raw/varint_state/erase_tolerable/clang_o0.s,0d029a074b7e6ed1b364aa7a2355cb1116493be678e7eb5534e93223ba51527d,artifact/results/independent_recheck.json,EXECUTED,"65,536 ordered byte-pair cases; retained output and assembly bound to certificate."
FINITE-varint_state-erase_tolerable-clang-O2,FINITE_EXHAUSTIVE_COMPILER_CELL,varint_state,erase_tolerable,clang,-O2,clang -std=c11 -Wall -Wextra -Werror -O2 artifact/benchmark/generated/varint_state/erase_tolerable/kernel.c -o artifact/results/raw/varint_state/erase_tolerable/clang_o2,clang version 17.0.0 (https://github.com/swiftlang/llvm-project.git 10999b6d034fe318f3d56c83bddb6572593a8bb0),source=a97a1e5e41df9935c3241baa4d04ceae990bac816dedca41e7fa95c8c1b7901e;reference=d7be560359f1ef9fece372bf945f5cfcfb492aa1ffa158ca18b89f62410a7760;manifest=afdbe86353200fe550c1d0e0336b5c2b42e717239d4034ffc9925afe9819b949,artifact/results/raw/varint_state/erase_tolerable/clang_o2.out,d7be560359f1ef9fece372bf945f5cfcfb492aa1ffa158ca18b89f62410a7760,artifact/results/raw/varint_state/erase_tolerable/clang_o2.s,430536667dd13fb41e1cade896400f60d71a67200afd25e57e4fd54143499c4e,artifact/results/independent_recheck.json,EXECUTED,"65,536 ordered byte-pair cases; retained output and assembly bound to certificate."
FINITE-varint_state-merge_tolerable-gcc-O0,FINITE_EXHAUSTIVE_COMPILER_CELL,varint_state,merge_tolerable,gcc,-O0,gcc -std=c11 -Wall -Wextra -Werror -O0 artifact/benchmark/generated/varint_state/merge_tolerable/kernel.c -o artifact/results/raw/varint_state/merge_tolerable/gcc_o0,gcc (Debian 14.2.0-19) 14.2.0,source=01d701c34e5ab684b008801de996d1265edc1b804132f22e3b44d4c080bdc5f9;reference=d7be560359f1ef9fece372bf945f5cfcfb492aa1ffa158ca18b89f62410a7760;manifest=afdbe86353200fe550c1d0e0336b5c2b42e717239d4034ffc9925afe9819b949,artifact/results/raw/varint_state/merge_tolerable/gcc_o0.out,d7be560359f1ef9fece372bf945f5cfcfb492aa1ffa158ca18b89f62410a7760,artifact/results/raw/varint_state/merge_tolerable/gcc_o0.s,c3dc0d2f1b8a4372b8db7dc3b6075fa354478548da246362a9362e1dde3c36b0,artifact/results/independent_recheck.json,EXECUTED,"65,536 ordered byte-pair cases; retained output and assembly bound to certificate."
FINITE-varint_state-merge_tolerable-gcc-O2,FINITE_EXHAUSTIVE_COMPILER_CELL,varint_state,merge_tolerable,gcc,-O2,gcc -std=c11 -Wall -Wextra -Werror -O2 artifact/benchmark/generated/varint_state/merge_tolerable/kernel.c -o artifact/results/raw/varint_state/merge_tolerable/gcc_o2,gcc (Debian 14.2.0-19) 14.2.0,source=01d701c34e5ab684b008801de996d1265edc1b804132f22e3b44d4c080bdc5f9;reference=d7be560359f1ef9fece372bf945f5cfcfb492aa1ffa158ca18b89f62410a7760;manifest=afdbe86353200fe550c1d0e0336b5c2b42e717239d4034ffc9925afe9819b949,artifact/results/raw/varint_state/merge_tolerable/gcc_o2.out,d7be560359f1ef9fece372bf945f5cfcfb492aa1ffa158ca18b89f62410a7760,artifact/results/raw/varint_state/merge_tolerable/gcc_o2.s,1e3c6f2a0c5b460f4d99ec2dc9007edf0dbf0915cbc094b86429839351eed9f6,artifact/results/independent_recheck.json,EXECUTED,"65,536 ordered byte-pair cases; retained output and assembly bound to certificate."
FINITE-varint_state-merge_tolerable-clang-O0,FINITE_EXHAUSTIVE_COMPILER_CELL,varint_state,merge_tolerable,clang,-O0,clang -std=c11 -Wall -Wextra -Werror -O0 artifact/benchmark/generated/varint_state/merge_tolerable/kernel.c -o artifact/results/raw/varint_state/merge_tolerable/clang_o0,clang version 17.0.0 (https://github.com/swiftlang/llvm-project.git 10999b6d034fe318f3d56c83bddb6572593a8bb0),source=01d701c34e5ab684b008801de996d1265edc1b804132f22e3b44d4c080bdc5f9;reference=d7be560359f1ef9fece372bf945f5cfcfb492aa1ffa158ca18b89f62410a7760;manifest=afdbe86353200fe550c1d0e0336b5c2b42e717239d4034ffc9925afe9819b949,artifact/results/raw/varint_state/merge_tolerable/clang_o0.out,d7be560359f1ef9fece372bf945f5cfcfb492aa1ffa158ca18b89f62410a7760,artifact/results/raw/varint_state/merge_tolerable/clang_o0.s,0d029a074b7e6ed1b364aa7a2355cb1116493be678e7eb5534e93223ba51527d,artifact/results/independent_recheck.json,EXECUTED,"65,536 ordered byte-pair cases; retained output and assembly bound to certificate."
FINITE-varint_state-merge_tolerable-clang-O2,FINITE_EXHAUSTIVE_COMPILER_CELL,varint_state,merge_tolerable,clang,-O2,clang -std=c11 -Wall -Wextra -Werror -O2 artifact/benchmark/generated/varint_state/merge_tolerable/kernel.c -o artifact/results/raw/varint_state/merge_tolerable/clang_o2,clang version 17.0.0 (https://github.com/swiftlang/llvm-project.git 10999b6d034fe318f3d56c83bddb6572593a8bb0),source=01d701c34e5ab684b008801de996d1265edc1b804132f22e3b44d4c080bdc5f9;reference=d7be560359f1ef9fece372bf945f5cfcfb492aa1ffa158ca18b89f62410a7760;manifest=afdbe86353200fe550c1d0e0336b5c2b42e717239d4034ffc9925afe9819b949,artifact/results/raw/varint_state/merge_tolerable/clang_o2.out,d7be560359f1ef9fece372bf945f5cfcfb492aa1ffa158ca18b89f62410a7760,artifact/results/raw/varint_state/merge_tolerable/clang_o2.s,430536667dd13fb41e1cade896400f60d71a67200afd25e57e4fd54143499c4e,artifact/results/independent_recheck.json,EXECUTED,"65,536 ordered byte-pair cases; retained output and assembly bound to certificate."
FINITE-varint_state-flip_tolerable-gcc-O0,FINITE_EXHAUSTIVE_COMPILER_CELL,varint_state,flip_tolerable,gcc,-O0,gcc -std=c11 -Wall -Wextra -Werror -O0 artifact/benchmark/generated/varint_state/flip_tolerable/kernel.c -o artifact/results/raw/varint_state/flip_tolerable/gcc_o0,gcc (Debian 14.2.0-19) 14.2.0,source=f756523647bbf8adf1f919d6fabb13359673c63f14236528576ff3fa6c91c101;reference=d7be560359f1ef9fece372bf945f5cfcfb492aa1ffa158ca18b89f62410a7760;manifest=afdbe86353200fe550c1d0e0336b5c2b42e717239d4034ffc9925afe9819b949,artifact/results/raw/varint_state/flip_tolerable/gcc_o0.out,d7be560359f1ef9fece372bf945f5cfcfb492aa1ffa158ca18b89f62410a7760,artifact/results/raw/varint_state/flip_tolerable/gcc_o0.s,8016646e867d185b5bfe9deb87b636120e2fb275c2c3b261ef6733f067ce7c96,artifact/results/independent_recheck.json,EXECUTED,"65,536 ordered byte-pair cases; retained output and assembly bound to certificate."
FINITE-varint_state-flip_tolerable-gcc-O2,FINITE_EXHAUSTIVE_COMPILER_CELL,varint_state,flip_tolerable,gcc,-O2,gcc -std=c11 -Wall -Wextra -Werror -O2 artifact/benchmark/generated/varint_state/flip_tolerable/kernel.c -o artifact/results/raw/varint_state/flip_tolerable/gcc_o2,gcc (Debian 14.2.0-19) 14.2.0,source=f756523647bbf8adf1f919d6fabb13359673c63f14236528576ff3fa6c91c101;reference=d7be560359f1ef9fece372bf945f5cfcfb492aa1ffa158ca18b89f62410a7760;manifest=afdbe86353200fe550c1d0e0336b5c2b42e717239d4034ffc9925afe9819b949,artifact/results/raw/varint_state/flip_tolerable/gcc_o2.out,d7be560359f1ef9fece372bf945f5cfcfb492aa1ffa158ca18b89f62410a7760,artifact/results/raw/varint_state/flip_tolerable/gcc_o2.s,1e3c6f2a0c5b460f4d99ec2dc9007edf0dbf0915cbc094b86429839351eed9f6,artifact/results/independent_recheck.json,EXECUTED,"65,536 ordered byte-pair cases; retained output and assembly bound to certificate."
FINITE-varint_state-flip_tolerable-clang-O0,FINITE_EXHAUSTIVE_COMPILER_CELL,varint_state,flip_tolerable,clang,-O0,clang -std=c11 -Wall -Wextra -Werror -O0 artifact/benchmark/generated/varint_state/flip_tolerable/kernel.c -o artifact/results/raw/varint_state/flip_tolerable/clang_o0,clang version 17.0.0 (https://github.com/swiftlang/llvm-project.git 10999b6d034fe318f3d56c83bddb6572593a8bb0),source=f756523647bbf8adf1f919d6fabb13359673c63f14236528576ff3fa6c91c101;reference=d7be560359f1ef9fece372bf945f5cfcfb492aa1ffa158ca18b89f62410a7760;manifest=afdbe86353200fe550c1d0e0336b5c2b42e717239d4034ffc9925afe9819b949,artifact/results/raw/varint_state/flip_tolerable/clang_o0.out,d7be560359f1ef9fece372bf945f5cfcfb492aa1ffa158ca18b89f62410a7760,artifact/results/raw/varint_state/flip_tolerable/clang_o0.s,c761f3039294e4dc3de026a4078a5f0bf8133cc24b5e5e782c5e1344d624a417,artifact/results/independent_recheck.json,EXECUTED,"65,536 ordered byte-pair cases; retained output and assembly bound to certificate."
FINITE-varint_state-flip_tolerable-clang-O2,FINITE_EXHAUSTIVE_COMPILER_CELL,varint_state,flip_tolerable,clang,-O2,clang -std=c11 -Wall -Wextra -Werror -O2 artifact/benchmark/generated/varint_state/flip_tolerable/kernel.c -o artifact/results/raw/varint_state/flip_tolerable/clang_o2,clang version 17.0.0 (https://github.com/swiftlang/llvm-project.git 10999b6d034fe318f3d56c83bddb6572593a8bb0),source=f756523647bbf8adf1f919d6fabb13359673c63f14236528576ff3fa6c91c101;reference=d7be560359f1ef9fece372bf945f5cfcfb492aa1ffa158ca18b89f62410a7760;manifest=afdbe86353200fe550c1d0e0336b5c2b42e717239d4034ffc9925afe9819b949,artifact/results/raw/varint_state/flip_tolerable/clang_o2.out,d7be560359f1ef9fece372bf945f5cfcfb492aa1ffa158ca18b89f62410a7760,artifact/results/raw/varint_state/flip_tolerable/clang_o2.s,430536667dd13fb41e1cade896400f60d71a67200afd25e57e4fd54143499c4e,artifact/results/independent_recheck.json,EXECUTED,"65,536 ordered byte-pair cases; retained output and assembly bound to certificate."
FINITE-varint_state-recovery_break-gcc-O0,FINITE_EXHAUSTIVE_COMPILER_CELL,varint_state,recovery_break,gcc,-O0,gcc -std=c11 -Wall -Wextra -Werror -O0 artifact/benchmark/generated/varint_state/recovery_break/kernel.c -o artifact/results/raw/varint_state/recovery_break/gcc_o0,gcc (Debian 14.2.0-19) 14.2.0,source=729dbec771740e6d7dd7b2a629265a23641ae930ac62ad9da09daa9a60a734d8;reference=d7be560359f1ef9fece372bf945f5cfcfb492aa1ffa158ca18b89f62410a7760;manifest=afdbe86353200fe550c1d0e0336b5c2b42e717239d4034ffc9925afe9819b949,artifact/results/raw/varint_state/recovery_break/gcc_o0.out,d7be560359f1ef9fece372bf945f5cfcfb492aa1ffa158ca18b89f62410a7760,artifact/results/raw/varint_state/recovery_break/gcc_o0.s,af71fe4413888bbb6de6c34ba71752afa21e31665b7a603af3c1276fe113a548,artifact/results/independent_recheck.json,EXECUTED,"65,536 ordered byte-pair cases; retained output and assembly bound to certificate."
FINITE-varint_state-recovery_break-gcc-O2,FINITE_EXHAUSTIVE_COMPILER_CELL,varint_state,recovery_break,gcc,-O2,gcc -std=c11 -Wall -Wextra -Werror -O2 artifact/benchmark/generated/varint_state/recovery_break/kernel.c -o artifact/results/raw/varint_state/recovery_break/gcc_o2,gcc (Debian 14.2.0-19) 14.2.0,source=729dbec771740e6d7dd7b2a629265a23641ae930ac62ad9da09daa9a60a734d8;reference=d7be560359f1ef9fece372bf945f5cfcfb492aa1ffa158ca18b89f62410a7760;manifest=afdbe86353200fe550c1d0e0336b5c2b42e717239d4034ffc9925afe9819b949,artifact/results/raw/varint_state/recovery_break/gcc_o2.out,d7be560359f1ef9fece372bf945f5cfcfb492aa1ffa158ca18b89f62410a7760,artifact/results/raw/varint_state/recovery_break/gcc_o2.s,781e836aafc1f6a2d70f5590f0e7cd94c2bf07d2551e3a6e979704715a3a0392,artifact/results/independent_recheck.json,EXECUTED,"65,536 ordered byte-pair cases; retained output and assembly bound to certificate."
FINITE-varint_state-recovery_break-clang-O0,FINITE_EXHAUSTIVE_COMPILER_CELL,varint_state,recovery_break,clang,-O0,clang -std=c11 -Wall -Wextra -Werror -O0 artifact/benchmark/generated/varint_state/recovery_break/kernel.c -o artifact/results/raw/varint_state/recovery_break/clang_o0,clang version 17.0.0 (https://github.com/swiftlang/llvm-project.git 10999b6d034fe318f3d56c83bddb6572593a8bb0),source=729dbec771740e6d7dd7b2a629265a23641ae930ac62ad9da09daa9a60a734d8;reference=d7be560359f1ef9fece372bf945f5cfcfb492aa1ffa158ca18b89f62410a7760;manifest=afdbe86353200fe550c1d0e0336b5c2b42e717239d4034ffc9925afe9819b949,artifact/results/raw/varint_state/recovery_break/clang_o0.out,d7be560359f1ef9fece372bf945f5cfcfb492aa1ffa158ca18b89f62410a7760,artifact/results/raw/varint_state/recovery_break/clang_o0.s,ac5d46fffe0c23c65a807d11ecc4f8824bd5b7c2b9cec4e08abb8cfb1295e0bc,artifact/results/independent_recheck.json,EXECUTED,"65,536 ordered byte-pair cases; retained output and assembly bound to certificate."
FINITE-varint_state-recovery_break-clang-O2,FINITE_EXHAUSTIVE_COMPILER_CELL,varint_state,recovery_break,clang,-O2,clang -std=c11 -Wall -Wextra -Werror -O2 artifact/benchmark/generated/varint_state/recovery_break/kernel.c -o artifact/results/raw/varint_state/recovery_break/clang_o2,clang version 17.0.0 (https://github.com/swiftlang/llvm-project.git 10999b6d034fe318f3d56c83bddb6572593a8bb0),source=729dbec771740e6d7dd7b2a629265a23641ae930ac62ad9da09daa9a60a734d8;reference=d7be560359f1ef9fece372bf945f5cfcfb492aa1ffa158ca18b89f62410a7760;manifest=afdbe86353200fe550c1d0e0336b5c2b42e717239d4034ffc9925afe9819b949,artifact/results/raw/varint_state/recovery_break/clang_o2.out,d7be560359f1ef9fece372bf945f5cfcfb492aa1ffa158ca18b89f62410a7760,artifact/results/raw/varint_state/recovery_break/clang_o2.s,430536667dd13fb41e1cade896400f60d71a67200afd25e57e4fd54143499c4e,artifact/results/independent_recheck.json,EXECUTED,"65,536 ordered byte-pair cases; retained output and assembly bound to certificate."
FINITE-varint_state-reseed-gcc-O0,FINITE_EXHAUSTIVE_COMPILER_CELL,varint_state,reseed,gcc,-O0,gcc -std=c11 -Wall -Wextra -Werror -O0 artifact/benchmark/generated/varint_state/reseed/kernel.c -o artifact/results/raw/varint_state/reseed/gcc_o0,gcc (Debian 14.2.0-19) 14.2.0,source=49699cd0a3d219fe5a485f6acb28b7bbd76c2ba2de903eda48ed49640f5eb663;reference=d7be560359f1ef9fece372bf945f5cfcfb492aa1ffa158ca18b89f62410a7760;manifest=01a220c460ddb8187b6785c232e3c541c44bbbbd5ff18733b490414a8442b9ec,artifact/results/raw/varint_state/reseed/gcc_o0.out,d7be560359f1ef9fece372bf945f5cfcfb492aa1ffa158ca18b89f62410a7760,artifact/results/raw/varint_state/reseed/gcc_o0.s,e464b223c6921bda0e25f573b51163f099c35d32acdf5e8b9d5b684f8463f2f5,artifact/results/independent_recheck.json,EXECUTED,"65,536 ordered byte-pair cases; retained output and assembly bound to certificate."
FINITE-varint_state-reseed-gcc-O2,FINITE_EXHAUSTIVE_COMPILER_CELL,varint_state,reseed,gcc,-O2,gcc -std=c11 -Wall -Wextra -Werror -O2 artifact/benchmark/generated/varint_state/reseed/kernel.c -o artifact/results/raw/varint_state/reseed/gcc_o2,gcc (Debian 14.2.0-19) 14.2.0,source=49699cd0a3d219fe5a485f6acb28b7bbd76c2ba2de903eda48ed49640f5eb663;reference=d7be560359f1ef9fece372bf945f5cfcfb492aa1ffa158ca18b89f62410a7760;manifest=01a220c460ddb8187b6785c232e3c541c44bbbbd5ff18733b490414a8442b9ec,artifact/results/raw/varint_state/reseed/gcc_o2.out,d7be560359f1ef9fece372bf945f5cfcfb492aa1ffa158ca18b89f62410a7760,artifact/results/raw/varint_state/reseed/gcc_o2.s,8c578061b4349198be63418756a7c2d900c38fd43a0fcc5eca83a2b90f8ed627,artifact/results/independent_recheck.json,EXECUTED,"65,536 ordered byte-pair cases; retained output and assembly bound to certificate."
FINITE-varint_state-reseed-clang-O0,FINITE_EXHAUSTIVE_COMPILER_CELL,varint_state,reseed,clang,-O0,clang -std=c11 -Wall -Wextra -Werror -O0 artifact/benchmark/generated/varint_state/reseed/kernel.c -o artifact/results/raw/varint_state/reseed/clang_o0,clang version 17.0.0 (https://github.com/swiftlang/llvm-project.git 10999b6d034fe318f3d56c83bddb6572593a8bb0),source=49699cd0a3d219fe5a485f6acb28b7bbd76c2ba2de903eda48ed49640f5eb663;reference=d7be560359f1ef9fece372bf945f5cfcfb492aa1ffa158ca18b89f62410a7760;manifest=01a220c460ddb8187b6785c232e3c541c44bbbbd5ff18733b490414a8442b9ec,artifact/results/raw/varint_state/reseed/clang_o0.out,d7be560359f1ef9fece372bf945f5cfcfb492aa1ffa158ca18b89f62410a7760,artifact/results/raw/varint_state/reseed/clang_o0.s,e0888e4155cce27309e7a9b9e276a4fc6b207461d323b5788649beee94c22dc8,artifact/results/independent_recheck.json,EXECUTED,"65,536 ordered byte-pair cases; retained output and assembly bound to certificate."
FINITE-varint_state-reseed-clang-O2,FINITE_EXHAUSTIVE_COMPILER_CELL,varint_state,reseed,clang,-O2,clang -std=c11 -Wall -Wextra -Werror -O2 artifact/benchmark/generated/varint_state/reseed/kernel.c -o artifact/results/raw/varint_state/reseed/clang_o2,clang version 17.0.0 (https://github.com/swiftlang/llvm-project.git 10999b6d034fe318f3d56c83bddb6572593a8bb0),source=49699cd0a3d219fe5a485f6acb28b7bbd76c2ba2de903eda48ed49640f5eb663;reference=d7be560359f1ef9fece372bf945f5cfcfb492aa1ffa158ca18b89f62410a7760;manifest=01a220c460ddb8187b6785c232e3c541c44bbbbd5ff18733b490414a8442b9ec,artifact/results/raw/varint_state/reseed/clang_o2.out,d7be560359f1ef9fece372bf945f5cfcfb492aa1ffa158ca18b89f62410a7760,artifact/results/raw/varint_state/reseed/clang_o2.s,430536667dd13fb41e1cade896400f60d71a67200afd25e57e4fd54143499c4e,artifact/results/independent_recheck.json,EXECUTED,"65,536 ordered byte-pair cases; retained output and assembly bound to certificate."
FINITE-varint_state-behavior_drift-gcc-O0,FINITE_EXHAUSTIVE_COMPILER_CELL,varint_state,behavior_drift,gcc,-O0,gcc -std=c11 -Wall -Wextra -Werror -O0 artifact/benchmark/generated/varint_state/behavior_drift/kernel.c -o artifact/results/raw/varint_state/behavior_drift/gcc_o0,gcc (Debian 14.2.0-19) 14.2.0,source=dcf3ab3ad3a04be3281cb8d5ace5d16246adcafe3ab28f9d2a2a8121f04a6ef5;reference=d7be560359f1ef9fece372bf945f5cfcfb492aa1ffa158ca18b89f62410a7760;manifest=afdbe86353200fe550c1d0e0336b5c2b42e717239d4034ffc9925afe9819b949,artifact/results/raw/varint_state/behavior_drift/gcc_o0.out,2515d03e46fcc4635223136d7a66b4365486acd2a53f8669892358696e8d49bd,artifact/results/raw/varint_state/behavior_drift/gcc_o0.s,fd43bd40bd481ee1a0b2745053dab0e02f9a9116d7e9d79ceb3b622b879ff8a5,artifact/results/independent_recheck.json,EXECUTED,"65,536 ordered byte-pair cases; retained output and assembly bound to certificate."
FINITE-varint_state-behavior_drift-gcc-O2,FINITE_EXHAUSTIVE_COMPILER_CELL,varint_state,behavior_drift,gcc,-O2,gcc -std=c11 -Wall -Wextra -Werror -O2 artifact/benchmark/generated/varint_state/behavior_drift/kernel.c -o artifact/results/raw/varint_state/behavior_drift/gcc_o2,gcc (Debian 14.2.0-19) 14.2.0,source=dcf3ab3ad3a04be3281cb8d5ace5d16246adcafe3ab28f9d2a2a8121f04a6ef5;reference=d7be560359f1ef9fece372bf945f5cfcfb492aa1ffa158ca18b89f62410a7760;manifest=afdbe86353200fe550c1d0e0336b5c2b42e717239d4034ffc9925afe9819b949,artifact/results/raw/varint_state/behavior_drift/gcc_o2.out,2515d03e46fcc4635223136d7a66b4365486acd2a53f8669892358696e8d49bd,artifact/results/raw/varint_state/behavior_drift/gcc_o2.s,223415a9b0a1fc18b19b2804f2a02f1f3ff42336718928316eddfd0cf861e148,artifact/results/independent_recheck.json,EXECUTED,"65,536 ordered byte-pair cases; retained output and assembly bound to certificate."
FINITE-varint_state-behavior_drift-clang-O0,FINITE_EXHAUSTIVE_COMPILER_CELL,varint_state,behavior_drift,clang,-O0,clang -std=c11 -Wall -Wextra -Werror -O0 artifact/benchmark/generated/varint_state/behavior_drift/kernel.c -o artifact/results/raw/varint_state/behavior_drift/clang_o0,clang version 17.0.0 (https://github.com/swiftlang/llvm-project.git 10999b6d034fe318f3d56c83bddb6572593a8bb0),source=dcf3ab3ad3a04be3281cb8d5ace5d16246adcafe3ab28f9d2a2a8121f04a6ef5;reference=d7be560359f1ef9fece372bf945f5cfcfb492aa1ffa158ca18b89f62410a7760;manifest=afdbe86353200fe550c1d0e0336b5c2b42e717239d4034ffc9925afe9819b949,artifact/results/raw/varint_state/behavior_drift/clang_o0.out,2515d03e46fcc4635223136d7a66b4365486acd2a53f8669892358696e8d49bd,artifact/results/raw/varint_state/behavior_drift/clang_o0.s,7522c073630fb4f676593769059f45bec0604b16ed48cf2f1795290eb38db6b6,artifact/results/independent_recheck.json,EXECUTED,"65,536 ordered byte-pair cases; retained output and assembly bound to certificate."
FINITE-varint_state-behavior_drift-clang-O2,FINITE_EXHAUSTIVE_COMPILER_CELL,varint_state,behavior_drift,clang,-O2,clang -std=c11 -Wall -Wextra -Werror -O2 artifact/benchmark/generated/varint_state/behavior_drift/kernel.c -o artifact/results/raw/varint_state/behavior_drift/clang_o2,clang version 17.0.0 (https://github.com/swiftlang/llvm-project.git 10999b6d034fe318f3d56c83bddb6572593a8bb0),source=dcf3ab3ad3a04be3281cb8d5ace5d16246adcafe3ab28f9d2a2a8121f04a6ef5;reference=d7be560359f1ef9fece372bf945f5cfcfb492aa1ffa158ca18b89f62410a7760;manifest=afdbe86353200fe550c1d0e0336b5c2b42e717239d4034ffc9925afe9819b949,artifact/results/raw/varint_state/behavior_drift/clang_o2.out,2515d03e46fcc4635223136d7a66b4365486acd2a53f8669892358696e8d49bd,artifact/results/raw/varint_state/behavior_drift/clang_o2.s,11b7e84b4d086ba1b51722d865d6d0f2cb26bd52848c850ecc4bfa03b2fe0f28,artifact/results/independent_recheck.json,EXECUTED,"65,536 ordered byte-pair cases; retained output and assembly bound to certificate."
FINITE-json_state-baseline-gcc-O0,FINITE_EXHAUSTIVE_COMPILER_CELL,json_state,baseline,gcc,-O0,gcc -std=c11 -Wall -Wextra -Werror -O0 artifact/benchmark/generated/json_state/baseline/kernel.c -o artifact/results/raw/json_state/baseline/gcc_o0,gcc (Debian 14.2.0-19) 14.2.0,source=3d07309cc64b5dedeb15b195cb853229795bfec815eb2696f1ff2a0b16495930;reference=abf4da61a297e47a26716b66c9111f7f52a8380cdb5b703dff059a5783f67ca2;manifest=9b8c81ae2b5015945fd659c38228698a8436f9e2222b99778ce907b5e8040388,artifact/results/raw/json_state/baseline/gcc_o0.out,abf4da61a297e47a26716b66c9111f7f52a8380cdb5b703dff059a5783f67ca2,artifact/results/raw/json_state/baseline/gcc_o0.s,70c2bcaec0fdac1dd3329eddfc0a4bdcb4c97e10c7f1b95a70a7176153244780,artifact/results/independent_recheck.json,EXECUTED,"65,536 ordered byte-pair cases; retained output and assembly bound to certificate."
FINITE-json_state-baseline-gcc-O2,FINITE_EXHAUSTIVE_COMPILER_CELL,json_state,baseline,gcc,-O2,gcc -std=c11 -Wall -Wextra -Werror -O2 artifact/benchmark/generated/json_state/baseline/kernel.c -o artifact/results/raw/json_state/baseline/gcc_o2,gcc (Debian 14.2.0-19) 14.2.0,source=3d07309cc64b5dedeb15b195cb853229795bfec815eb2696f1ff2a0b16495930;reference=abf4da61a297e47a26716b66c9111f7f52a8380cdb5b703dff059a5783f67ca2;manifest=9b8c81ae2b5015945fd659c38228698a8436f9e2222b99778ce907b5e8040388,artifact/results/raw/json_state/baseline/gcc_o2.out,abf4da61a297e47a26716b66c9111f7f52a8380cdb5b703dff059a5783f67ca2,artifact/results/raw/json_state/baseline/gcc_o2.s,e00f22e42a23f5ed4505b093bf39d6fdabe773c1a830f8828e5a1309cfda79b9,artifact/results/independent_recheck.json,EXECUTED,"65,536 ordered byte-pair cases; retained output and assembly bound to certificate."
FINITE-json_state-baseline-clang-O0,FINITE_EXHAUSTIVE_COMPILER_CELL,json_state,baseline,clang,-O0,clang -std=c11 -Wall -Wextra -Werror -O0 artifact/benchmark/generated/json_state/baseline/kernel.c -o artifact/results/raw/json_state/baseline/clang_o0,clang version 17.0.0 (https://github.com/swiftlang/llvm-project.git 10999b6d034fe318f3d56c83bddb6572593a8bb0),source=3d07309cc64b5dedeb15b195cb853229795bfec815eb2696f1ff2a0b16495930;reference=abf4da61a297e47a26716b66c9111f7f52a8380cdb5b703dff059a5783f67ca2;manifest=9b8c81ae2b5015945fd659c38228698a8436f9e2222b99778ce907b5e8040388,artifact/results/raw/json_state/baseline/clang_o0.out,abf4da61a297e47a26716b66c9111f7f52a8380cdb5b703dff059a5783f67ca2,artifact/results/raw/json_state/baseline/clang_o0.s,d0f7229fa5b8c320571ce34876a3f0ce1d728a3b49caf6662fe6325fe44527b4,artifact/results/independent_recheck.json,EXECUTED,"65,536 ordered byte-pair cases; retained output and assembly bound to certificate."
FINITE-json_state-baseline-clang-O2,FINITE_EXHAUSTIVE_COMPILER_CELL,json_state,baseline,clang,-O2,clang -std=c11 -Wall -Wextra -Werror -O2 artifact/benchmark/generated/json_state/baseline/kernel.c -o artifact/results/raw/json_state/baseline/clang_o2,clang version 17.0.0 (https://github.com/swiftlang/llvm-project.git 10999b6d034fe318f3d56c83bddb6572593a8bb0),source=3d07309cc64b5dedeb15b195cb853229795bfec815eb2696f1ff2a0b16495930;reference=abf4da61a297e47a26716b66c9111f7f52a8380cdb5b703dff059a5783f67ca2;manifest=9b8c81ae2b5015945fd659c38228698a8436f9e2222b99778ce907b5e8040388,artifact/results/raw/json_state/baseline/clang_o2.out,abf4da61a297e47a26716b66c9111f7f52a8380cdb5b703dff059a5783f67ca2,artifact/results/raw/json_state/baseline/clang_o2.s,df01f7692fe60a28ca07ad471645d2c4871ec29f2efae7bd44c77c540a51b16a,artifact/results/independent_recheck.json,EXECUTED,"65,536 ordered byte-pair cases; retained output and assembly bound to certificate."
FINITE-json_state-rename-gcc-O0,FINITE_EXHAUSTIVE_COMPILER_CELL,json_state,rename,gcc,-O0,gcc -std=c11 -Wall -Wextra -Werror -O0 artifact/benchmark/generated/json_state/rename/kernel.c -o artifact/results/raw/json_state/rename/gcc_o0,gcc (Debian 14.2.0-19) 14.2.0,source=854e4ecc417772283d03fc52d466f7c300116d653aa75f7afd09b88e02fba752;reference=abf4da61a297e47a26716b66c9111f7f52a8380cdb5b703dff059a5783f67ca2;manifest=9b8c81ae2b5015945fd659c38228698a8436f9e2222b99778ce907b5e8040388,artifact/results/raw/json_state/rename/gcc_o0.out,abf4da61a297e47a26716b66c9111f7f52a8380cdb5b703dff059a5783f67ca2,artifact/results/raw/json_state/rename/gcc_o0.s,70c2bcaec0fdac1dd3329eddfc0a4bdcb4c97e10c7f1b95a70a7176153244780,artifact/results/independent_recheck.json,EXECUTED,"65,536 ordered byte-pair cases; retained output and assembly bound to certificate."
FINITE-json_state-rename-gcc-O2,FINITE_EXHAUSTIVE_COMPILER_CELL,json_state,rename,gcc,-O2,gcc -std=c11 -Wall -Wextra -Werror -O2 artifact/benchmark/generated/json_state/rename/kernel.c -o artifact/results/raw/json_state/rename/gcc_o2,gcc (Debian 14.2.0-19) 14.2.0,source=854e4ecc417772283d03fc52d466f7c300116d653aa75f7afd09b88e02fba752;reference=abf4da61a297e47a26716b66c9111f7f52a8380cdb5b703dff059a5783f67ca2;manifest=9b8c81ae2b5015945fd659c38228698a8436f9e2222b99778ce907b5e8040388,artifact/results/raw/json_state/rename/gcc_o2.out,abf4da61a297e47a26716b66c9111f7f52a8380cdb5b703dff059a5783f67ca2,artifact/results/raw/json_state/rename/gcc_o2.s,e00f22e42a23f5ed4505b093bf39d6fdabe773c1a830f8828e5a1309cfda79b9,artifact/results/independent_recheck.json,EXECUTED,"65,536 ordered byte-pair cases; retained output and assembly bound to certificate."
FINITE-json_state-rename-clang-O0,FINITE_EXHAUSTIVE_COMPILER_CELL,json_state,rename,clang,-O0,clang -std=c11 -Wall -Wextra -Werror -O0 artifact/benchmark/generated/json_state/rename/kernel.c -o artifact/results/raw/json_state/rename/clang_o0,clang version 17.0.0 (https://github.com/swiftlang/llvm-project.git 10999b6d034fe318f3d56c83bddb6572593a8bb0),source=854e4ecc417772283d03fc52d466f7c300116d653aa75f7afd09b88e02fba752;reference=abf4da61a297e47a26716b66c9111f7f52a8380cdb5b703dff059a5783f67ca2;manifest=9b8c81ae2b5015945fd659c38228698a8436f9e2222b99778ce907b5e8040388,artifact/results/raw/json_state/rename/clang_o0.out,abf4da61a297e47a26716b66c9111f7f52a8380cdb5b703dff059a5783f67ca2,artifact/results/raw/json_state/rename/clang_o0.s,d0f7229fa5b8c320571ce34876a3f0ce1d728a3b49caf6662fe6325fe44527b4,artifact/results/independent_recheck.json,EXECUTED,"65,536 ordered byte-pair cases; retained output and assembly bound to certificate."
FINITE-json_state-rename-clang-O2,FINITE_EXHAUSTIVE_COMPILER_CELL,json_state,rename,clang,-O2,clang -std=c11 -Wall -Wextra -Werror -O2 artifact/benchmark/generated/json_state/rename/kernel.c -o artifact/results/raw/json_state/rename/clang_o2,clang version 17.0.0 (https://github.com/swiftlang/llvm-project.git 10999b6d034fe318f3d56c83bddb6572593a8bb0),source=854e4ecc417772283d03fc52d466f7c300116d653aa75f7afd09b88e02fba752;reference=abf4da61a297e47a26716b66c9111f7f52a8380cdb5b703dff059a5783f67ca2;manifest=9b8c81ae2b5015945fd659c38228698a8436f9e2222b99778ce907b5e8040388,artifact/results/raw/json_state/rename/clang_o2.out,abf4da61a297e47a26716b66c9111f7f52a8380cdb5b703dff059a5783f67ca2,artifact/results/raw/json_state/rename/clang_o2.s,df01f7692fe60a28ca07ad471645d2c4871ec29f2efae7bd44c77c540a51b16a,artifact/results/independent_recheck.json,EXECUTED,"65,536 ordered byte-pair cases; retained output and assembly bound to certificate."
FINITE-json_state-reorder-gcc-O0,FINITE_EXHAUSTIVE_COMPILER_CELL,json_state,reorder,gcc,-O0,gcc -std=c11 -Wall -Wextra -Werror -O0 artifact/benchmark/generated/json_state/reorder/kernel.c -o artifact/results/raw/json_state/reorder/gcc_o0,gcc (Debian 14.2.0-19) 14.2.0,source=74e5a1d3f86cbb6a20a6bd7472e97d9ffa058b680ca9f6f9f7d99f15320c14ab;reference=abf4da61a297e47a26716b66c9111f7f52a8380cdb5b703dff059a5783f67ca2;manifest=9b8c81ae2b5015945fd659c38228698a8436f9e2222b99778ce907b5e8040388,artifact/results/raw/json_state/reorder/gcc_o0.out,abf4da61a297e47a26716b66c9111f7f52a8380cdb5b703dff059a5783f67ca2,artifact/results/raw/json_state/reorder/gcc_o0.s,70c2bcaec0fdac1dd3329eddfc0a4bdcb4c97e10c7f1b95a70a7176153244780,artifact/results/independent_recheck.json,EXECUTED,"65,536 ordered byte-pair cases; retained output and assembly bound to certificate."
FINITE-json_state-reorder-gcc-O2,FINITE_EXHAUSTIVE_COMPILER_CELL,json_state,reorder,gcc,-O2,gcc -std=c11 -Wall -Wextra -Werror -O2 artifact/benchmark/generated/json_state/reorder/kernel.c -o artifact/results/raw/json_state/reorder/gcc_o2,gcc (Debian 14.2.0-19) 14.2.0,source=74e5a1d3f86cbb6a20a6bd7472e97d9ffa058b680ca9f6f9f7d99f15320c14ab;reference=abf4da61a297e47a26716b66c9111f7f52a8380cdb5b703dff059a5783f67ca2;manifest=9b8c81ae2b5015945fd659c38228698a8436f9e2222b99778ce907b5e8040388,artifact/results/raw/json_state/reorder/gcc_o2.out,abf4da61a297e47a26716b66c9111f7f52a8380cdb5b703dff059a5783f67ca2,artifact/results/raw/json_state/reorder/gcc_o2.s,e00f22e42a23f5ed4505b093bf39d6fdabe773c1a830f8828e5a1309cfda79b9,artifact/results/independent_recheck.json,EXECUTED,"65,536 ordered byte-pair cases; retained output and assembly bound to certificate."
FINITE-json_state-reorder-clang-O0,FINITE_EXHAUSTIVE_COMPILER_CELL,json_state,reorder,clang,-O0,clang -std=c11 -Wall -Wextra -Werror -O0 artifact/benchmark/generated/json_state/reorder/kernel.c -o artifact/results/raw/json_state/reorder/clang_o0,clang version 17.0.0 (https://github.com/swiftlang/llvm-project.git 10999b6d034fe318f3d56c83bddb6572593a8bb0),source=74e5a1d3f86cbb6a20a6bd7472e97d9ffa058b680ca9f6f9f7d99f15320c14ab;reference=abf4da61a297e47a26716b66c9111f7f52a8380cdb5b703dff059a5783f67ca2;manifest=9b8c81ae2b5015945fd659c38228698a8436f9e2222b99778ce907b5e8040388,artifact/results/raw/json_state/reorder/clang_o0.out,abf4da61a297e47a26716b66c9111f7f52a8380cdb5b703dff059a5783f67ca2,artifact/results/raw/json_state/reorder/clang_o0.s,d650d4ea357f28f19221ed06b7fabca2037297d966be670cdad7842b52909903,artifact/results/independent_recheck.json,EXECUTED,"65,536 ordered byte-pair cases; retained output and assembly bound to certificate."
FINITE-json_state-reorder-clang-O2,FINITE_EXHAUSTIVE_COMPILER_CELL,json_state,reorder,clang,-O2,clang -std=c11 -Wall -Wextra -Werror -O2 artifact/benchmark/generated/json_state/reorder/kernel.c -o artifact/results/raw/json_state/reorder/clang_o2,clang version 17.0.0 (https://github.com/swiftlang/llvm-project.git 10999b6d034fe318f3d56c83bddb6572593a8bb0),source=74e5a1d3f86cbb6a20a6bd7472e97d9ffa058b680ca9f6f9f7d99f15320c14ab;reference=abf4da61a297e47a26716b66c9111f7f52a8380cdb5b703dff059a5783f67ca2;manifest=9b8c81ae2b5015945fd659c38228698a8436f9e2222b99778ce907b5e8040388,artifact/results/raw/json_state/reorder/clang_o2.out,abf4da61a297e47a26716b66c9111f7f52a8380cdb5b703dff059a5783f67ca2,artifact/results/raw/json_state/reorder/clang_o2.s,df01f7692fe60a28ca07ad471645d2c4871ec29f2efae7bd44c77c540a51b16a,artifact/results/independent_recheck.json,EXECUTED,"65,536 ordered byte-pair cases; retained output and assembly bound to certificate."
FINITE-json_state-extract-gcc-O0,FINITE_EXHAUSTIVE_COMPILER_CELL,json_state,extract,gcc,-O0,gcc -std=c11 -Wall -Wextra -Werror -O0 artifact/benchmark/generated/json_state/extract/kernel.c -o artifact/results/raw/json_state/extract/gcc_o0,gcc (Debian 14.2.0-19) 14.2.0,source=7373978b74e07ed4a870e771b104628ee0ee430c6b5649e40dfcaf420d0a6073;reference=abf4da61a297e47a26716b66c9111f7f52a8380cdb5b703dff059a5783f67ca2;manifest=9b8c81ae2b5015945fd659c38228698a8436f9e2222b99778ce907b5e8040388,artifact/results/raw/json_state/extract/gcc_o0.out,abf4da61a297e47a26716b66c9111f7f52a8380cdb5b703dff059a5783f67ca2,artifact/results/raw/json_state/extract/gcc_o0.s,eb2b50bb12542fef1c86e01e9b1e702a2a23b31567dce399927904c000804bbc,artifact/results/independent_recheck.json,EXECUTED,"65,536 ordered byte-pair cases; retained output and assembly bound to certificate."
FINITE-json_state-extract-gcc-O2,FINITE_EXHAUSTIVE_COMPILER_CELL,json_state,extract,gcc,-O2,gcc -std=c11 -Wall -Wextra -Werror -O2 artifact/benchmark/generated/json_state/extract/kernel.c -o artifact/results/raw/json_state/extract/gcc_o2,gcc (Debian 14.2.0-19) 14.2.0,source=7373978b74e07ed4a870e771b104628ee0ee430c6b5649e40dfcaf420d0a6073;reference=abf4da61a297e47a26716b66c9111f7f52a8380cdb5b703dff059a5783f67ca2;manifest=9b8c81ae2b5015945fd659c38228698a8436f9e2222b99778ce907b5e8040388,artifact/results/raw/json_state/extract/gcc_o2.out,abf4da61a297e47a26716b66c9111f7f52a8380cdb5b703dff059a5783f67ca2,artifact/results/raw/json_state/extract/gcc_o2.s,af828c4d853ba96ae2f901955f6a568cb3e13772f5e09a299d2bacd37b207d8f,artifact/results/independent_recheck.json,EXECUTED,"65,536 ordered byte-pair cases; retained output and assembly bound to certificate."
FINITE-json_state-extract-clang-O0,FINITE_EXHAUSTIVE_COMPILER_CELL,json_state,extract,clang,-O0,clang -std=c11 -Wall -Wextra -Werror -O0 artifact/benchmark/generated/json_state/extract/kernel.c -o artifact/results/raw/json_state/extract/clang_o0,clang version 17.0.0 (https://github.com/swiftlang/llvm-project.git 10999b6d034fe318f3d56c83bddb6572593a8bb0),source=7373978b74e07ed4a870e771b104628ee0ee430c6b5649e40dfcaf420d0a6073;reference=abf4da61a297e47a26716b66c9111f7f52a8380cdb5b703dff059a5783f67ca2;manifest=9b8c81ae2b5015945fd659c38228698a8436f9e2222b99778ce907b5e8040388,artifact/results/raw/json_state/extract/clang_o0.out,abf4da61a297e47a26716b66c9111f7f52a8380cdb5b703dff059a5783f67ca2,artifact/results/raw/json_state/extract/clang_o0.s,b20872792884ff0ea0ef93c1eb3d024efa717ab34a542e2d8fbee521eca4969b,artifact/results/independent_recheck.json,EXECUTED,"65,536 ordered byte-pair cases; retained output and assembly bound to certificate."
FINITE-json_state-extract-clang-O2,FINITE_EXHAUSTIVE_COMPILER_CELL,json_state,extract,clang,-O2,clang -std=c11 -Wall -Wextra -Werror -O2 artifact/benchmark/generated/json_state/extract/kernel.c -o artifact/results/raw/json_state/extract/clang_o2,clang version 17.0.0 (https://github.com/swiftlang/llvm-project.git 10999b6d034fe318f3d56c83bddb6572593a8bb0),source=7373978b74e07ed4a870e771b104628ee0ee430c6b5649e40dfcaf420d0a6073;reference=abf4da61a297e47a26716b66c9111f7f52a8380cdb5b703dff059a5783f67ca2;manifest=9b8c81ae2b5015945fd659c38228698a8436f9e2222b99778ce907b5e8040388,artifact/results/raw/json_state/extract/clang_o2.out,abf4da61a297e47a26716b66c9111f7f52a8380cdb5b703dff059a5783f67ca2,artifact/results/raw/json_state/extract/clang_o2.s,df01f7692fe60a28ca07ad471645d2c4871ec29f2efae7bd44c77c540a51b16a,artifact/results/independent_recheck.json,EXECUTED,"65,536 ordered byte-pair cases; retained output and assembly bound to certificate."
FINITE-json_state-dependency_upgrade-gcc-O0,FINITE_EXHAUSTIVE_COMPILER_CELL,json_state,dependency_upgrade,gcc,-O0,gcc -std=c11 -Wall -Wextra -Werror -O0 artifact/benchmark/generated/json_state/dependency_upgrade/kernel.c -o artifact/results/raw/json_state/dependency_upgrade/gcc_o0,gcc (Debian 14.2.0-19) 14.2.0,source=ed613b22a1778d7b3c7ae2c1fa3806fa48296b10d41e85e90c26dc1117fd882e;reference=abf4da61a297e47a26716b66c9111f7f52a8380cdb5b703dff059a5783f67ca2;manifest=9b8c81ae2b5015945fd659c38228698a8436f9e2222b99778ce907b5e8040388,artifact/results/raw/json_state/dependency_upgrade/gcc_o0.out,abf4da61a297e47a26716b66c9111f7f52a8380cdb5b703dff059a5783f67ca2,artifact/results/raw/json_state/dependency_upgrade/gcc_o0.s,3f95b647eaa16104e550a11e9fc1e81e0e22f31ef5455404ef596e9409397b9e,artifact/results/independent_recheck.json,EXECUTED,"65,536 ordered byte-pair cases; retained output and assembly bound to certificate."
FINITE-json_state-dependency_upgrade-gcc-O2,FINITE_EXHAUSTIVE_COMPILER_CELL,json_state,dependency_upgrade,gcc,-O2,gcc -std=c11 -Wall -Wextra -Werror -O2 artifact/benchmark/generated/json_state/dependency_upgrade/kernel.c -o artifact/results/raw/json_state/dependency_upgrade/gcc_o2,gcc (Debian 14.2.0-19) 14.2.0,source=ed613b22a1778d7b3c7ae2c1fa3806fa48296b10d41e85e90c26dc1117fd882e;reference=abf4da61a297e47a26716b66c9111f7f52a8380cdb5b703dff059a5783f67ca2;manifest=9b8c81ae2b5015945fd659c38228698a8436f9e2222b99778ce907b5e8040388,artifact/results/raw/json_state/dependency_upgrade/gcc_o2.out,abf4da61a297e47a26716b66c9111f7f52a8380cdb5b703dff059a5783f67ca2,artifact/results/raw/json_state/dependency_upgrade/gcc_o2.s,36dbc8e4431e4f1ce0a37df6f83a27dd3948a9f9e4e0ecb465ae73dd0ca6d79c,artifact/results/independent_recheck.json,EXECUTED,"65,536 ordered byte-pair cases; retained output and assembly bound to certificate."
FINITE-json_state-dependency_upgrade-clang-O0,FINITE_EXHAUSTIVE_COMPILER_CELL,json_state,dependency_upgrade,clang,-O0,clang -std=c11 -Wall -Wextra -Werror -O0 artifact/benchmark/generated/json_state/dependency_upgrade/kernel.c -o artifact/results/raw/json_state/dependency_upgrade/clang_o0,clang version 17.0.0 (https://github.com/swiftlang/llvm-project.git 10999b6d034fe318f3d56c83bddb6572593a8bb0),source=ed613b22a1778d7b3c7ae2c1fa3806fa48296b10d41e85e90c26dc1117fd882e;reference=abf4da61a297e47a26716b66c9111f7f52a8380cdb5b703dff059a5783f67ca2;manifest=9b8c81ae2b5015945fd659c38228698a8436f9e2222b99778ce907b5e8040388,artifact/results/raw/json_state/dependency_upgrade/clang_o0.out,abf4da61a297e47a26716b66c9111f7f52a8380cdb5b703dff059a5783f67ca2,artifact/results/raw/json_state/dependency_upgrade/clang_o0.s,3cc8086862a0be99079a2e931965bf08686bb9797db06e10d72f5d88b27540c6,artifact/results/independent_recheck.json,EXECUTED,"65,536 ordered byte-pair cases; retained output and assembly bound to certificate."
FINITE-json_state-dependency_upgrade-clang-O2,FINITE_EXHAUSTIVE_COMPILER_CELL,json_state,dependency_upgrade,clang,-O2,clang -std=c11 -Wall -Wextra -Werror -O2 artifact/benchmark/generated/json_state/dependency_upgrade/kernel.c -o artifact/results/raw/json_state/dependency_upgrade/clang_o2,clang version 17.0.0 (https://github.com/swiftlang/llvm-project.git 10999b6d034fe318f3d56c83bddb6572593a8bb0),source=ed613b22a1778d7b3c7ae2c1fa3806fa48296b10d41e85e90c26dc1117fd882e;reference=abf4da61a297e47a26716b66c9111f7f52a8380cdb5b703dff059a5783f67ca2;manifest=9b8c81ae2b5015945fd659c38228698a8436f9e2222b99778ce907b5e8040388,artifact/results/raw/json_state/dependency_upgrade/clang_o2.out,abf4da61a297e47a26716b66c9111f7f52a8380cdb5b703dff059a5783f67ca2,artifact/results/raw/json_state/dependency_upgrade/clang_o2.s,df01f7692fe60a28ca07ad471645d2c4871ec29f2efae7bd44c77c540a51b16a,artifact/results/independent_recheck.json,EXECUTED,"65,536 ordered byte-pair cases; retained output and assembly bound to certificate."
FINITE-json_state-format-gcc-O0,FINITE_EXHAUSTIVE_COMPILER_CELL,json_state,format,gcc,-O0,gcc -std=c11 -Wall -Wextra -Werror -O0 artifact/benchmark/generated/json_state/format/kernel.c -o artifact/results/raw/json_state/format/gcc_o0,gcc (Debian 14.2.0-19) 14.2.0,source=a36adb5346336526b302f42ecf1f6b3fe80dc20aad7865b96dc6739174a9c0dd;reference=abf4da61a297e47a26716b66c9111f7f52a8380cdb5b703dff059a5783f67ca2;manifest=9b8c81ae2b5015945fd659c38228698a8436f9e2222b99778ce907b5e8040388,artifact/results/raw/json_state/format/gcc_o0.out,abf4da61a297e47a26716b66c9111f7f52a8380cdb5b703dff059a5783f67ca2,artifact/results/raw/json_state/format/gcc_o0.s,3f95b647eaa16104e550a11e9fc1e81e0e22f31ef5455404ef596e9409397b9e,artifact/results/independent_recheck.json,EXECUTED,"65,536 ordered byte-pair cases; retained output and assembly bound to certificate."
FINITE-json_state-format-gcc-O2,FINITE_EXHAUSTIVE_COMPILER_CELL,json_state,format,gcc,-O2,gcc -std=c11 -Wall -Wextra -Werror -O2 artifact/benchmark/generated/json_state/format/kernel.c -o artifact/results/raw/json_state/format/gcc_o2,gcc (Debian 14.2.0-19) 14.2.0,source=a36adb5346336526b302f42ecf1f6b3fe80dc20aad7865b96dc6739174a9c0dd;reference=abf4da61a297e47a26716b66c9111f7f52a8380cdb5b703dff059a5783f67ca2;manifest=9b8c81ae2b5015945fd659c38228698a8436f9e2222b99778ce907b5e8040388,artifact/results/raw/json_state/format/gcc_o2.out,abf4da61a297e47a26716b66c9111f7f52a8380cdb5b703dff059a5783f67ca2,artifact/results/raw/json_state/format/gcc_o2.s,36dbc8e4431e4f1ce0a37df6f83a27dd3948a9f9e4e0ecb465ae73dd0ca6d79c,artifact/results/independent_recheck.json,EXECUTED,"65,536 ordered byte-pair cases; retained output and assembly bound to certificate."
FINITE-json_state-format-clang-O0,FINITE_EXHAUSTIVE_COMPILER_CELL,json_state,format,clang,-O0,clang -std=c11 -Wall -Wextra -Werror -O0 artifact/benchmark/generated/json_state/format/kernel.c -o artifact/results/raw/json_state/format/clang_o0,clang version 17.0.0 (https://github.com/swiftlang/llvm-project.git 10999b6d034fe318f3d56c83bddb6572593a8bb0),source=a36adb5346336526b302f42ecf1f6b3fe80dc20aad7865b96dc6739174a9c0dd;reference=abf4da61a297e47a26716b66c9111f7f52a8380cdb5b703dff059a5783f67ca2;manifest=9b8c81ae2b5015945fd659c38228698a8436f9e2222b99778ce907b5e8040388,artifact/results/raw/json_state/format/clang_o0.out,abf4da61a297e47a26716b66c9111f7f52a8380cdb5b703dff059a5783f67ca2,artifact/results/raw/json_state/format/clang_o0.s,3cc8086862a0be99079a2e931965bf08686bb9797db06e10d72f5d88b27540c6,artifact/results/independent_recheck.json,EXECUTED,"65,536 ordered byte-pair cases; retained output and assembly bound to certificate."
FINITE-json_state-format-clang-O2,FINITE_EXHAUSTIVE_COMPILER_CELL,json_state,format,clang,-O2,clang -std=c11 -Wall -Wextra -Werror -O2 artifact/benchmark/generated/json_state/format/kernel.c -o artifact/results/raw/json_state/format/clang_o2,clang version 17.0.0 (https://github.com/swiftlang/llvm-project.git 10999b6d034fe318f3d56c83bddb6572593a8bb0),source=a36adb5346336526b302f42ecf1f6b3fe80dc20aad7865b96dc6739174a9c0dd;reference=abf4da61a297e47a26716b66c9111f7f52a8380cdb5b703dff059a5783f67ca2;manifest=9b8c81ae2b5015945fd659c38228698a8436f9e2222b99778ce907b5e8040388,artifact/results/raw/json_state/format/clang_o2.out,abf4da61a297e47a26716b66c9111f7f52a8380cdb5b703dff059a5783f67ca2,artifact/results/raw/json_state/format/clang_o2.s,df01f7692fe60a28ca07ad471645d2c4871ec29f2efae7bd44c77c540a51b16a,artifact/results/independent_recheck.json,EXECUTED,"65,536 ordered byte-pair cases; retained output and assembly bound to certificate."
FINITE-json_state-erase_tolerable-gcc-O0,FINITE_EXHAUSTIVE_COMPILER_CELL,json_state,erase_tolerable,gcc,-O0,gcc -std=c11 -Wall -Wextra -Werror -O0 artifact/benchmark/generated/json_state/erase_tolerable/kernel.c -o artifact/results/raw/json_state/erase_tolerable/gcc_o0,gcc (Debian 14.2.0-19) 14.2.0,source=84e43a3f1489098553d3ddfcffa46389a897b0783b90e1528fbf2f62dcea1ee2;reference=abf4da61a297e47a26716b66c9111f7f52a8380cdb5b703dff059a5783f67ca2;manifest=9b8c81ae2b5015945fd659c38228698a8436f9e2222b99778ce907b5e8040388,artifact/results/raw/json_state/erase_tolerable/gcc_o0.out,abf4da61a297e47a26716b66c9111f7f52a8380cdb5b703dff059a5783f67ca2,artifact/results/raw/json_state/erase_tolerable/gcc_o0.s,80e13bd2f67f4a0bd94218b435feb3c62b79abd91f1f10042ef5c8c10c09224a,artifact/results/independent_recheck.json,EXECUTED,"65,536 ordered byte-pair cases; retained output and assembly bound to certificate."
FINITE-json_state-erase_tolerable-gcc-O2,FINITE_EXHAUSTIVE_COMPILER_CELL,json_state,erase_tolerable,gcc,-O2,gcc -std=c11 -Wall -Wextra -Werror -O2 artifact/benchmark/generated/json_state/erase_tolerable/kernel.c -o artifact/results/raw/json_state/erase_tolerable/gcc_o2,gcc (Debian 14.2.0-19) 14.2.0,source=84e43a3f1489098553d3ddfcffa46389a897b0783b90e1528fbf2f62dcea1ee2;reference=abf4da61a297e47a26716b66c9111f7f52a8380cdb5b703dff059a5783f67ca2;manifest=9b8c81ae2b5015945fd659c38228698a8436f9e2222b99778ce907b5e8040388,artifact/results/raw/json_state/erase_tolerable/gcc_o2.out,abf4da61a297e47a26716b66c9111f7f52a8380cdb5b703dff059a5783f67ca2,artifact/results/raw/json_state/erase_tolerable/gcc_o2.s,572eb702cba8e8131d4c13d03f1856e1a6e6d63d5e86248bc044e6a64974c35a,artifact/results/independent_recheck.json,EXECUTED,"65,536 ordered byte-pair cases; retained output and assembly bound to certificate."
FINITE-json_state-erase_tolerable-clang-O0,FINITE_EXHAUSTIVE_COMPILER_CELL,json_state,erase_tolerable,clang,-O0,clang -std=c11 -Wall -Wextra -Werror -O0 artifact/benchmark/generated/json_state/erase_tolerable/kernel.c -o artifact/results/raw/json_state/erase_tolerable/clang_o0,clang version 17.0.0 (https://github.com/swiftlang/llvm-project.git 10999b6d034fe318f3d56c83bddb6572593a8bb0),source=84e43a3f1489098553d3ddfcffa46389a897b0783b90e1528fbf2f62dcea1ee2;reference=abf4da61a297e47a26716b66c9111f7f52a8380cdb5b703dff059a5783f67ca2;manifest=9b8c81ae2b5015945fd659c38228698a8436f9e2222b99778ce907b5e8040388,artifact/results/raw/json_state/erase_tolerable/clang_o0.out,abf4da61a297e47a26716b66c9111f7f52a8380cdb5b703dff059a5783f67ca2,artifact/results/raw/json_state/erase_tolerable/clang_o0.s,691ad6498914afb862fc5d380a12205209290c4aab32ede7719b416be2575f3a,artifact/results/independent_recheck.json,EXECUTED,"65,536 ordered byte-pair cases; retained output and assembly bound to certificate."
FINITE-json_state-erase_tolerable-clang-O2,FINITE_EXHAUSTIVE_COMPILER_CELL,json_state,erase_tolerable,clang,-O2,clang -std=c11 -Wall -Wextra -Werror -O2 artifact/benchmark/generated/json_state/erase_tolerable/kernel.c -o artifact/results/raw/json_state/erase_tolerable/clang_o2,clang version 17.0.0 (https://github.com/swiftlang/llvm-project.git 10999b6d034fe318f3d56c83bddb6572593a8bb0),source=84e43a3f1489098553d3ddfcffa46389a897b0783b90e1528fbf2f62dcea1ee2;reference=abf4da61a297e47a26716b66c9111f7f52a8380cdb5b703dff059a5783f67ca2;manifest=9b8c81ae2b5015945fd659c38228698a8436f9e2222b99778ce907b5e8040388,artifact/results/raw/json_state/erase_tolerable/clang_o2.out,abf4da61a297e47a26716b66c9111f7f52a8380cdb5b703dff059a5783f67ca2,artifact/results/raw/json_state/erase_tolerable/clang_o2.s,df01f7692fe60a28ca07ad471645d2c4871ec29f2efae7bd44c77c540a51b16a,artifact/results/independent_recheck.json,EXECUTED,"65,536 ordered byte-pair cases; retained output and assembly bound to certificate."
FINITE-json_state-merge_tolerable-gcc-O0,FINITE_EXHAUSTIVE_COMPILER_CELL,json_state,merge_tolerable,gcc,-O0,gcc -std=c11 -Wall -Wextra -Werror -O0 artifact/benchmark/generated/json_state/merge_tolerable/kernel.c -o artifact/results/raw/json_state/merge_tolerable/gcc_o0,gcc (Debian 14.2.0-19) 14.2.0,source=f112991c1b713c8083256ea2a889067593a6bce09ef14a21870873c71379993e;reference=abf4da61a297e47a26716b66c9111f7f52a8380cdb5b703dff059a5783f67ca2;manifest=9b8c81ae2b5015945fd659c38228698a8436f9e2222b99778ce907b5e8040388,artifact/results/raw/json_state/merge_tolerable/gcc_o0.out,abf4da61a297e47a26716b66c9111f7f52a8380cdb5b703dff059a5783f67ca2,artifact/results/raw/json_state/merge_tolerable/gcc_o0.s,80e13bd2f67f4a0bd94218b435feb3c62b79abd91f1f10042ef5c8c10c09224a,artifact/results/independent_recheck.json,EXECUTED,"65,536 ordered byte-pair cases; retained output and assembly bound to certificate."
FINITE-json_state-merge_tolerable-gcc-O2,FINITE_EXHAUSTIVE_COMPILER_CELL,json_state,merge_tolerable,gcc,-O2,gcc -std=c11 -Wall -Wextra -Werror -O2 artifact/benchmark/generated/json_state/merge_tolerable/kernel.c -o artifact/results/raw/json_state/merge_tolerable/gcc_o2,gcc (Debian 14.2.0-19) 14.2.0,source=f112991c1b713c8083256ea2a889067593a6bce09ef14a21870873c71379993e;reference=abf4da61a297e47a26716b66c9111f7f52a8380cdb5b703dff059a5783f67ca2;manifest=9b8c81ae2b5015945fd659c38228698a8436f9e2222b99778ce907b5e8040388,artifact/results/raw/json_state/merge_tolerable/gcc_o2.out,abf4da61a297e47a26716b66c9111f7f52a8380cdb5b703dff059a5783f67ca2,artifact/results/raw/json_state/merge_tolerable/gcc_o2.s,572eb702cba8e8131d4c13d03f1856e1a6e6d63d5e86248bc044e6a64974c35a,artifact/results/independent_recheck.json,EXECUTED,"65,536 ordered byte-pair cases; retained output and assembly bound to certificate."
FINITE-json_state-merge_tolerable-clang-O0,FINITE_EXHAUSTIVE_COMPILER_CELL,json_state,merge_tolerable,clang,-O0,clang -std=c11 -Wall -Wextra -Werror -O0 artifact/benchmark/generated/json_state/merge_tolerable/kernel.c -o artifact/results/raw/json_state/merge_tolerable/clang_o0,clang version 17.0.0 (https://github.com/swiftlang/llvm-project.git 10999b6d034fe318f3d56c83bddb6572593a8bb0),source=f112991c1b713c8083256ea2a889067593a6bce09ef14a21870873c71379993e;reference=abf4da61a297e47a26716b66c9111f7f52a8380cdb5b703dff059a5783f67ca2;manifest=9b8c81ae2b5015945fd659c38228698a8436f9e2222b99778ce907b5e8040388,artifact/results/raw/json_state/merge_tolerable/clang_o0.out,abf4da61a297e47a26716b66c9111f7f52a8380cdb5b703dff059a5783f67ca2,artifact/results/raw/json_state/merge_tolerable/clang_o0.s,691ad6498914afb862fc5d380a12205209290c4aab32ede7719b416be2575f3a,artifact/results/independent_recheck.json,EXECUTED,"65,536 ordered byte-pair cases; retained output and assembly bound to certificate."
FINITE-json_state-merge_tolerable-clang-O2,FINITE_EXHAUSTIVE_COMPILER_CELL,json_state,merge_tolerable,clang,-O2,clang -std=c11 -Wall -Wextra -Werror -O2 artifact/benchmark/generated/json_state/merge_tolerable/kernel.c -o artifact/results/raw/json_state/merge_tolerable/clang_o2,clang version 17.0.0 (https://github.com/swiftlang/llvm-project.git 10999b6d034fe318f3d56c83bddb6572593a8bb0),source=f112991c1b713c8083256ea2a889067593a6bce09ef14a21870873c71379993e;reference=abf4da61a297e47a26716b66c9111f7f52a8380cdb5b703dff059a5783f67ca2;manifest=9b8c81ae2b5015945fd659c38228698a8436f9e2222b99778ce907b5e8040388,artifact/results/raw/json_state/merge_tolerable/clang_o2.out,abf4da61a297e47a26716b66c9111f7f52a8380cdb5b703dff059a5783f67ca2,artifact/results/raw/json_state/merge_tolerable/clang_o2.s,df01f7692fe60a28ca07ad471645d2c4871ec29f2efae7bd44c77c540a51b16a,artifact/results/independent_recheck.json,EXECUTED,"65,536 ordered byte-pair cases; retained output and assembly bound to certificate."
FINITE-json_state-flip_tolerable-gcc-O0,FINITE_EXHAUSTIVE_COMPILER_CELL,json_state,flip_tolerable,gcc,-O0,gcc -std=c11 -Wall -Wextra -Werror -O0 artifact/benchmark/generated/json_state/flip_tolerable/kernel.c -o artifact/results/raw/json_state/flip_tolerable/gcc_o0,gcc (Debian 14.2.0-19) 14.2.0,source=1c7c5156eb77ad91f7dfc3d8a9ccf266a805e4c87db695fe8402cbb353b3ef02;reference=abf4da61a297e47a26716b66c9111f7f52a8380cdb5b703dff059a5783f67ca2;manifest=9b8c81ae2b5015945fd659c38228698a8436f9e2222b99778ce907b5e8040388,artifact/results/raw/json_state/flip_tolerable/gcc_o0.out,abf4da61a297e47a26716b66c9111f7f52a8380cdb5b703dff059a5783f67ca2,artifact/results/raw/json_state/flip_tolerable/gcc_o0.s,3538374196c571c78d12b738041364e7f320d27c6af4d1ced23987a9f351c01c,artifact/results/independent_recheck.json,EXECUTED,"65,536 ordered byte-pair cases; retained output and assembly bound to certificate."
FINITE-json_state-flip_tolerable-gcc-O2,FINITE_EXHAUSTIVE_COMPILER_CELL,json_state,flip_tolerable,gcc,-O2,gcc -std=c11 -Wall -Wextra -Werror -O2 artifact/benchmark/generated/json_state/flip_tolerable/kernel.c -o artifact/results/raw/json_state/flip_tolerable/gcc_o2,gcc (Debian 14.2.0-19) 14.2.0,source=1c7c5156eb77ad91f7dfc3d8a9ccf266a805e4c87db695fe8402cbb353b3ef02;reference=abf4da61a297e47a26716b66c9111f7f52a8380cdb5b703dff059a5783f67ca2;manifest=9b8c81ae2b5015945fd659c38228698a8436f9e2222b99778ce907b5e8040388,artifact/results/raw/json_state/flip_tolerable/gcc_o2.out,abf4da61a297e47a26716b66c9111f7f52a8380cdb5b703dff059a5783f67ca2,artifact/results/raw/json_state/flip_tolerable/gcc_o2.s,572eb702cba8e8131d4c13d03f1856e1a6e6d63d5e86248bc044e6a64974c35a,artifact/results/independent_recheck.json,EXECUTED,"65,536 ordered byte-pair cases; retained output and assembly bound to certificate."
FINITE-json_state-flip_tolerable-clang-O0,FINITE_EXHAUSTIVE_COMPILER_CELL,json_state,flip_tolerable,clang,-O0,clang -std=c11 -Wall -Wextra -Werror -O0 artifact/benchmark/generated/json_state/flip_tolerable/kernel.c -o artifact/results/raw/json_state/flip_tolerable/clang_o0,clang version 17.0.0 (https://github.com/swiftlang/llvm-project.git 10999b6d034fe318f3d56c83bddb6572593a8bb0),source=1c7c5156eb77ad91f7dfc3d8a9ccf266a805e4c87db695fe8402cbb353b3ef02;reference=abf4da61a297e47a26716b66c9111f7f52a8380cdb5b703dff059a5783f67ca2;manifest=9b8c81ae2b5015945fd659c38228698a8436f9e2222b99778ce907b5e8040388,artifact/results/raw/json_state/flip_tolerable/clang_o0.out,abf4da61a297e47a26716b66c9111f7f52a8380cdb5b703dff059a5783f67ca2,artifact/results/raw/json_state/flip_tolerable/clang_o0.s,d6bcdfb2228d09841fbee79018bcd959f8518bb21f8bd8750abbab947f898544,artifact/results/independent_recheck.json,EXECUTED,"65,536 ordered byte-pair cases; retained output and assembly bound to certificate."
FINITE-json_state-flip_tolerable-clang-O2,FINITE_EXHAUSTIVE_COMPILER_CELL,json_state,flip_tolerable,clang,-O2,clang -std=c11 -Wall -Wextra -Werror -O2 artifact/benchmark/generated/json_state/flip_tolerable/kernel.c -o artifact/results/raw/json_state/flip_tolerable/clang_o2,clang version 17.0.0 (https://github.com/swiftlang/llvm-project.git 10999b6d034fe318f3d56c83bddb6572593a8bb0),source=1c7c5156eb77ad91f7dfc3d8a9ccf266a805e4c87db695fe8402cbb353b3ef02;reference=abf4da61a297e47a26716b66c9111f7f52a8380cdb5b703dff059a5783f67ca2;manifest=9b8c81ae2b5015945fd659c38228698a8436f9e2222b99778ce907b5e8040388,artifact/results/raw/json_state/flip_tolerable/clang_o2.out,abf4da61a297e47a26716b66c9111f7f52a8380cdb5b703dff059a5783f67ca2,artifact/results/raw/json_state/flip_tolerable/clang_o2.s,df01f7692fe60a28ca07ad471645d2c4871ec29f2efae7bd44c77c540a51b16a,artifact/results/independent_recheck.json,EXECUTED,"65,536 ordered byte-pair cases; retained output and assembly bound to certificate."
FINITE-json_state-recovery_break-gcc-O0,FINITE_EXHAUSTIVE_COMPILER_CELL,json_state,recovery_break,gcc,-O0,gcc -std=c11 -Wall -Wextra -Werror -O0 artifact/benchmark/generated/json_state/recovery_break/kernel.c -o artifact/results/raw/json_state/recovery_break/gcc_o0,gcc (Debian 14.2.0-19) 14.2.0,source=94ce6b08600499b0baee0fdc57b37f161fb9d8618d1245cbbfe7307c44b69c47;reference=abf4da61a297e47a26716b66c9111f7f52a8380cdb5b703dff059a5783f67ca2;manifest=9b8c81ae2b5015945fd659c38228698a8436f9e2222b99778ce907b5e8040388,artifact/results/raw/json_state/recovery_break/gcc_o0.out,abf4da61a297e47a26716b66c9111f7f52a8380cdb5b703dff059a5783f67ca2,artifact/results/raw/json_state/recovery_break/gcc_o0.s,9a7fd790c814e12e84145bda4e9f1292db2fb8ee2081a77acbc1d9c4442d8d2e,artifact/results/independent_recheck.json,EXECUTED,"65,536 ordered byte-pair cases; retained output and assembly bound to certificate."
FINITE-json_state-recovery_break-gcc-O2,FINITE_EXHAUSTIVE_COMPILER_CELL,json_state,recovery_break,gcc,-O2,gcc -std=c11 -Wall -Wextra -Werror -O2 artifact/benchmark/generated/json_state/recovery_break/kernel.c -o artifact/results/raw/json_state/recovery_break/gcc_o2,gcc (Debian 14.2.0-19) 14.2.0,source=94ce6b08600499b0baee0fdc57b37f161fb9d8618d1245cbbfe7307c44b69c47;reference=abf4da61a297e47a26716b66c9111f7f52a8380cdb5b703dff059a5783f67ca2;manifest=9b8c81ae2b5015945fd659c38228698a8436f9e2222b99778ce907b5e8040388,artifact/results/raw/json_state/recovery_break/gcc_o2.out,abf4da61a297e47a26716b66c9111f7f52a8380cdb5b703dff059a5783f67ca2,artifact/results/raw/json_state/recovery_break/gcc_o2.s,09aa77a373c50b06ac07dd6ceb9e4baad5c963598cdced7275ac58f0185f87a0,artifact/results/independent_recheck.json,EXECUTED,"65,536 ordered byte-pair cases; retained output and assembly bound to certificate."
FINITE-json_state-recovery_break-clang-O0,FINITE_EXHAUSTIVE_COMPILER_CELL,json_state,recovery_break,clang,-O0,clang -std=c11 -Wall -Wextra -Werror -O0 artifact/benchmark/generated/json_state/recovery_break/kernel.c -o artifact/results/raw/json_state/recovery_break/clang_o0,clang version 17.0.0 (https://github.com/swiftlang/llvm-project.git 10999b6d034fe318f3d56c83bddb6572593a8bb0),source=94ce6b08600499b0baee0fdc57b37f161fb9d8618d1245cbbfe7307c44b69c47;reference=abf4da61a297e47a26716b66c9111f7f52a8380cdb5b703dff059a5783f67ca2;manifest=9b8c81ae2b5015945fd659c38228698a8436f9e2222b99778ce907b5e8040388,artifact/results/raw/json_state/recovery_break/clang_o0.out,abf4da61a297e47a26716b66c9111f7f52a8380cdb5b703dff059a5783f67ca2,artifact/results/raw/json_state/recovery_break/clang_o0.s,cce2b40d41b32142af6535cc872eefa228ddeb3aface5057b0dbb8586779b120,artifact/results/independent_recheck.json,EXECUTED,"65,536 ordered byte-pair cases; retained output and assembly bound to certificate."
FINITE-json_state-recovery_break-clang-O2,FINITE_EXHAUSTIVE_COMPILER_CELL,json_state,recovery_break,clang,-O2,clang -std=c11 -Wall -Wextra -Werror -O2 artifact/benchmark/generated/json_state/recovery_break/kernel.c -o artifact/results/raw/json_state/recovery_break/clang_o2,clang version 17.0.0 (https://github.com/swiftlang/llvm-project.git 10999b6d034fe318f3d56c83bddb6572593a8bb0),source=94ce6b08600499b0baee0fdc57b37f161fb9d8618d1245cbbfe7307c44b69c47;reference=abf4da61a297e47a26716b66c9111f7f52a8380cdb5b703dff059a5783f67ca2;manifest=9b8c81ae2b5015945fd659c38228698a8436f9e2222b99778ce907b5e8040388,artifact/results/raw/json_state/recovery_break/clang_o2.out,abf4da61a297e47a26716b66c9111f7f52a8380cdb5b703dff059a5783f67ca2,artifact/results/raw/json_state/recovery_break/clang_o2.s,df01f7692fe60a28ca07ad471645d2c4871ec29f2efae7bd44c77c540a51b16a,artifact/results/independent_recheck.json,EXECUTED,"65,536 ordered byte-pair cases; retained output and assembly bound to certificate."
FINITE-json_state-reseed-gcc-O0,FINITE_EXHAUSTIVE_COMPILER_CELL,json_state,reseed,gcc,-O0,gcc -std=c11 -Wall -Wextra -Werror -O0 artifact/benchmark/generated/json_state/reseed/kernel.c -o artifact/results/raw/json_state/reseed/gcc_o0,gcc (Debian 14.2.0-19) 14.2.0,source=1e4dca2df3e1a7744886abeb08cf3887cd9daf467d2a83d1c3195799010be17e;reference=abf4da61a297e47a26716b66c9111f7f52a8380cdb5b703dff059a5783f67ca2;manifest=0789803d01ae706727f709e75f1201bf94d8802e4eb25fd84d791820dcb43581,artifact/results/raw/json_state/reseed/gcc_o0.out,abf4da61a297e47a26716b66c9111f7f52a8380cdb5b703dff059a5783f67ca2,artifact/results/raw/json_state/reseed/gcc_o0.s,296b14bee3ab928cf34e2c741bc7ce639f6910f43254338319a68e687eba511a,artifact/results/independent_recheck.json,EXECUTED,"65,536 ordered byte-pair cases; retained output and assembly bound to certificate."
FINITE-json_state-reseed-gcc-O2,FINITE_EXHAUSTIVE_COMPILER_CELL,json_state,reseed,gcc,-O2,gcc -std=c11 -Wall -Wextra -Werror -O2 artifact/benchmark/generated/json_state/reseed/kernel.c -o artifact/results/raw/json_state/reseed/gcc_o2,gcc (Debian 14.2.0-19) 14.2.0,source=1e4dca2df3e1a7744886abeb08cf3887cd9daf467d2a83d1c3195799010be17e;reference=abf4da61a297e47a26716b66c9111f7f52a8380cdb5b703dff059a5783f67ca2;manifest=0789803d01ae706727f709e75f1201bf94d8802e4eb25fd84d791820dcb43581,artifact/results/raw/json_state/reseed/gcc_o2.out,abf4da61a297e47a26716b66c9111f7f52a8380cdb5b703dff059a5783f67ca2,artifact/results/raw/json_state/reseed/gcc_o2.s,36dbc8e4431e4f1ce0a37df6f83a27dd3948a9f9e4e0ecb465ae73dd0ca6d79c,artifact/results/independent_recheck.json,EXECUTED,"65,536 ordered byte-pair cases; retained output and assembly bound to certificate."
FINITE-json_state-reseed-clang-O0,FINITE_EXHAUSTIVE_COMPILER_CELL,json_state,reseed,clang,-O0,clang -std=c11 -Wall -Wextra -Werror -O0 artifact/benchmark/generated/json_state/reseed/kernel.c -o artifact/results/raw/json_state/reseed/clang_o0,clang version 17.0.0 (https://github.com/swiftlang/llvm-project.git 10999b6d034fe318f3d56c83bddb6572593a8bb0),source=1e4dca2df3e1a7744886abeb08cf3887cd9daf467d2a83d1c3195799010be17e;reference=abf4da61a297e47a26716b66c9111f7f52a8380cdb5b703dff059a5783f67ca2;manifest=0789803d01ae706727f709e75f1201bf94d8802e4eb25fd84d791820dcb43581,artifact/results/raw/json_state/reseed/clang_o0.out,abf4da61a297e47a26716b66c9111f7f52a8380cdb5b703dff059a5783f67ca2,artifact/results/raw/json_state/reseed/clang_o0.s,2cd93ae7c65b742cbedaa2c36074190507391c88ad5180c1cf6a7d375e28ab28,artifact/results/independent_recheck.json,EXECUTED,"65,536 ordered byte-pair cases; retained output and assembly bound to certificate."
FINITE-json_state-reseed-clang-O2,FINITE_EXHAUSTIVE_COMPILER_CELL,json_state,reseed,clang,-O2,clang -std=c11 -Wall -Wextra -Werror -O2 artifact/benchmark/generated/json_state/reseed/kernel.c -o artifact/results/raw/json_state/reseed/clang_o2,clang version 17.0.0 (https://github.com/swiftlang/llvm-project.git 10999b6d034fe318f3d56c83bddb6572593a8bb0),source=1e4dca2df3e1a7744886abeb08cf3887cd9daf467d2a83d1c3195799010be17e;reference=abf4da61a297e47a26716b66c9111f7f52a8380cdb5b703dff059a5783f67ca2;manifest=0789803d01ae706727f709e75f1201bf94d8802e4eb25fd84d791820dcb43581,artifact/results/raw/json_state/reseed/clang_o2.out,abf4da61a297e47a26716b66c9111f7f52a8380cdb5b703dff059a5783f67ca2,artifact/results/raw/json_state/reseed/clang_o2.s,df01f7692fe60a28ca07ad471645d2c4871ec29f2efae7bd44c77c540a51b16a,artifact/results/independent_recheck.json,EXECUTED,"65,536 ordered byte-pair cases; retained output and assembly bound to certificate."
FINITE-json_state-behavior_drift-gcc-O0,FINITE_EXHAUSTIVE_COMPILER_CELL,json_state,behavior_drift,gcc,-O0,gcc -std=c11 -Wall -Wextra -Werror -O0 artifact/benchmark/generated/json_state/behavior_drift/kernel.c -o artifact/results/raw/json_state/behavior_drift/gcc_o0,gcc (Debian 14.2.0-19) 14.2.0,source=4c8bb4248500e20c3912a8c731fe513e9f67d4c6ee023743f901d46876fa5d56;reference=abf4da61a297e47a26716b66c9111f7f52a8380cdb5b703dff059a5783f67ca2;manifest=9b8c81ae2b5015945fd659c38228698a8436f9e2222b99778ce907b5e8040388,artifact/results/raw/json_state/behavior_drift/gcc_o0.out,e08a8762aca91e8c3c5264243f538308f7e244ed87ee85e3881b609af66f47e7,artifact/results/raw/json_state/behavior_drift/gcc_o0.s,9e38757269ba346636e47246e14d8a3cf67f237085efdf63044ba82d1f090019,artifact/results/independent_recheck.json,EXECUTED,"65,536 ordered byte-pair cases; retained output and assembly bound to certificate."
FINITE-json_state-behavior_drift-gcc-O2,FINITE_EXHAUSTIVE_COMPILER_CELL,json_state,behavior_drift,gcc,-O2,gcc -std=c11 -Wall -Wextra -Werror -O2 artifact/benchmark/generated/json_state/behavior_drift/kernel.c -o artifact/results/raw/json_state/behavior_drift/gcc_o2,gcc (Debian 14.2.0-19) 14.2.0,source=4c8bb4248500e20c3912a8c731fe513e9f67d4c6ee023743f901d46876fa5d56;reference=abf4da61a297e47a26716b66c9111f7f52a8380cdb5b703dff059a5783f67ca2;manifest=9b8c81ae2b5015945fd659c38228698a8436f9e2222b99778ce907b5e8040388,artifact/results/raw/json_state/behavior_drift/gcc_o2.out,e08a8762aca91e8c3c5264243f538308f7e244ed87ee85e3881b609af66f47e7,artifact/results/raw/json_state/behavior_drift/gcc_o2.s,19265b766a2fa3f0909dcde717942f60ff0da22509dcf068da3534694a229181,artifact/results/independent_recheck.json,EXECUTED,"65,536 ordered byte-pair cases; retained output and assembly bound to certificate."
FINITE-json_state-behavior_drift-clang-O0,FINITE_EXHAUSTIVE_COMPILER_CELL,json_state,behavior_drift,clang,-O0,clang -std=c11 -Wall -Wextra -Werror -O0 artifact/benchmark/generated/json_state/behavior_drift/kernel.c -o artifact/results/raw/json_state/behavior_drift/clang_o0,clang version 17.0.0 (https://github.com/swiftlang/llvm-project.git 10999b6d034fe318f3d56c83bddb6572593a8bb0),source=4c8bb4248500e20c3912a8c731fe513e9f67d4c6ee023743f901d46876fa5d56;reference=abf4da61a297e47a26716b66c9111f7f52a8380cdb5b703dff059a5783f67ca2;manifest=9b8c81ae2b5015945fd659c38228698a8436f9e2222b99778ce907b5e8040388,artifact/results/raw/json_state/behavior_drift/clang_o0.out,e08a8762aca91e8c3c5264243f538308f7e244ed87ee85e3881b609af66f47e7,artifact/results/raw/json_state/behavior_drift/clang_o0.s,1d664e3df9d4e530320031e568d757c064b39a036f3db0e8c83e97b70308096d,artifact/results/independent_recheck.json,EXECUTED,"65,536 ordered byte-pair cases; retained output and assembly bound to certificate."
FINITE-json_state-behavior_drift-clang-O2,FINITE_EXHAUSTIVE_COMPILER_CELL,json_state,behavior_drift,clang,-O2,clang -std=c11 -Wall -Wextra -Werror -O2 artifact/benchmark/generated/json_state/behavior_drift/kernel.c -o artifact/results/raw/json_state/behavior_drift/clang_o2,clang version 17.0.0 (https://github.com/swiftlang/llvm-project.git 10999b6d034fe318f3d56c83bddb6572593a8bb0),source=4c8bb4248500e20c3912a8c731fe513e9f67d4c6ee023743f901d46876fa5d56;reference=abf4da61a297e47a26716b66c9111f7f52a8380cdb5b703dff059a5783f67ca2;manifest=9b8c81ae2b5015945fd659c38228698a8436f9e2222b99778ce907b5e8040388,artifact/results/raw/json_state/behavior_drift/clang_o2.out,e08a8762aca91e8c3c5264243f538308f7e244ed87ee85e3881b609af66f47e7,artifact/results/raw/json_state/behavior_drift/clang_o2.s,f6621be7d9b2347174d8a3e75fc262e809c6b1b5b5453eeb482a2729e98df8cd,artifact/results/independent_recheck.json,EXECUTED,"65,536 ordered byte-pair cases; retained output and assembly bound to certificate."
FINITE-utf8_state-baseline-gcc-O0,FINITE_EXHAUSTIVE_COMPILER_CELL,utf8_state,baseline,gcc,-O0,gcc -std=c11 -Wall -Wextra -Werror -O0 artifact/benchmark/generated/utf8_state/baseline/kernel.c -o artifact/results/raw/utf8_state/baseline/gcc_o0,gcc (Debian 14.2.0-19) 14.2.0,source=6fff43373251c8dd86cbb339e13cb84080ab72fb255b6df6ba2461404ad75600;reference=eaaf55079d4568449435566ed7a1af0b6631f3598c60b49ec0d1ddc0287912a3;manifest=af03c0d2a0ed0a91743ecd5efa742d1fe42ad46b0a879f681fe05a11e0e4abcb,artifact/results/raw/utf8_state/baseline/gcc_o0.out,eaaf55079d4568449435566ed7a1af0b6631f3598c60b49ec0d1ddc0287912a3,artifact/results/raw/utf8_state/baseline/gcc_o0.s,980d5808f8fb9a97e65e6a4ba1e555598e7a492d19646de5d0c131bd94ae4ec6,artifact/results/independent_recheck.json,EXECUTED,"65,536 ordered byte-pair cases; retained output and assembly bound to certificate."
FINITE-utf8_state-baseline-gcc-O2,FINITE_EXHAUSTIVE_COMPILER_CELL,utf8_state,baseline,gcc,-O2,gcc -std=c11 -Wall -Wextra -Werror -O2 artifact/benchmark/generated/utf8_state/baseline/kernel.c -o artifact/results/raw/utf8_state/baseline/gcc_o2,gcc (Debian 14.2.0-19) 14.2.0,source=6fff43373251c8dd86cbb339e13cb84080ab72fb255b6df6ba2461404ad75600;reference=eaaf55079d4568449435566ed7a1af0b6631f3598c60b49ec0d1ddc0287912a3;manifest=af03c0d2a0ed0a91743ecd5efa742d1fe42ad46b0a879f681fe05a11e0e4abcb,artifact/results/raw/utf8_state/baseline/gcc_o2.out,eaaf55079d4568449435566ed7a1af0b6631f3598c60b49ec0d1ddc0287912a3,artifact/results/raw/utf8_state/baseline/gcc_o2.s,64a4c406b98274f91ec39194a09396018c0df79ce4c5a13a714435edf4587520,artifact/results/independent_recheck.json,EXECUTED,"65,536 ordered byte-pair cases; retained output and assembly bound to certificate."
FINITE-utf8_state-baseline-clang-O0,FINITE_EXHAUSTIVE_COMPILER_CELL,utf8_state,baseline,clang,-O0,clang -std=c11 -Wall -Wextra -Werror -O0 artifact/benchmark/generated/utf8_state/baseline/kernel.c -o artifact/results/raw/utf8_state/baseline/clang_o0,clang version 17.0.0 (https://github.com/swiftlang/llvm-project.git 10999b6d034fe318f3d56c83bddb6572593a8bb0),source=6fff43373251c8dd86cbb339e13cb84080ab72fb255b6df6ba2461404ad75600;reference=eaaf55079d4568449435566ed7a1af0b6631f3598c60b49ec0d1ddc0287912a3;manifest=af03c0d2a0ed0a91743ecd5efa742d1fe42ad46b0a879f681fe05a11e0e4abcb,artifact/results/raw/utf8_state/baseline/clang_o0.out,eaaf55079d4568449435566ed7a1af0b6631f3598c60b49ec0d1ddc0287912a3,artifact/results/raw/utf8_state/baseline/clang_o0.s,74e15e7788d77e72ba48daaa37b9820b8804522b3020cb1dc41008359a4dda24,artifact/results/independent_recheck.json,EXECUTED,"65,536 ordered byte-pair cases; retained output and assembly bound to certificate."
FINITE-utf8_state-baseline-clang-O2,FINITE_EXHAUSTIVE_COMPILER_CELL,utf8_state,baseline,clang,-O2,clang -std=c11 -Wall -Wextra -Werror -O2 artifact/benchmark/generated/utf8_state/baseline/kernel.c -o artifact/results/raw/utf8_state/baseline/clang_o2,clang version 17.0.0 (https://github.com/swiftlang/llvm-project.git 10999b6d034fe318f3d56c83bddb6572593a8bb0),source=6fff43373251c8dd86cbb339e13cb84080ab72fb255b6df6ba2461404ad75600;reference=eaaf55079d4568449435566ed7a1af0b6631f3598c60b49ec0d1ddc0287912a3;manifest=af03c0d2a0ed0a91743ecd5efa742d1fe42ad46b0a879f681fe05a11e0e4abcb,artifact/results/raw/utf8_state/baseline/clang_o2.out,eaaf55079d4568449435566ed7a1af0b6631f3598c60b49ec0d1ddc0287912a3,artifact/results/raw/utf8_state/baseline/clang_o2.s,45eb571ed0da8ef443358767b68440112be5f71a2b235edc0ba12adf9e3e9b96,artifact/results/independent_recheck.json,EXECUTED,"65,536 ordered byte-pair cases; retained output and assembly bound to certificate."
FINITE-utf8_state-rename-gcc-O0,FINITE_EXHAUSTIVE_COMPILER_CELL,utf8_state,rename,gcc,-O0,gcc -std=c11 -Wall -Wextra -Werror -O0 artifact/benchmark/generated/utf8_state/rename/kernel.c -o artifact/results/raw/utf8_state/rename/gcc_o0,gcc (Debian 14.2.0-19) 14.2.0,source=c38d10d2d14cf92473dd81c252eb07188df699255d44996130a5aaf796786296;reference=eaaf55079d4568449435566ed7a1af0b6631f3598c60b49ec0d1ddc0287912a3;manifest=af03c0d2a0ed0a91743ecd5efa742d1fe42ad46b0a879f681fe05a11e0e4abcb,artifact/results/raw/utf8_state/rename/gcc_o0.out,eaaf55079d4568449435566ed7a1af0b6631f3598c60b49ec0d1ddc0287912a3,artifact/results/raw/utf8_state/rename/gcc_o0.s,980d5808f8fb9a97e65e6a4ba1e555598e7a492d19646de5d0c131bd94ae4ec6,artifact/results/independent_recheck.json,EXECUTED,"65,536 ordered byte-pair cases; retained output and assembly bound to certificate."
FINITE-utf8_state-rename-gcc-O2,FINITE_EXHAUSTIVE_COMPILER_CELL,utf8_state,rename,gcc,-O2,gcc -std=c11 -Wall -Wextra -Werror -O2 artifact/benchmark/generated/utf8_state/rename/kernel.c -o artifact/results/raw/utf8_state/rename/gcc_o2,gcc (Debian 14.2.0-19) 14.2.0,source=c38d10d2d14cf92473dd81c252eb07188df699255d44996130a5aaf796786296;reference=eaaf55079d4568449435566ed7a1af0b6631f3598c60b49ec0d1ddc0287912a3;manifest=af03c0d2a0ed0a91743ecd5efa742d1fe42ad46b0a879f681fe05a11e0e4abcb,artifact/results/raw/utf8_state/rename/gcc_o2.out,eaaf55079d4568449435566ed7a1af0b6631f3598c60b49ec0d1ddc0287912a3,artifact/results/raw/utf8_state/rename/gcc_o2.s,64a4c406b98274f91ec39194a09396018c0df79ce4c5a13a714435edf4587520,artifact/results/independent_recheck.json,EXECUTED,"65,536 ordered byte-pair cases; retained output and assembly bound to certificate."
FINITE-utf8_state-rename-clang-O0,FINITE_EXHAUSTIVE_COMPILER_CELL,utf8_state,rename,clang,-O0,clang -std=c11 -Wall -Wextra -Werror -O0 artifact/benchmark/generated/utf8_state/rename/kernel.c -o artifact/results/raw/utf8_state/rename/clang_o0,clang version 17.0.0 (https://github.com/swiftlang/llvm-project.git 10999b6d034fe318f3d56c83bddb6572593a8bb0),source=c38d10d2d14cf92473dd81c252eb07188df699255d44996130a5aaf796786296;reference=eaaf55079d4568449435566ed7a1af0b6631f3598c60b49ec0d1ddc0287912a3;manifest=af03c0d2a0ed0a91743ecd5efa742d1fe42ad46b0a879f681fe05a11e0e4abcb,artifact/results/raw/utf8_state/rename/clang_o0.out,eaaf55079d4568449435566ed7a1af0b6631f3598c60b49ec0d1ddc0287912a3,artifact/results/raw/utf8_state/rename/clang_o0.s,74e15e7788d77e72ba48daaa37b9820b8804522b3020cb1dc41008359a4dda24,artifact/results/independent_recheck.json,EXECUTED,"65,536 ordered byte-pair cases; retained output and assembly bound to certificate."
FINITE-utf8_state-rename-clang-O2,FINITE_EXHAUSTIVE_COMPILER_CELL,utf8_state,rename,clang,-O2,clang -std=c11 -Wall -Wextra -Werror -O2 artifact/benchmark/generated/utf8_state/rename/kernel.c -o artifact/results/raw/utf8_state/rename/clang_o2,clang version 17.0.0 (https://github.com/swiftlang/llvm-project.git 10999b6d034fe318f3d56c83bddb6572593a8bb0),source=c38d10d2d14cf92473dd81c252eb07188df699255d44996130a5aaf796786296;reference=eaaf55079d4568449435566ed7a1af0b6631f3598c60b49ec0d1ddc0287912a3;manifest=af03c0d2a0ed0a91743ecd5efa742d1fe42ad46b0a879f681fe05a11e0e4abcb,artifact/results/raw/utf8_state/rename/clang_o2.out,eaaf55079d4568449435566ed7a1af0b6631f3598c60b49ec0d1ddc0287912a3,artifact/results/raw/utf8_state/rename/clang_o2.s,45eb571ed0da8ef443358767b68440112be5f71a2b235edc0ba12adf9e3e9b96,artifact/results/independent_recheck.json,EXECUTED,"65,536 ordered byte-pair cases; retained output and assembly bound to certificate."
FINITE-utf8_state-reorder-gcc-O0,FINITE_EXHAUSTIVE_COMPILER_CELL,utf8_state,reorder,gcc,-O0,gcc -std=c11 -Wall -Wextra -Werror -O0 artifact/benchmark/generated/utf8_state/reorder/kernel.c -o artifact/results/raw/utf8_state/reorder/gcc_o0,gcc (Debian 14.2.0-19) 14.2.0,source=fc1e0adaf47e0c95ee32d8c48430d92161e7fb4975cd4d2a9e06fd900df2daf9;reference=eaaf55079d4568449435566ed7a1af0b6631f3598c60b49ec0d1ddc0287912a3;manifest=af03c0d2a0ed0a91743ecd5efa742d1fe42ad46b0a879f681fe05a11e0e4abcb,artifact/results/raw/utf8_state/reorder/gcc_o0.out,eaaf55079d4568449435566ed7a1af0b6631f3598c60b49ec0d1ddc0287912a3,artifact/results/raw/utf8_state/reorder/gcc_o0.s,980d5808f8fb9a97e65e6a4ba1e555598e7a492d19646de5d0c131bd94ae4ec6,artifact/results/independent_recheck.json,EXECUTED,"65,536 ordered byte-pair cases; retained output and assembly bound to certificate."
FINITE-utf8_state-reorder-gcc-O2,FINITE_EXHAUSTIVE_COMPILER_CELL,utf8_state,reorder,gcc,-O2,gcc -std=c11 -Wall -Wextra -Werror -O2 artifact/benchmark/generated/utf8_state/reorder/kernel.c -o artifact/results/raw/utf8_state/reorder/gcc_o2,gcc (Debian 14.2.0-19) 14.2.0,source=fc1e0adaf47e0c95ee32d8c48430d92161e7fb4975cd4d2a9e06fd900df2daf9;reference=eaaf55079d4568449435566ed7a1af0b6631f3598c60b49ec0d1ddc0287912a3;manifest=af03c0d2a0ed0a91743ecd5efa742d1fe42ad46b0a879f681fe05a11e0e4abcb,artifact/results/raw/utf8_state/reorder/gcc_o2.out,eaaf55079d4568449435566ed7a1af0b6631f3598c60b49ec0d1ddc0287912a3,artifact/results/raw/utf8_state/reorder/gcc_o2.s,64a4c406b98274f91ec39194a09396018c0df79ce4c5a13a714435edf4587520,artifact/results/independent_recheck.json,EXECUTED,"65,536 ordered byte-pair cases; retained output and assembly bound to certificate."
FINITE-utf8_state-reorder-clang-O0,FINITE_EXHAUSTIVE_COMPILER_CELL,utf8_state,reorder,clang,-O0,clang -std=c11 -Wall -Wextra -Werror -O0 artifact/benchmark/generated/utf8_state/reorder/kernel.c -o artifact/results/raw/utf8_state/reorder/clang_o0,clang version 17.0.0 (https://github.com/swiftlang/llvm-project.git 10999b6d034fe318f3d56c83bddb6572593a8bb0),source=fc1e0adaf47e0c95ee32d8c48430d92161e7fb4975cd4d2a9e06fd900df2daf9;reference=eaaf55079d4568449435566ed7a1af0b6631f3598c60b49ec0d1ddc0287912a3;manifest=af03c0d2a0ed0a91743ecd5efa742d1fe42ad46b0a879f681fe05a11e0e4abcb,artifact/results/raw/utf8_state/reorder/clang_o0.out,eaaf55079d4568449435566ed7a1af0b6631f3598c60b49ec0d1ddc0287912a3,artifact/results/raw/utf8_state/reorder/clang_o0.s,e3e1fbf864564304c76febf8596691b35e9ad59628a173a82a8ab177666cfd67,artifact/results/independent_recheck.json,EXECUTED,"65,536 ordered byte-pair cases; retained output and assembly bound to certificate."
FINITE-utf8_state-reorder-clang-O2,FINITE_EXHAUSTIVE_COMPILER_CELL,utf8_state,reorder,clang,-O2,clang -std=c11 -Wall -Wextra -Werror -O2 artifact/benchmark/generated/utf8_state/reorder/kernel.c -o artifact/results/raw/utf8_state/reorder/clang_o2,clang version 17.0.0 (https://github.com/swiftlang/llvm-project.git 10999b6d034fe318f3d56c83bddb6572593a8bb0),source=fc1e0adaf47e0c95ee32d8c48430d92161e7fb4975cd4d2a9e06fd900df2daf9;reference=eaaf55079d4568449435566ed7a1af0b6631f3598c60b49ec0d1ddc0287912a3;manifest=af03c0d2a0ed0a91743ecd5efa742d1fe42ad46b0a879f681fe05a11e0e4abcb,artifact/results/raw/utf8_state/reorder/clang_o2.out,eaaf55079d4568449435566ed7a1af0b6631f3598c60b49ec0d1ddc0287912a3,artifact/results/raw/utf8_state/reorder/clang_o2.s,45eb571ed0da8ef443358767b68440112be5f71a2b235edc0ba12adf9e3e9b96,artifact/results/independent_recheck.json,EXECUTED,"65,536 ordered byte-pair cases; retained output and assembly bound to certificate."
FINITE-utf8_state-extract-gcc-O0,FINITE_EXHAUSTIVE_COMPILER_CELL,utf8_state,extract,gcc,-O0,gcc -std=c11 -Wall -Wextra -Werror -O0 artifact/benchmark/generated/utf8_state/extract/kernel.c -o artifact/results/raw/utf8_state/extract/gcc_o0,gcc (Debian 14.2.0-19) 14.2.0,source=4695414771aa4d7e72b9273846c9a924083842cf23d2711b55d104228aef2aa4;reference=eaaf55079d4568449435566ed7a1af0b6631f3598c60b49ec0d1ddc0287912a3;manifest=af03c0d2a0ed0a91743ecd5efa742d1fe42ad46b0a879f681fe05a11e0e4abcb,artifact/results/raw/utf8_state/extract/gcc_o0.out,eaaf55079d4568449435566ed7a1af0b6631f3598c60b49ec0d1ddc0287912a3,artifact/results/raw/utf8_state/extract/gcc_o0.s,255d9788a8e00c990138447b485baa255881a08bbb2bae4025cb0d71b9c7293b,artifact/results/independent_recheck.json,EXECUTED,"65,536 ordered byte-pair cases; retained output and assembly bound to certificate."
FINITE-utf8_state-extract-gcc-O2,FINITE_EXHAUSTIVE_COMPILER_CELL,utf8_state,extract,gcc,-O2,gcc -std=c11 -Wall -Wextra -Werror -O2 artifact/benchmark/generated/utf8_state/extract/kernel.c -o artifact/results/raw/utf8_state/extract/gcc_o2,gcc (Debian 14.2.0-19) 14.2.0,source=4695414771aa4d7e72b9273846c9a924083842cf23d2711b55d104228aef2aa4;reference=eaaf55079d4568449435566ed7a1af0b6631f3598c60b49ec0d1ddc0287912a3;manifest=af03c0d2a0ed0a91743ecd5efa742d1fe42ad46b0a879f681fe05a11e0e4abcb,artifact/results/raw/utf8_state/extract/gcc_o2.out,eaaf55079d4568449435566ed7a1af0b6631f3598c60b49ec0d1ddc0287912a3,artifact/results/raw/utf8_state/extract/gcc_o2.s,40e95619d5fe012960f79a72d4a7081eee5d8cb8078357c2ed7ae128c2f49629,artifact/results/independent_recheck.json,EXECUTED,"65,536 ordered byte-pair cases; retained output and assembly bound to certificate."
FINITE-utf8_state-extract-clang-O0,FINITE_EXHAUSTIVE_COMPILER_CELL,utf8_state,extract,clang,-O0,clang -std=c11 -Wall -Wextra -Werror -O0 artifact/benchmark/generated/utf8_state/extract/kernel.c -o artifact/results/raw/utf8_state/extract/clang_o0,clang version 17.0.0 (https://github.com/swiftlang/llvm-project.git 10999b6d034fe318f3d56c83bddb6572593a8bb0),source=4695414771aa4d7e72b9273846c9a924083842cf23d2711b55d104228aef2aa4;reference=eaaf55079d4568449435566ed7a1af0b6631f3598c60b49ec0d1ddc0287912a3;manifest=af03c0d2a0ed0a91743ecd5efa742d1fe42ad46b0a879f681fe05a11e0e4abcb,artifact/results/raw/utf8_state/extract/clang_o0.out,eaaf55079d4568449435566ed7a1af0b6631f3598c60b49ec0d1ddc0287912a3,artifact/results/raw/utf8_state/extract/clang_o0.s,2ea09ee1c19550d0aef15541e66b01f7554e2113c99c99fa478e05785ae22837,artifact/results/independent_recheck.json,EXECUTED,"65,536 ordered byte-pair cases; retained output and assembly bound to certificate."
FINITE-utf8_state-extract-clang-O2,FINITE_EXHAUSTIVE_COMPILER_CELL,utf8_state,extract,clang,-O2,clang -std=c11 -Wall -Wextra -Werror -O2 artifact/benchmark/generated/utf8_state/extract/kernel.c -o artifact/results/raw/utf8_state/extract/clang_o2,clang version 17.0.0 (https://github.com/swiftlang/llvm-project.git 10999b6d034fe318f3d56c83bddb6572593a8bb0),source=4695414771aa4d7e72b9273846c9a924083842cf23d2711b55d104228aef2aa4;reference=eaaf55079d4568449435566ed7a1af0b6631f3598c60b49ec0d1ddc0287912a3;manifest=af03c0d2a0ed0a91743ecd5efa742d1fe42ad46b0a879f681fe05a11e0e4abcb,artifact/results/raw/utf8_state/extract/clang_o2.out,eaaf55079d4568449435566ed7a1af0b6631f3598c60b49ec0d1ddc0287912a3,artifact/results/raw/utf8_state/extract/clang_o2.s,45eb571ed0da8ef443358767b68440112be5f71a2b235edc0ba12adf9e3e9b96,artifact/results/independent_recheck.json,EXECUTED,"65,536 ordered byte-pair cases; retained output and assembly bound to certificate."
FINITE-utf8_state-dependency_upgrade-gcc-O0,FINITE_EXHAUSTIVE_COMPILER_CELL,utf8_state,dependency_upgrade,gcc,-O0,gcc -std=c11 -Wall -Wextra -Werror -O0 artifact/benchmark/generated/utf8_state/dependency_upgrade/kernel.c -o artifact/results/raw/utf8_state/dependency_upgrade/gcc_o0,gcc (Debian 14.2.0-19) 14.2.0,source=0fd4685b442960aadb60d814e76e65ab68fe1806c1c58020e8d28a3dd2196f38;reference=eaaf55079d4568449435566ed7a1af0b6631f3598c60b49ec0d1ddc0287912a3;manifest=af03c0d2a0ed0a91743ecd5efa742d1fe42ad46b0a879f681fe05a11e0e4abcb,artifact/results/raw/utf8_state/dependency_upgrade/gcc_o0.out,eaaf55079d4568449435566ed7a1af0b6631f3598c60b49ec0d1ddc0287912a3,artifact/results/raw/utf8_state/dependency_upgrade/gcc_o0.s,40aad98f5013bfa7832e2c307795000d8f08e21d8132be00a17fed6ce8ee4a46,artifact/results/independent_recheck.json,EXECUTED,"65,536 ordered byte-pair cases; retained output and assembly bound to certificate."
FINITE-utf8_state-dependency_upgrade-gcc-O2,FINITE_EXHAUSTIVE_COMPILER_CELL,utf8_state,dependency_upgrade,gcc,-O2,gcc -std=c11 -Wall -Wextra -Werror -O2 artifact/benchmark/generated/utf8_state/dependency_upgrade/kernel.c -o artifact/results/raw/utf8_state/dependency_upgrade/gcc_o2,gcc (Debian 14.2.0-19) 14.2.0,source=0fd4685b442960aadb60d814e76e65ab68fe1806c1c58020e8d28a3dd2196f38;reference=eaaf55079d4568449435566ed7a1af0b6631f3598c60b49ec0d1ddc0287912a3;manifest=af03c0d2a0ed0a91743ecd5efa742d1fe42ad46b0a879f681fe05a11e0e4abcb,artifact/results/raw/utf8_state/dependency_upgrade/gcc_o2.out,eaaf55079d4568449435566ed7a1af0b6631f3598c60b49ec0d1ddc0287912a3,artifact/results/raw/utf8_state/dependency_upgrade/gcc_o2.s,0a3d6b075ed84cf8017ef01f90d1a78741507b0040d8cfc4b6f28b0f0a1a406c,artifact/results/independent_recheck.json,EXECUTED,"65,536 ordered byte-pair cases; retained output and assembly bound to certificate."
FINITE-utf8_state-dependency_upgrade-clang-O0,FINITE_EXHAUSTIVE_COMPILER_CELL,utf8_state,dependency_upgrade,clang,-O0,clang -std=c11 -Wall -Wextra -Werror -O0 artifact/benchmark/generated/utf8_state/dependency_upgrade/kernel.c -o artifact/results/raw/utf8_state/dependency_upgrade/clang_o0,clang version 17.0.0 (https://github.com/swiftlang/llvm-project.git 10999b6d034fe318f3d56c83bddb6572593a8bb0),source=0fd4685b442960aadb60d814e76e65ab68fe1806c1c58020e8d28a3dd2196f38;reference=eaaf55079d4568449435566ed7a1af0b6631f3598c60b49ec0d1ddc0287912a3;manifest=af03c0d2a0ed0a91743ecd5efa742d1fe42ad46b0a879f681fe05a11e0e4abcb,artifact/results/raw/utf8_state/dependency_upgrade/clang_o0.out,eaaf55079d4568449435566ed7a1af0b6631f3598c60b49ec0d1ddc0287912a3,artifact/results/raw/utf8_state/dependency_upgrade/clang_o0.s,584a8c12513163a8b69a0864fa02ffd70aab0ec84cb838dbfa5be7285edab8eb,artifact/results/independent_recheck.json,EXECUTED,"65,536 ordered byte-pair cases; retained output and assembly bound to certificate."
FINITE-utf8_state-dependency_upgrade-clang-O2,FINITE_EXHAUSTIVE_COMPILER_CELL,utf8_state,dependency_upgrade,clang,-O2,clang -std=c11 -Wall -Wextra -Werror -O2 artifact/benchmark/generated/utf8_state/dependency_upgrade/kernel.c -o artifact/results/raw/utf8_state/dependency_upgrade/clang_o2,clang version 17.0.0 (https://github.com/swiftlang/llvm-project.git 10999b6d034fe318f3d56c83bddb6572593a8bb0),source=0fd4685b442960aadb60d814e76e65ab68fe1806c1c58020e8d28a3dd2196f38;reference=eaaf55079d4568449435566ed7a1af0b6631f3598c60b49ec0d1ddc0287912a3;manifest=af03c0d2a0ed0a91743ecd5efa742d1fe42ad46b0a879f681fe05a11e0e4abcb,artifact/results/raw/utf8_state/dependency_upgrade/clang_o2.out,eaaf55079d4568449435566ed7a1af0b6631f3598c60b49ec0d1ddc0287912a3,artifact/results/raw/utf8_state/dependency_upgrade/clang_o2.s,45eb571ed0da8ef443358767b68440112be5f71a2b235edc0ba12adf9e3e9b96,artifact/results/independent_recheck.json,EXECUTED,"65,536 ordered byte-pair cases; retained output and assembly bound to certificate."
FINITE-utf8_state-format-gcc-O0,FINITE_EXHAUSTIVE_COMPILER_CELL,utf8_state,format,gcc,-O0,gcc -std=c11 -Wall -Wextra -Werror -O0 artifact/benchmark/generated/utf8_state/format/kernel.c -o artifact/results/raw/utf8_state/format/gcc_o0,gcc (Debian 14.2.0-19) 14.2.0,source=6f9b1f866dfeebff2e460694ba227b149d35aae9b71730ac6273f09f78d5e1fe;reference=eaaf55079d4568449435566ed7a1af0b6631f3598c60b49ec0d1ddc0287912a3;manifest=af03c0d2a0ed0a91743ecd5efa742d1fe42ad46b0a879f681fe05a11e0e4abcb,artifact/results/raw/utf8_state/format/gcc_o0.out,eaaf55079d4568449435566ed7a1af0b6631f3598c60b49ec0d1ddc0287912a3,artifact/results/raw/utf8_state/format/gcc_o0.s,40aad98f5013bfa7832e2c307795000d8f08e21d8132be00a17fed6ce8ee4a46,artifact/results/independent_recheck.json,EXECUTED,"65,536 ordered byte-pair cases; retained output and assembly bound to certificate."
FINITE-utf8_state-format-gcc-O2,FINITE_EXHAUSTIVE_COMPILER_CELL,utf8_state,format,gcc,-O2,gcc -std=c11 -Wall -Wextra -Werror -O2 artifact/benchmark/generated/utf8_state/format/kernel.c -o artifact/results/raw/utf8_state/format/gcc_o2,gcc (Debian 14.2.0-19) 14.2.0,source=6f9b1f866dfeebff2e460694ba227b149d35aae9b71730ac6273f09f78d5e1fe;reference=eaaf55079d4568449435566ed7a1af0b6631f3598c60b49ec0d1ddc0287912a3;manifest=af03c0d2a0ed0a91743ecd5efa742d1fe42ad46b0a879f681fe05a11e0e4abcb,artifact/results/raw/utf8_state/format/gcc_o2.out,eaaf55079d4568449435566ed7a1af0b6631f3598c60b49ec0d1ddc0287912a3,artifact/results/raw/utf8_state/format/gcc_o2.s,0a3d6b075ed84cf8017ef01f90d1a78741507b0040d8cfc4b6f28b0f0a1a406c,artifact/results/independent_recheck.json,EXECUTED,"65,536 ordered byte-pair cases; retained output and assembly bound to certificate."
FINITE-utf8_state-format-clang-O0,FINITE_EXHAUSTIVE_COMPILER_CELL,utf8_state,format,clang,-O0,clang -std=c11 -Wall -Wextra -Werror -O0 artifact/benchmark/generated/utf8_state/format/kernel.c -o artifact/results/raw/utf8_state/format/clang_o0,clang version 17.0.0 (https://github.com/swiftlang/llvm-project.git 10999b6d034fe318f3d56c83bddb6572593a8bb0),source=6f9b1f866dfeebff2e460694ba227b149d35aae9b71730ac6273f09f78d5e1fe;reference=eaaf55079d4568449435566ed7a1af0b6631f3598c60b49ec0d1ddc0287912a3;manifest=af03c0d2a0ed0a91743ecd5efa742d1fe42ad46b0a879f681fe05a11e0e4abcb,artifact/results/raw/utf8_state/format/clang_o0.out,eaaf55079d4568449435566ed7a1af0b6631f3598c60b49ec0d1ddc0287912a3,artifact/results/raw/utf8_state/format/clang_o0.s,584a8c12513163a8b69a0864fa02ffd70aab0ec84cb838dbfa5be7285edab8eb,artifact/results/independent_recheck.json,EXECUTED,"65,536 ordered byte-pair cases; retained output and assembly bound to certificate."
FINITE-utf8_state-format-clang-O2,FINITE_EXHAUSTIVE_COMPILER_CELL,utf8_state,format,clang,-O2,clang -std=c11 -Wall -Wextra -Werror -O2 artifact/benchmark/generated/utf8_state/format/kernel.c -o artifact/results/raw/utf8_state/format/clang_o2,clang version 17.0.0 (https://github.com/swiftlang/llvm-project.git 10999b6d034fe318f3d56c83bddb6572593a8bb0),source=6f9b1f866dfeebff2e460694ba227b149d35aae9b71730ac6273f09f78d5e1fe;reference=eaaf55079d4568449435566ed7a1af0b6631f3598c60b49ec0d1ddc0287912a3;manifest=af03c0d2a0ed0a91743ecd5efa742d1fe42ad46b0a879f681fe05a11e0e4abcb,artifact/results/raw/utf8_state/format/clang_o2.out,eaaf55079d4568449435566ed7a1af0b6631f3598c60b49ec0d1ddc0287912a3,artifact/results/raw/utf8_state/format/clang_o2.s,45eb571ed0da8ef443358767b68440112be5f71a2b235edc0ba12adf9e3e9b96,artifact/results/independent_recheck.json,EXECUTED,"65,536 ordered byte-pair cases; retained output and assembly bound to certificate."
FINITE-utf8_state-erase_tolerable-gcc-O0,FINITE_EXHAUSTIVE_COMPILER_CELL,utf8_state,erase_tolerable,gcc,-O0,gcc -std=c11 -Wall -Wextra -Werror -O0 artifact/benchmark/generated/utf8_state/erase_tolerable/kernel.c -o artifact/results/raw/utf8_state/erase_tolerable/gcc_o0,gcc (Debian 14.2.0-19) 14.2.0,source=0581de48df5de70f71d0c168fa5bce22e18c751ccc374f5961cc17ca98f37a21;reference=eaaf55079d4568449435566ed7a1af0b6631f3598c60b49ec0d1ddc0287912a3;manifest=af03c0d2a0ed0a91743ecd5efa742d1fe42ad46b0a879f681fe05a11e0e4abcb,artifact/results/raw/utf8_state/erase_tolerable/gcc_o0.out,eaaf55079d4568449435566ed7a1af0b6631f3598c60b49ec0d1ddc0287912a3,artifact/results/raw/utf8_state/erase_tolerable/gcc_o0.s,a6c0c3b204acf9db34f2ba48828079db3485862206fb0e342f9afd1146e6bafc,artifact/results/independent_recheck.json,EXECUTED,"65,536 ordered byte-pair cases; retained output and assembly bound to certificate."
FINITE-utf8_state-erase_tolerable-gcc-O2,FINITE_EXHAUSTIVE_COMPILER_CELL,utf8_state,erase_tolerable,gcc,-O2,gcc -std=c11 -Wall -Wextra -Werror -O2 artifact/benchmark/generated/utf8_state/erase_tolerable/kernel.c -o artifact/results/raw/utf8_state/erase_tolerable/gcc_o2,gcc (Debian 14.2.0-19) 14.2.0,source=0581de48df5de70f71d0c168fa5bce22e18c751ccc374f5961cc17ca98f37a21;reference=eaaf55079d4568449435566ed7a1af0b6631f3598c60b49ec0d1ddc0287912a3;manifest=af03c0d2a0ed0a91743ecd5efa742d1fe42ad46b0a879f681fe05a11e0e4abcb,artifact/results/raw/utf8_state/erase_tolerable/gcc_o2.out,eaaf55079d4568449435566ed7a1af0b6631f3598c60b49ec0d1ddc0287912a3,artifact/results/raw/utf8_state/erase_tolerable/gcc_o2.s,796ceea42f95a5306b8fde2cc612fc031803770e2b575b44304c00576c30134f,artifact/results/independent_recheck.json,EXECUTED,"65,536 ordered byte-pair cases; retained output and assembly bound to certificate."
FINITE-utf8_state-erase_tolerable-clang-O0,FINITE_EXHAUSTIVE_COMPILER_CELL,utf8_state,erase_tolerable,clang,-O0,clang -std=c11 -Wall -Wextra -Werror -O0 artifact/benchmark/generated/utf8_state/erase_tolerable/kernel.c -o artifact/results/raw/utf8_state/erase_tolerable/clang_o0,clang version 17.0.0 (https://github.com/swiftlang/llvm-project.git 10999b6d034fe318f3d56c83bddb6572593a8bb0),source=0581de48df5de70f71d0c168fa5bce22e18c751ccc374f5961cc17ca98f37a21;reference=eaaf55079d4568449435566ed7a1af0b6631f3598c60b49ec0d1ddc0287912a3;manifest=af03c0d2a0ed0a91743ecd5efa742d1fe42ad46b0a879f681fe05a11e0e4abcb,artifact/results/raw/utf8_state/erase_tolerable/clang_o0.out,eaaf55079d4568449435566ed7a1af0b6631f3598c60b49ec0d1ddc0287912a3,artifact/results/raw/utf8_state/erase_tolerable/clang_o0.s,b8a5990647d3021b3c172ad2b6f90fbfad30ea08de8f94bcff32a12b34b2b456,artifact/results/independent_recheck.json,EXECUTED,"65,536 ordered byte-pair cases; retained output and assembly bound to certificate."
FINITE-utf8_state-erase_tolerable-clang-O2,FINITE_EXHAUSTIVE_COMPILER_CELL,utf8_state,erase_tolerable,clang,-O2,clang -std=c11 -Wall -Wextra -Werror -O2 artifact/benchmark/generated/utf8_state/erase_tolerable/kernel.c -o artifact/results/raw/utf8_state/erase_tolerable/clang_o2,clang version 17.0.0 (https://github.com/swiftlang/llvm-project.git 10999b6d034fe318f3d56c83bddb6572593a8bb0),source=0581de48df5de70f71d0c168fa5bce22e18c751ccc374f5961cc17ca98f37a21;reference=eaaf55079d4568449435566ed7a1af0b6631f3598c60b49ec0d1ddc0287912a3;manifest=af03c0d2a0ed0a91743ecd5efa742d1fe42ad46b0a879f681fe05a11e0e4abcb,artifact/results/raw/utf8_state/erase_tolerable/clang_o2.out,eaaf55079d4568449435566ed7a1af0b6631f3598c60b49ec0d1ddc0287912a3,artifact/results/raw/utf8_state/erase_tolerable/clang_o2.s,45eb571ed0da8ef443358767b68440112be5f71a2b235edc0ba12adf9e3e9b96,artifact/results/independent_recheck.json,EXECUTED,"65,536 ordered byte-pair cases; retained output and assembly bound to certificate."
FINITE-utf8_state-merge_tolerable-gcc-O0,FINITE_EXHAUSTIVE_COMPILER_CELL,utf8_state,merge_tolerable,gcc,-O0,gcc -std=c11 -Wall -Wextra -Werror -O0 artifact/benchmark/generated/utf8_state/merge_tolerable/kernel.c -o artifact/results/raw/utf8_state/merge_tolerable/gcc_o0,gcc (Debian 14.2.0-19) 14.2.0,source=59e83fc6e0366f118962104635451a5b83590eab6d77cd3191c41f349938beb4;reference=eaaf55079d4568449435566ed7a1af0b6631f3598c60b49ec0d1ddc0287912a3;manifest=af03c0d2a0ed0a91743ecd5efa742d1fe42ad46b0a879f681fe05a11e0e4abcb,artifact/results/raw/utf8_state/merge_tolerable/gcc_o0.out,eaaf55079d4568449435566ed7a1af0b6631f3598c60b49ec0d1ddc0287912a3,artifact/results/raw/utf8_state/merge_tolerable/gcc_o0.s,a6c0c3b204acf9db34f2ba48828079db3485862206fb0e342f9afd1146e6bafc,artifact/results/independent_recheck.json,EXECUTED,"65,536 ordered byte-pair cases; retained output and assembly bound to certificate."
FINITE-utf8_state-merge_tolerable-gcc-O2,FINITE_EXHAUSTIVE_COMPILER_CELL,utf8_state,merge_tolerable,gcc,-O2,gcc -std=c11 -Wall -Wextra -Werror -O2 artifact/benchmark/generated/utf8_state/merge_tolerable/kernel.c -o artifact/results/raw/utf8_state/merge_tolerable/gcc_o2,gcc (Debian 14.2.0-19) 14.2.0,source=59e83fc6e0366f118962104635451a5b83590eab6d77cd3191c41f349938beb4;reference=eaaf55079d4568449435566ed7a1af0b6631f3598c60b49ec0d1ddc0287912a3;manifest=af03c0d2a0ed0a91743ecd5efa742d1fe42ad46b0a879f681fe05a11e0e4abcb,artifact/results/raw/utf8_state/merge_tolerable/gcc_o2.out,eaaf55079d4568449435566ed7a1af0b6631f3598c60b49ec0d1ddc0287912a3,artifact/results/raw/utf8_state/merge_tolerable/gcc_o2.s,796ceea42f95a5306b8fde2cc612fc031803770e2b575b44304c00576c30134f,artifact/results/independent_recheck.json,EXECUTED,"65,536 ordered byte-pair cases; retained output and assembly bound to certificate."
FINITE-utf8_state-merge_tolerable-clang-O0,FINITE_EXHAUSTIVE_COMPILER_CELL,utf8_state,merge_tolerable,clang,-O0,clang -std=c11 -Wall -Wextra -Werror -O0 artifact/benchmark/generated/utf8_state/merge_tolerable/kernel.c -o artifact/results/raw/utf8_state/merge_tolerable/clang_o0,clang version 17.0.0 (https://github.com/swiftlang/llvm-project.git 10999b6d034fe318f3d56c83bddb6572593a8bb0),source=59e83fc6e0366f118962104635451a5b83590eab6d77cd3191c41f349938beb4;reference=eaaf55079d4568449435566ed7a1af0b6631f3598c60b49ec0d1ddc0287912a3;manifest=af03c0d2a0ed0a91743ecd5efa742d1fe42ad46b0a879f681fe05a11e0e4abcb,artifact/results/raw/utf8_state/merge_tolerable/clang_o0.out,eaaf55079d4568449435566ed7a1af0b6631f3598c60b49ec0d1ddc0287912a3,artifact/results/raw/utf8_state/merge_tolerable/clang_o0.s,b8a5990647d3021b3c172ad2b6f90fbfad30ea08de8f94bcff32a12b34b2b456,artifact/results/independent_recheck.json,EXECUTED,"65,536 ordered byte-pair cases; retained output and assembly bound to certificate."
FINITE-utf8_state-merge_tolerable-clang-O2,FINITE_EXHAUSTIVE_COMPILER_CELL,utf8_state,merge_tolerable,clang,-O2,clang -std=c11 -Wall -Wextra -Werror -O2 artifact/benchmark/generated/utf8_state/merge_tolerable/kernel.c -o artifact/results/raw/utf8_state/merge_tolerable/clang_o2,clang version 17.0.0 (https://github.com/swiftlang/llvm-project.git 10999b6d034fe318f3d56c83bddb6572593a8bb0),source=59e83fc6e0366f118962104635451a5b83590eab6d77cd3191c41f349938beb4;reference=eaaf55079d4568449435566ed7a1af0b6631f3598c60b49ec0d1ddc0287912a3;manifest=af03c0d2a0ed0a91743ecd5efa742d1fe42ad46b0a879f681fe05a11e0e4abcb,artifact/results/raw/utf8_state/merge_tolerable/clang_o2.out,eaaf55079d4568449435566ed7a1af0b6631f3598c60b49ec0d1ddc0287912a3,artifact/results/raw/utf8_state/merge_tolerable/clang_o2.s,45eb571ed0da8ef443358767b68440112be5f71a2b235edc0ba12adf9e3e9b96,artifact/results/independent_recheck.json,EXECUTED,"65,536 ordered byte-pair cases; retained output and assembly bound to certificate."
FINITE-utf8_state-flip_tolerable-gcc-O0,FINITE_EXHAUSTIVE_COMPILER_CELL,utf8_state,flip_tolerable,gcc,-O0,gcc -std=c11 -Wall -Wextra -Werror -O0 artifact/benchmark/generated/utf8_state/flip_tolerable/kernel.c -o artifact/results/raw/utf8_state/flip_tolerable/gcc_o0,gcc (Debian 14.2.0-19) 14.2.0,source=ff047485a6809beaaa11aba8c2122818ce15cceb34092af51637d9611914f237;reference=eaaf55079d4568449435566ed7a1af0b6631f3598c60b49ec0d1ddc0287912a3;manifest=af03c0d2a0ed0a91743ecd5efa742d1fe42ad46b0a879f681fe05a11e0e4abcb,artifact/results/raw/utf8_state/flip_tolerable/gcc_o0.out,eaaf55079d4568449435566ed7a1af0b6631f3598c60b49ec0d1ddc0287912a3,artifact/results/raw/utf8_state/flip_tolerable/gcc_o0.s,4068333074fceaa7c2a54c8e7c0304d073e8c558f1f96af58de4f0ac0767686c,artifact/results/independent_recheck.json,EXECUTED,"65,536 ordered byte-pair cases; retained output and assembly bound to certificate."
FINITE-utf8_state-flip_tolerable-gcc-O2,FINITE_EXHAUSTIVE_COMPILER_CELL,utf8_state,flip_tolerable,gcc,-O2,gcc -std=c11 -Wall -Wextra -Werror -O2 artifact/benchmark/generated/utf8_state/flip_tolerable/kernel.c -o artifact/results/raw/utf8_state/flip_tolerable/gcc_o2,gcc (Debian 14.2.0-19) 14.2.0,source=ff047485a6809beaaa11aba8c2122818ce15cceb34092af51637d9611914f237;reference=eaaf55079d4568449435566ed7a1af0b6631f3598c60b49ec0d1ddc0287912a3;manifest=af03c0d2a0ed0a91743ecd5efa742d1fe42ad46b0a879f681fe05a11e0e4abcb,artifact/results/raw/utf8_state/flip_tolerable/gcc_o2.out,eaaf55079d4568449435566ed7a1af0b6631f3598c60b49ec0d1ddc0287912a3,artifact/results/raw/utf8_state/flip_tolerable/gcc_o2.s,796ceea42f95a5306b8fde2cc612fc031803770e2b575b44304c00576c30134f,artifact/results/independent_recheck.json,EXECUTED,"65,536 ordered byte-pair cases; retained output and assembly bound to certificate."
FINITE-utf8_state-flip_tolerable-clang-O0,FINITE_EXHAUSTIVE_COMPILER_CELL,utf8_state,flip_tolerable,clang,-O0,clang -std=c11 -Wall -Wextra -Werror -O0 artifact/benchmark/generated/utf8_state/flip_tolerable/kernel.c -o artifact/results/raw/utf8_state/flip_tolerable/clang_o0,clang version 17.0.0 (https://github.com/swiftlang/llvm-project.git 10999b6d034fe318f3d56c83bddb6572593a8bb0),source=ff047485a6809beaaa11aba8c2122818ce15cceb34092af51637d9611914f237;reference=eaaf55079d4568449435566ed7a1af0b6631f3598c60b49ec0d1ddc0287912a3;manifest=af03c0d2a0ed0a91743ecd5efa742d1fe42ad46b0a879f681fe05a11e0e4abcb,artifact/results/raw/utf8_state/flip_tolerable/clang_o0.out,eaaf55079d4568449435566ed7a1af0b6631f3598c60b49ec0d1ddc0287912a3,artifact/results/raw/utf8_state/flip_tolerable/clang_o0.s,8ecd8bac2c2fc73c86bb842756b956bbbd48cb0b93f2fc8b0e7e02f37d2c053b,artifact/results/independent_recheck.json,EXECUTED,"65,536 ordered byte-pair cases; retained output and assembly bound to certificate."
FINITE-utf8_state-flip_tolerable-clang-O2,FINITE_EXHAUSTIVE_COMPILER_CELL,utf8_state,flip_tolerable,clang,-O2,clang -std=c11 -Wall -Wextra -Werror -O2 artifact/benchmark/generated/utf8_state/flip_tolerable/kernel.c -o artifact/results/raw/utf8_state/flip_tolerable/clang_o2,clang version 17.0.0 (https://github.com/swiftlang/llvm-project.git 10999b6d034fe318f3d56c83bddb6572593a8bb0),source=ff047485a6809beaaa11aba8c2122818ce15cceb34092af51637d9611914f237;reference=eaaf55079d4568449435566ed7a1af0b6631f3598c60b49ec0d1ddc0287912a3;manifest=af03c0d2a0ed0a91743ecd5efa742d1fe42ad46b0a879f681fe05a11e0e4abcb,artifact/results/raw/utf8_state/flip_tolerable/clang_o2.out,eaaf55079d4568449435566ed7a1af0b6631f3598c60b49ec0d1ddc0287912a3,artifact/results/raw/utf8_state/flip_tolerable/clang_o2.s,45eb571ed0da8ef443358767b68440112be5f71a2b235edc0ba12adf9e3e9b96,artifact/results/independent_recheck.json,EXECUTED,"65,536 ordered byte-pair cases; retained output and assembly bound to certificate."
FINITE-utf8_state-recovery_break-gcc-O0,FINITE_EXHAUSTIVE_COMPILER_CELL,utf8_state,recovery_break,gcc,-O0,gcc -std=c11 -Wall -Wextra -Werror -O0 artifact/benchmark/generated/utf8_state/recovery_break/kernel.c -o artifact/results/raw/utf8_state/recovery_break/gcc_o0,gcc (Debian 14.2.0-19) 14.2.0,source=19fd3d7602c78e3fbe77d3c0165f1ae3f2635ed17a23eb8162cbdc2983defc00;reference=eaaf55079d4568449435566ed7a1af0b6631f3598c60b49ec0d1ddc0287912a3;manifest=af03c0d2a0ed0a91743ecd5efa742d1fe42ad46b0a879f681fe05a11e0e4abcb,artifact/results/raw/utf8_state/recovery_break/gcc_o0.out,eaaf55079d4568449435566ed7a1af0b6631f3598c60b49ec0d1ddc0287912a3,artifact/results/raw/utf8_state/recovery_break/gcc_o0.s,7f680a073160841e5adb14a074478d8fceea1fc7808a65f18a6b609b92e7228e,artifact/results/independent_recheck.json,EXECUTED,"65,536 ordered byte-pair cases; retained output and assembly bound to certificate."
FINITE-utf8_state-recovery_break-gcc-O2,FINITE_EXHAUSTIVE_COMPILER_CELL,utf8_state,recovery_break,gcc,-O2,gcc -std=c11 -Wall -Wextra -Werror -O2 artifact/benchmark/generated/utf8_state/recovery_break/kernel.c -o artifact/results/raw/utf8_state/recovery_break/gcc_o2,gcc (Debian 14.2.0-19) 14.2.0,source=19fd3d7602c78e3fbe77d3c0165f1ae3f2635ed17a23eb8162cbdc2983defc00;reference=eaaf55079d4568449435566ed7a1af0b6631f3598c60b49ec0d1ddc0287912a3;manifest=af03c0d2a0ed0a91743ecd5efa742d1fe42ad46b0a879f681fe05a11e0e4abcb,artifact/results/raw/utf8_state/recovery_break/gcc_o2.out,eaaf55079d4568449435566ed7a1af0b6631f3598c60b49ec0d1ddc0287912a3,artifact/results/raw/utf8_state/recovery_break/gcc_o2.s,c064f8dbbdbf39ceb66ed2b6ab174bcc8e3a6024a70eab41c413a23108f5e385,artifact/results/independent_recheck.json,EXECUTED,"65,536 ordered byte-pair cases; retained output and assembly bound to certificate."
FINITE-utf8_state-recovery_break-clang-O0,FINITE_EXHAUSTIVE_COMPILER_CELL,utf8_state,recovery_break,clang,-O0,clang -std=c11 -Wall -Wextra -Werror -O0 artifact/benchmark/generated/utf8_state/recovery_break/kernel.c -o artifact/results/raw/utf8_state/recovery_break/clang_o0,clang version 17.0.0 (https://github.com/swiftlang/llvm-project.git 10999b6d034fe318f3d56c83bddb6572593a8bb0),source=19fd3d7602c78e3fbe77d3c0165f1ae3f2635ed17a23eb8162cbdc2983defc00;reference=eaaf55079d4568449435566ed7a1af0b6631f3598c60b49ec0d1ddc0287912a3;manifest=af03c0d2a0ed0a91743ecd5efa742d1fe42ad46b0a879f681fe05a11e0e4abcb,artifact/results/raw/utf8_state/recovery_break/clang_o0.out,eaaf55079d4568449435566ed7a1af0b6631f3598c60b49ec0d1ddc0287912a3,artifact/results/raw/utf8_state/recovery_break/clang_o0.s,105edf361b74bc2578026f06068a0bd110262149a0365745655dc8aa430a62d0,artifact/results/independent_recheck.json,EXECUTED,"65,536 ordered byte-pair cases; retained output and assembly bound to certificate."
FINITE-utf8_state-recovery_break-clang-O2,FINITE_EXHAUSTIVE_COMPILER_CELL,utf8_state,recovery_break,clang,-O2,clang -std=c11 -Wall -Wextra -Werror -O2 artifact/benchmark/generated/utf8_state/recovery_break/kernel.c -o artifact/results/raw/utf8_state/recovery_break/clang_o2,clang version 17.0.0 (https://github.com/swiftlang/llvm-project.git 10999b6d034fe318f3d56c83bddb6572593a8bb0),source=19fd3d7602c78e3fbe77d3c0165f1ae3f2635ed17a23eb8162cbdc2983defc00;reference=eaaf55079d4568449435566ed7a1af0b6631f3598c60b49ec0d1ddc0287912a3;manifest=af03c0d2a0ed0a91743ecd5efa742d1fe42ad46b0a879f681fe05a11e0e4abcb,artifact/results/raw/utf8_state/recovery_break/clang_o2.out,eaaf55079d4568449435566ed7a1af0b6631f3598c60b49ec0d1ddc0287912a3,artifact/results/raw/utf8_state/recovery_break/clang_o2.s,45eb571ed0da8ef443358767b68440112be5f71a2b235edc0ba12adf9e3e9b96,artifact/results/independent_recheck.json,EXECUTED,"65,536 ordered byte-pair cases; retained output and assembly bound to certificate."
FINITE-utf8_state-reseed-gcc-O0,FINITE_EXHAUSTIVE_COMPILER_CELL,utf8_state,reseed,gcc,-O0,gcc -std=c11 -Wall -Wextra -Werror -O0 artifact/benchmark/generated/utf8_state/reseed/kernel.c -o artifact/results/raw/utf8_state/reseed/gcc_o0,gcc (Debian 14.2.0-19) 14.2.0,source=dc475cc6e5357f20a58c4f27382a799f25f6e58a33067378162829ca3a1c87b7;reference=eaaf55079d4568449435566ed7a1af0b6631f3598c60b49ec0d1ddc0287912a3;manifest=cba54b75758b4bd99afb4c3712ecde413a72fecc272cf1496fb8907b33aa3158,artifact/results/raw/utf8_state/reseed/gcc_o0.out,eaaf55079d4568449435566ed7a1af0b6631f3598c60b49ec0d1ddc0287912a3,artifact/results/raw/utf8_state/reseed/gcc_o0.s,3f40f7c3cfd185ef67bf22efd6bcd2b491b2664e416837567a533c647a0a3eaf,artifact/results/independent_recheck.json,EXECUTED,"65,536 ordered byte-pair cases; retained output and assembly bound to certificate."
FINITE-utf8_state-reseed-gcc-O2,FINITE_EXHAUSTIVE_COMPILER_CELL,utf8_state,reseed,gcc,-O2,gcc -std=c11 -Wall -Wextra -Werror -O2 artifact/benchmark/generated/utf8_state/reseed/kernel.c -o artifact/results/raw/utf8_state/reseed/gcc_o2,gcc (Debian 14.2.0-19) 14.2.0,source=dc475cc6e5357f20a58c4f27382a799f25f6e58a33067378162829ca3a1c87b7;reference=eaaf55079d4568449435566ed7a1af0b6631f3598c60b49ec0d1ddc0287912a3;manifest=cba54b75758b4bd99afb4c3712ecde413a72fecc272cf1496fb8907b33aa3158,artifact/results/raw/utf8_state/reseed/gcc_o2.out,eaaf55079d4568449435566ed7a1af0b6631f3598c60b49ec0d1ddc0287912a3,artifact/results/raw/utf8_state/reseed/gcc_o2.s,0a3d6b075ed84cf8017ef01f90d1a78741507b0040d8cfc4b6f28b0f0a1a406c,artifact/results/independent_recheck.json,EXECUTED,"65,536 ordered byte-pair cases; retained output and assembly bound to certificate."
FINITE-utf8_state-reseed-clang-O0,FINITE_EXHAUSTIVE_COMPILER_CELL,utf8_state,reseed,clang,-O0,clang -std=c11 -Wall -Wextra -Werror -O0 artifact/benchmark/generated/utf8_state/reseed/kernel.c -o artifact/results/raw/utf8_state/reseed/clang_o0,clang version 17.0.0 (https://github.com/swiftlang/llvm-project.git 10999b6d034fe318f3d56c83bddb6572593a8bb0),source=dc475cc6e5357f20a58c4f27382a799f25f6e58a33067378162829ca3a1c87b7;reference=eaaf55079d4568449435566ed7a1af0b6631f3598c60b49ec0d1ddc0287912a3;manifest=cba54b75758b4bd99afb4c3712ecde413a72fecc272cf1496fb8907b33aa3158,artifact/results/raw/utf8_state/reseed/clang_o0.out,eaaf55079d4568449435566ed7a1af0b6631f3598c60b49ec0d1ddc0287912a3,artifact/results/raw/utf8_state/reseed/clang_o0.s,c31270b3b4dafbfd22799e4e79739f7d49a118d11ccdec805284b53bc98f2a4b,artifact/results/independent_recheck.json,EXECUTED,"65,536 ordered byte-pair cases; retained output and assembly bound to certificate."
FINITE-utf8_state-reseed-clang-O2,FINITE_EXHAUSTIVE_COMPILER_CELL,utf8_state,reseed,clang,-O2,clang -std=c11 -Wall -Wextra -Werror -O2 artifact/benchmark/generated/utf8_state/reseed/kernel.c -o artifact/results/raw/utf8_state/reseed/clang_o2,clang version 17.0.0 (https://github.com/swiftlang/llvm-project.git 10999b6d034fe318f3d56c83bddb6572593a8bb0),source=dc475cc6e5357f20a58c4f27382a799f25f6e58a33067378162829ca3a1c87b7;reference=eaaf55079d4568449435566ed7a1af0b6631f3598c60b49ec0d1ddc0287912a3;manifest=cba54b75758b4bd99afb4c3712ecde413a72fecc272cf1496fb8907b33aa3158,artifact/results/raw/utf8_state/reseed/clang_o2.out,eaaf55079d4568449435566ed7a1af0b6631f3598c60b49ec0d1ddc0287912a3,artifact/results/raw/utf8_state/reseed/clang_o2.s,45eb571ed0da8ef443358767b68440112be5f71a2b235edc0ba12adf9e3e9b96,artifact/results/independent_recheck.json,EXECUTED,"65,536 ordered byte-pair cases; retained output and assembly bound to certificate."
FINITE-utf8_state-behavior_drift-gcc-O0,FINITE_EXHAUSTIVE_COMPILER_CELL,utf8_state,behavior_drift,gcc,-O0,gcc -std=c11 -Wall -Wextra -Werror -O0 artifact/benchmark/generated/utf8_state/behavior_drift/kernel.c -o artifact/results/raw/utf8_state/behavior_drift/gcc_o0,gcc (Debian 14.2.0-19) 14.2.0,source=adfabde4d9d625ae1cdcb4c9e27e28aaec2cd0283617720c8ba267d6f55826bf;reference=eaaf55079d4568449435566ed7a1af0b6631f3598c60b49ec0d1ddc0287912a3;manifest=af03c0d2a0ed0a91743ecd5efa742d1fe42ad46b0a879f681fe05a11e0e4abcb,artifact/results/raw/utf8_state/behavior_drift/gcc_o0.out,b3ea38f1cc95f5bc28a48744a1fd08532a36a5247ce96545be029fbf01f18bdb,artifact/results/raw/utf8_state/behavior_drift/gcc_o0.s,e2700b5c30764c81cc3ff3d6ecb9dce5fd5d61ef31ec39e047fdbeaf8d40e10a,artifact/results/independent_recheck.json,EXECUTED,"65,536 ordered byte-pair cases; retained output and assembly bound to certificate."
FINITE-utf8_state-behavior_drift-gcc-O2,FINITE_EXHAUSTIVE_COMPILER_CELL,utf8_state,behavior_drift,gcc,-O2,gcc -std=c11 -Wall -Wextra -Werror -O2 artifact/benchmark/generated/utf8_state/behavior_drift/kernel.c -o artifact/results/raw/utf8_state/behavior_drift/gcc_o2,gcc (Debian 14.2.0-19) 14.2.0,source=adfabde4d9d625ae1cdcb4c9e27e28aaec2cd0283617720c8ba267d6f55826bf;reference=eaaf55079d4568449435566ed7a1af0b6631f3598c60b49ec0d1ddc0287912a3;manifest=af03c0d2a0ed0a91743ecd5efa742d1fe42ad46b0a879f681fe05a11e0e4abcb,artifact/results/raw/utf8_state/behavior_drift/gcc_o2.out,b3ea38f1cc95f5bc28a48744a1fd08532a36a5247ce96545be029fbf01f18bdb,artifact/results/raw/utf8_state/behavior_drift/gcc_o2.s,51104f635835bb459a70eafcfad38d9fb3248ca6a46bca4527b7ce58f8d890b4,artifact/results/independent_recheck.json,EXECUTED,"65,536 ordered byte-pair cases; retained output and assembly bound to certificate."
FINITE-utf8_state-behavior_drift-clang-O0,FINITE_EXHAUSTIVE_COMPILER_CELL,utf8_state,behavior_drift,clang,-O0,clang -std=c11 -Wall -Wextra -Werror -O0 artifact/benchmark/generated/utf8_state/behavior_drift/kernel.c -o artifact/results/raw/utf8_state/behavior_drift/clang_o0,clang version 17.0.0 (https://github.com/swiftlang/llvm-project.git 10999b6d034fe318f3d56c83bddb6572593a8bb0),source=adfabde4d9d625ae1cdcb4c9e27e28aaec2cd0283617720c8ba267d6f55826bf;reference=eaaf55079d4568449435566ed7a1af0b6631f3598c60b49ec0d1ddc0287912a3;manifest=af03c0d2a0ed0a91743ecd5efa742d1fe42ad46b0a879f681fe05a11e0e4abcb,artifact/results/raw/utf8_state/behavior_drift/clang_o0.out,b3ea38f1cc95f5bc28a48744a1fd08532a36a5247ce96545be029fbf01f18bdb,artifact/results/raw/utf8_state/behavior_drift/clang_o0.s,b20720fb8b6de31359b7fafd3d04895cdbea6d586aec42151d4f8852fdab8ea6,artifact/results/independent_recheck.json,EXECUTED,"65,536 ordered byte-pair cases; retained output and assembly bound to certificate."
FINITE-utf8_state-behavior_drift-clang-O2,FINITE_EXHAUSTIVE_COMPILER_CELL,utf8_state,behavior_drift,clang,-O2,clang -std=c11 -Wall -Wextra -Werror -O2 artifact/benchmark/generated/utf8_state/behavior_drift/kernel.c -o artifact/results/raw/utf8_state/behavior_drift/clang_o2,clang version 17.0.0 (https://github.com/swiftlang/llvm-project.git 10999b6d034fe318f3d56c83bddb6572593a8bb0),source=adfabde4d9d625ae1cdcb4c9e27e28aaec2cd0283617720c8ba267d6f55826bf;reference=eaaf55079d4568449435566ed7a1af0b6631f3598c60b49ec0d1ddc0287912a3;manifest=af03c0d2a0ed0a91743ecd5efa742d1fe42ad46b0a879f681fe05a11e0e4abcb,artifact/results/raw/utf8_state/behavior_drift/clang_o2.out,b3ea38f1cc95f5bc28a48744a1fd08532a36a5247ce96545be029fbf01f18bdb,artifact/results/raw/utf8_state/behavior_drift/clang_o2.s,4080f05b5ed22f9148a8556016ef8154a6034392155d890a3bda78647c8e3997,artifact/results/independent_recheck.json,EXECUTED,"65,536 ordered byte-pair cases; retained output and assembly bound to certificate."
FINITE-base64_state-baseline-gcc-O0,FINITE_EXHAUSTIVE_COMPILER_CELL,base64_state,baseline,gcc,-O0,gcc -std=c11 -Wall -Wextra -Werror -O0 artifact/benchmark/generated/base64_state/baseline/kernel.c -o artifact/results/raw/base64_state/baseline/gcc_o0,gcc (Debian 14.2.0-19) 14.2.0,source=7b54c92e217284acfbaf0b683bde7cfb239428da9ab0b9e243ce4a46e5fccc4a;reference=22a180a902687cdd882d23fdce26cf183b5044a039199d1108b5929c1f35e9c1;manifest=087fe2b44d068303621fdb492fbe5f8830e9ddf75cc8fa95b1a9499baacbd2a3,artifact/results/raw/base64_state/baseline/gcc_o0.out,22a180a902687cdd882d23fdce26cf183b5044a039199d1108b5929c1f35e9c1,artifact/results/raw/base64_state/baseline/gcc_o0.s,4a19c197dc64f1843fed2b1da1aa9332a1826cecc76c85e60b4060cf8dc1ef1b,artifact/results/independent_recheck.json,EXECUTED,"65,536 ordered byte-pair cases; retained output and assembly bound to certificate."
FINITE-base64_state-baseline-gcc-O2,FINITE_EXHAUSTIVE_COMPILER_CELL,base64_state,baseline,gcc,-O2,gcc -std=c11 -Wall -Wextra -Werror -O2 artifact/benchmark/generated/base64_state/baseline/kernel.c -o artifact/results/raw/base64_state/baseline/gcc_o2,gcc (Debian 14.2.0-19) 14.2.0,source=7b54c92e217284acfbaf0b683bde7cfb239428da9ab0b9e243ce4a46e5fccc4a;reference=22a180a902687cdd882d23fdce26cf183b5044a039199d1108b5929c1f35e9c1;manifest=087fe2b44d068303621fdb492fbe5f8830e9ddf75cc8fa95b1a9499baacbd2a3,artifact/results/raw/base64_state/baseline/gcc_o2.out,22a180a902687cdd882d23fdce26cf183b5044a039199d1108b5929c1f35e9c1,artifact/results/raw/base64_state/baseline/gcc_o2.s,2097cc44010edb703c28b2d24707dcb11e188ed67c0a74cfc0fbf53e9c4b341b,artifact/results/independent_recheck.json,EXECUTED,"65,536 ordered byte-pair cases; retained output and assembly bound to certificate."
FINITE-base64_state-baseline-clang-O0,FINITE_EXHAUSTIVE_COMPILER_CELL,base64_state,baseline,clang,-O0,clang -std=c11 -Wall -Wextra -Werror -O0 artifact/benchmark/generated/base64_state/baseline/kernel.c -o artifact/results/raw/base64_state/baseline/clang_o0,clang version 17.0.0 (https://github.com/swiftlang/llvm-project.git 10999b6d034fe318f3d56c83bddb6572593a8bb0),source=7b54c92e217284acfbaf0b683bde7cfb239428da9ab0b9e243ce4a46e5fccc4a;reference=22a180a902687cdd882d23fdce26cf183b5044a039199d1108b5929c1f35e9c1;manifest=087fe2b44d068303621fdb492fbe5f8830e9ddf75cc8fa95b1a9499baacbd2a3,artifact/results/raw/base64_state/baseline/clang_o0.out,22a180a902687cdd882d23fdce26cf183b5044a039199d1108b5929c1f35e9c1,artifact/results/raw/base64_state/baseline/clang_o0.s,382374ac8672d79a72531c15eb3cede673da92aa6a336260eff80953d0c5942e,artifact/results/independent_recheck.json,EXECUTED,"65,536 ordered byte-pair cases; retained output and assembly bound to certificate."
FINITE-base64_state-baseline-clang-O2,FINITE_EXHAUSTIVE_COMPILER_CELL,base64_state,baseline,clang,-O2,clang -std=c11 -Wall -Wextra -Werror -O2 artifact/benchmark/generated/base64_state/baseline/kernel.c -o artifact/results/raw/base64_state/baseline/clang_o2,clang version 17.0.0 (https://github.com/swiftlang/llvm-project.git 10999b6d034fe318f3d56c83bddb6572593a8bb0),source=7b54c92e217284acfbaf0b683bde7cfb239428da9ab0b9e243ce4a46e5fccc4a;reference=22a180a902687cdd882d23fdce26cf183b5044a039199d1108b5929c1f35e9c1;manifest=087fe2b44d068303621fdb492fbe5f8830e9ddf75cc8fa95b1a9499baacbd2a3,artifact/results/raw/base64_state/baseline/clang_o2.out,22a180a902687cdd882d23fdce26cf183b5044a039199d1108b5929c1f35e9c1,artifact/results/raw/base64_state/baseline/clang_o2.s,38977b41929da9d925bc8d0e86134cdf6c2ae6e2f773f6bd669f44e37a331e54,artifact/results/independent_recheck.json,EXECUTED,"65,536 ordered byte-pair cases; retained output and assembly bound to certificate."
FINITE-base64_state-rename-gcc-O0,FINITE_EXHAUSTIVE_COMPILER_CELL,base64_state,rename,gcc,-O0,gcc -std=c11 -Wall -Wextra -Werror -O0 artifact/benchmark/generated/base64_state/rename/kernel.c -o artifact/results/raw/base64_state/rename/gcc_o0,gcc (Debian 14.2.0-19) 14.2.0,source=42372f2a2a8267bb7babf11359b96ef09ddfd757928d343298b849f739b31736;reference=22a180a902687cdd882d23fdce26cf183b5044a039199d1108b5929c1f35e9c1;manifest=087fe2b44d068303621fdb492fbe5f8830e9ddf75cc8fa95b1a9499baacbd2a3,artifact/results/raw/base64_state/rename/gcc_o0.out,22a180a902687cdd882d23fdce26cf183b5044a039199d1108b5929c1f35e9c1,artifact/results/raw/base64_state/rename/gcc_o0.s,4a19c197dc64f1843fed2b1da1aa9332a1826cecc76c85e60b4060cf8dc1ef1b,artifact/results/independent_recheck.json,EXECUTED,"65,536 ordered byte-pair cases; retained output and assembly bound to certificate."
FINITE-base64_state-rename-gcc-O2,FINITE_EXHAUSTIVE_COMPILER_CELL,base64_state,rename,gcc,-O2,gcc -std=c11 -Wall -Wextra -Werror -O2 artifact/benchmark/generated/base64_state/rename/kernel.c -o artifact/results/raw/base64_state/rename/gcc_o2,gcc (Debian 14.2.0-19) 14.2.0,source=42372f2a2a8267bb7babf11359b96ef09ddfd757928d343298b849f739b31736;reference=22a180a902687cdd882d23fdce26cf183b5044a039199d1108b5929c1f35e9c1;manifest=087fe2b44d068303621fdb492fbe5f8830e9ddf75cc8fa95b1a9499baacbd2a3,artifact/results/raw/base64_state/rename/gcc_o2.out,22a180a902687cdd882d23fdce26cf183b5044a039199d1108b5929c1f35e9c1,artifact/results/raw/base64_state/rename/gcc_o2.s,2097cc44010edb703c28b2d24707dcb11e188ed67c0a74cfc0fbf53e9c4b341b,artifact/results/independent_recheck.json,EXECUTED,"65,536 ordered byte-pair cases; retained output and assembly bound to certificate."
FINITE-base64_state-rename-clang-O0,FINITE_EXHAUSTIVE_COMPILER_CELL,base64_state,rename,clang,-O0,clang -std=c11 -Wall -Wextra -Werror -O0 artifact/benchmark/generated/base64_state/rename/kernel.c -o artifact/results/raw/base64_state/rename/clang_o0,clang version 17.0.0 (https://github.com/swiftlang/llvm-project.git 10999b6d034fe318f3d56c83bddb6572593a8bb0),source=42372f2a2a8267bb7babf11359b96ef09ddfd757928d343298b849f739b31736;reference=22a180a902687cdd882d23fdce26cf183b5044a039199d1108b5929c1f35e9c1;manifest=087fe2b44d068303621fdb492fbe5f8830e9ddf75cc8fa95b1a9499baacbd2a3,artifact/results/raw/base64_state/rename/clang_o0.out,22a180a902687cdd882d23fdce26cf183b5044a039199d1108b5929c1f35e9c1,artifact/results/raw/base64_state/rename/clang_o0.s,382374ac8672d79a72531c15eb3cede673da92aa6a336260eff80953d0c5942e,artifact/results/independent_recheck.json,EXECUTED,"65,536 ordered byte-pair cases; retained output and assembly bound to certificate."
FINITE-base64_state-rename-clang-O2,FINITE_EXHAUSTIVE_COMPILER_CELL,base64_state,rename,clang,-O2,clang -std=c11 -Wall -Wextra -Werror -O2 artifact/benchmark/generated/base64_state/rename/kernel.c -o artifact/results/raw/base64_state/rename/clang_o2,clang version 17.0.0 (https://github.com/swiftlang/llvm-project.git 10999b6d034fe318f3d56c83bddb6572593a8bb0),source=42372f2a2a8267bb7babf11359b96ef09ddfd757928d343298b849f739b31736;reference=22a180a902687cdd882d23fdce26cf183b5044a039199d1108b5929c1f35e9c1;manifest=087fe2b44d068303621fdb492fbe5f8830e9ddf75cc8fa95b1a9499baacbd2a3,artifact/results/raw/base64_state/rename/clang_o2.out,22a180a902687cdd882d23fdce26cf183b5044a039199d1108b5929c1f35e9c1,artifact/results/raw/base64_state/rename/clang_o2.s,38977b41929da9d925bc8d0e86134cdf6c2ae6e2f773f6bd669f44e37a331e54,artifact/results/independent_recheck.json,EXECUTED,"65,536 ordered byte-pair cases; retained output and assembly bound to certificate."
FINITE-base64_state-reorder-gcc-O0,FINITE_EXHAUSTIVE_COMPILER_CELL,base64_state,reorder,gcc,-O0,gcc -std=c11 -Wall -Wextra -Werror -O0 artifact/benchmark/generated/base64_state/reorder/kernel.c -o artifact/results/raw/base64_state/reorder/gcc_o0,gcc (Debian 14.2.0-19) 14.2.0,source=e6587164466c0c0109ca8b01d41b686d207e36472f77622e9f4bd6498494c95a;reference=22a180a902687cdd882d23fdce26cf183b5044a039199d1108b5929c1f35e9c1;manifest=087fe2b44d068303621fdb492fbe5f8830e9ddf75cc8fa95b1a9499baacbd2a3,artifact/results/raw/base64_state/reorder/gcc_o0.out,22a180a902687cdd882d23fdce26cf183b5044a039199d1108b5929c1f35e9c1,artifact/results/raw/base64_state/reorder/gcc_o0.s,4a19c197dc64f1843fed2b1da1aa9332a1826cecc76c85e60b4060cf8dc1ef1b,artifact/results/independent_recheck.json,EXECUTED,"65,536 ordered byte-pair cases; retained output and assembly bound to certificate."
FINITE-base64_state-reorder-gcc-O2,FINITE_EXHAUSTIVE_COMPILER_CELL,base64_state,reorder,gcc,-O2,gcc -std=c11 -Wall -Wextra -Werror -O2 artifact/benchmark/generated/base64_state/reorder/kernel.c -o artifact/results/raw/base64_state/reorder/gcc_o2,gcc (Debian 14.2.0-19) 14.2.0,source=e6587164466c0c0109ca8b01d41b686d207e36472f77622e9f4bd6498494c95a;reference=22a180a902687cdd882d23fdce26cf183b5044a039199d1108b5929c1f35e9c1;manifest=087fe2b44d068303621fdb492fbe5f8830e9ddf75cc8fa95b1a9499baacbd2a3,artifact/results/raw/base64_state/reorder/gcc_o2.out,22a180a902687cdd882d23fdce26cf183b5044a039199d1108b5929c1f35e9c1,artifact/results/raw/base64_state/reorder/gcc_o2.s,2097cc44010edb703c28b2d24707dcb11e188ed67c0a74cfc0fbf53e9c4b341b,artifact/results/independent_recheck.json,EXECUTED,"65,536 ordered byte-pair cases; retained output and assembly bound to certificate."
FINITE-base64_state-reorder-clang-O0,FINITE_EXHAUSTIVE_COMPILER_CELL,base64_state,reorder,clang,-O0,clang -std=c11 -Wall -Wextra -Werror -O0 artifact/benchmark/generated/base64_state/reorder/kernel.c -o artifact/results/raw/base64_state/reorder/clang_o0,clang version 17.0.0 (https://github.com/swiftlang/llvm-project.git 10999b6d034fe318f3d56c83bddb6572593a8bb0),source=e6587164466c0c0109ca8b01d41b686d207e36472f77622e9f4bd6498494c95a;reference=22a180a902687cdd882d23fdce26cf183b5044a039199d1108b5929c1f35e9c1;manifest=087fe2b44d068303621fdb492fbe5f8830e9ddf75cc8fa95b1a9499baacbd2a3,artifact/results/raw/base64_state/reorder/clang_o0.out,22a180a902687cdd882d23fdce26cf183b5044a039199d1108b5929c1f35e9c1,artifact/results/raw/base64_state/reorder/clang_o0.s,e219b81a48f6e0ad929ff2c31b40e64d13855adf124e222acca5dee20da1f1b2,artifact/results/independent_recheck.json,EXECUTED,"65,536 ordered byte-pair cases; retained output and assembly bound to certificate."
FINITE-base64_state-reorder-clang-O2,FINITE_EXHAUSTIVE_COMPILER_CELL,base64_state,reorder,clang,-O2,clang -std=c11 -Wall -Wextra -Werror -O2 artifact/benchmark/generated/base64_state/reorder/kernel.c -o artifact/results/raw/base64_state/reorder/clang_o2,clang version 17.0.0 (https://github.com/swiftlang/llvm-project.git 10999b6d034fe318f3d56c83bddb6572593a8bb0),source=e6587164466c0c0109ca8b01d41b686d207e36472f77622e9f4bd6498494c95a;reference=22a180a902687cdd882d23fdce26cf183b5044a039199d1108b5929c1f35e9c1;manifest=087fe2b44d068303621fdb492fbe5f8830e9ddf75cc8fa95b1a9499baacbd2a3,artifact/results/raw/base64_state/reorder/clang_o2.out,22a180a902687cdd882d23fdce26cf183b5044a039199d1108b5929c1f35e9c1,artifact/results/raw/base64_state/reorder/clang_o2.s,38977b41929da9d925bc8d0e86134cdf6c2ae6e2f773f6bd669f44e37a331e54,artifact/results/independent_recheck.json,EXECUTED,"65,536 ordered byte-pair cases; retained output and assembly bound to certificate."
FINITE-base64_state-extract-gcc-O0,FINITE_EXHAUSTIVE_COMPILER_CELL,base64_state,extract,gcc,-O0,gcc -std=c11 -Wall -Wextra -Werror -O0 artifact/benchmark/generated/base64_state/extract/kernel.c -o artifact/results/raw/base64_state/extract/gcc_o0,gcc (Debian 14.2.0-19) 14.2.0,source=9ceb8d14f930c2b9b8131c482040e514b2e1c031efdf7833965a9aef65abe029;reference=22a180a902687cdd882d23fdce26cf183b5044a039199d1108b5929c1f35e9c1;manifest=087fe2b44d068303621fdb492fbe5f8830e9ddf75cc8fa95b1a9499baacbd2a3,artifact/results/raw/base64_state/extract/gcc_o0.out,22a180a902687cdd882d23fdce26cf183b5044a039199d1108b5929c1f35e9c1,artifact/results/raw/base64_state/extract/gcc_o0.s,e2f62f30a3b446868b4a6ddd5f2a183049c1bf1e7e17b2beabff0bfbcdeb2fbb,artifact/results/independent_recheck.json,EXECUTED,"65,536 ordered byte-pair cases; retained output and assembly bound to certificate."
FINITE-base64_state-extract-gcc-O2,FINITE_EXHAUSTIVE_COMPILER_CELL,base64_state,extract,gcc,-O2,gcc -std=c11 -Wall -Wextra -Werror -O2 artifact/benchmark/generated/base64_state/extract/kernel.c -o artifact/results/raw/base64_state/extract/gcc_o2,gcc (Debian 14.2.0-19) 14.2.0,source=9ceb8d14f930c2b9b8131c482040e514b2e1c031efdf7833965a9aef65abe029;reference=22a180a902687cdd882d23fdce26cf183b5044a039199d1108b5929c1f35e9c1;manifest=087fe2b44d068303621fdb492fbe5f8830e9ddf75cc8fa95b1a9499baacbd2a3,artifact/results/raw/base64_state/extract/gcc_o2.out,22a180a902687cdd882d23fdce26cf183b5044a039199d1108b5929c1f35e9c1,artifact/results/raw/base64_state/extract/gcc_o2.s,a3c91d945e8748de6b02988de530c92afe4927ee5e75fd2ab9cf657723162ac9,artifact/results/independent_recheck.json,EXECUTED,"65,536 ordered byte-pair cases; retained output and assembly bound to certificate."
FINITE-base64_state-extract-clang-O0,FINITE_EXHAUSTIVE_COMPILER_CELL,base64_state,extract,clang,-O0,clang -std=c11 -Wall -Wextra -Werror -O0 artifact/benchmark/generated/base64_state/extract/kernel.c -o artifact/results/raw/base64_state/extract/clang_o0,clang version 17.0.0 (https://github.com/swiftlang/llvm-project.git 10999b6d034fe318f3d56c83bddb6572593a8bb0),source=9ceb8d14f930c2b9b8131c482040e514b2e1c031efdf7833965a9aef65abe029;reference=22a180a902687cdd882d23fdce26cf183b5044a039199d1108b5929c1f35e9c1;manifest=087fe2b44d068303621fdb492fbe5f8830e9ddf75cc8fa95b1a9499baacbd2a3,artifact/results/raw/base64_state/extract/clang_o0.out,22a180a902687cdd882d23fdce26cf183b5044a039199d1108b5929c1f35e9c1,artifact/results/raw/base64_state/extract/clang_o0.s,106584989538c4e0c52fde7e8cbb00260bccfabbf1230507c1d90b19b8f9f177,artifact/results/independent_recheck.json,EXECUTED,"65,536 ordered byte-pair cases; retained output and assembly bound to certificate."
FINITE-base64_state-extract-clang-O2,FINITE_EXHAUSTIVE_COMPILER_CELL,base64_state,extract,clang,-O2,clang -std=c11 -Wall -Wextra -Werror -O2 artifact/benchmark/generated/base64_state/extract/kernel.c -o artifact/results/raw/base64_state/extract/clang_o2,clang version 17.0.0 (https://github.com/swiftlang/llvm-project.git 10999b6d034fe318f3d56c83bddb6572593a8bb0),source=9ceb8d14f930c2b9b8131c482040e514b2e1c031efdf7833965a9aef65abe029;reference=22a180a902687cdd882d23fdce26cf183b5044a039199d1108b5929c1f35e9c1;manifest=087fe2b44d068303621fdb492fbe5f8830e9ddf75cc8fa95b1a9499baacbd2a3,artifact/results/raw/base64_state/extract/clang_o2.out,22a180a902687cdd882d23fdce26cf183b5044a039199d1108b5929c1f35e9c1,artifact/results/raw/base64_state/extract/clang_o2.s,38977b41929da9d925bc8d0e86134cdf6c2ae6e2f773f6bd669f44e37a331e54,artifact/results/independent_recheck.json,EXECUTED,"65,536 ordered byte-pair cases; retained output and assembly bound to certificate."
FINITE-base64_state-dependency_upgrade-gcc-O0,FINITE_EXHAUSTIVE_COMPILER_CELL,base64_state,dependency_upgrade,gcc,-O0,gcc -std=c11 -Wall -Wextra -Werror -O0 artifact/benchmark/generated/base64_state/dependency_upgrade/kernel.c -o artifact/results/raw/base64_state/dependency_upgrade/gcc_o0,gcc (Debian 14.2.0-19) 14.2.0,source=d8509725d61e2ce488e49affb5f3fe3cfaf8152b4c501e0be2fa991751be6abe;reference=22a180a902687cdd882d23fdce26cf183b5044a039199d1108b5929c1f35e9c1;manifest=087fe2b44d068303621fdb492fbe5f8830e9ddf75cc8fa95b1a9499baacbd2a3,artifact/results/raw/base64_state/dependency_upgrade/gcc_o0.out,22a180a902687cdd882d23fdce26cf183b5044a039199d1108b5929c1f35e9c1,artifact/results/raw/base64_state/dependency_upgrade/gcc_o0.s,24827d867da6b3eec0ab94f7bc96937adcf06c7cf296d0111c1faa4e78fedf86,artifact/results/independent_recheck.json,EXECUTED,"65,536 ordered byte-pair cases; retained output and assembly bound to certificate."
FINITE-base64_state-dependency_upgrade-gcc-O2,FINITE_EXHAUSTIVE_COMPILER_CELL,base64_state,dependency_upgrade,gcc,-O2,gcc -std=c11 -Wall -Wextra -Werror -O2 artifact/benchmark/generated/base64_state/dependency_upgrade/kernel.c -o artifact/results/raw/base64_state/dependency_upgrade/gcc_o2,gcc (Debian 14.2.0-19) 14.2.0,source=d8509725d61e2ce488e49affb5f3fe3cfaf8152b4c501e0be2fa991751be6abe;reference=22a180a902687cdd882d23fdce26cf183b5044a039199d1108b5929c1f35e9c1;manifest=087fe2b44d068303621fdb492fbe5f8830e9ddf75cc8fa95b1a9499baacbd2a3,artifact/results/raw/base64_state/dependency_upgrade/gcc_o2.out,22a180a902687cdd882d23fdce26cf183b5044a039199d1108b5929c1f35e9c1,artifact/results/raw/base64_state/dependency_upgrade/gcc_o2.s,cf333e5a37ceccbf9ef01377fc2743a5350c983c76468891cdda8d0ec4be5841,artifact/results/independent_recheck.json,EXECUTED,"65,536 ordered byte-pair cases; retained output and assembly bound to certificate."
FINITE-base64_state-dependency_upgrade-clang-O0,FINITE_EXHAUSTIVE_COMPILER_CELL,base64_state,dependency_upgrade,clang,-O0,clang -std=c11 -Wall -Wextra -Werror -O0 artifact/benchmark/generated/base64_state/dependency_upgrade/kernel.c -o artifact/results/raw/base64_state/dependency_upgrade/clang_o0,clang version 17.0.0 (https://github.com/swiftlang/llvm-project.git 10999b6d034fe318f3d56c83bddb6572593a8bb0),source=d8509725d61e2ce488e49affb5f3fe3cfaf8152b4c501e0be2fa991751be6abe;reference=22a180a902687cdd882d23fdce26cf183b5044a039199d1108b5929c1f35e9c1;manifest=087fe2b44d068303621fdb492fbe5f8830e9ddf75cc8fa95b1a9499baacbd2a3,artifact/results/raw/base64_state/dependency_upgrade/clang_o0.out,22a180a902687cdd882d23fdce26cf183b5044a039199d1108b5929c1f35e9c1,artifact/results/raw/base64_state/dependency_upgrade/clang_o0.s,bceb88852724755135d7e72c215f4916f73cbe9f95c902b677c0a24c295e5407,artifact/results/independent_recheck.json,EXECUTED,"65,536 ordered byte-pair cases; retained output and assembly bound to certificate."
FINITE-base64_state-dependency_upgrade-clang-O2,FINITE_EXHAUSTIVE_COMPILER_CELL,base64_state,dependency_upgrade,clang,-O2,clang -std=c11 -Wall -Wextra -Werror -O2 artifact/benchmark/generated/base64_state/dependency_upgrade/kernel.c -o artifact/results/raw/base64_state/dependency_upgrade/clang_o2,clang version 17.0.0 (https://github.com/swiftlang/llvm-project.git 10999b6d034fe318f3d56c83bddb6572593a8bb0),source=d8509725d61e2ce488e49affb5f3fe3cfaf8152b4c501e0be2fa991751be6abe;reference=22a180a902687cdd882d23fdce26cf183b5044a039199d1108b5929c1f35e9c1;manifest=087fe2b44d068303621fdb492fbe5f8830e9ddf75cc8fa95b1a9499baacbd2a3,artifact/results/raw/base64_state/dependency_upgrade/clang_o2.out,22a180a902687cdd882d23fdce26cf183b5044a039199d1108b5929c1f35e9c1,artifact/results/raw/base64_state/dependency_upgrade/clang_o2.s,38977b41929da9d925bc8d0e86134cdf6c2ae6e2f773f6bd669f44e37a331e54,artifact/results/independent_recheck.json,EXECUTED,"65,536 ordered byte-pair cases; retained output and assembly bound to certificate."
FINITE-base64_state-format-gcc-O0,FINITE_EXHAUSTIVE_COMPILER_CELL,base64_state,format,gcc,-O0,gcc -std=c11 -Wall -Wextra -Werror -O0 artifact/benchmark/generated/base64_state/format/kernel.c -o artifact/results/raw/base64_state/format/gcc_o0,gcc (Debian 14.2.0-19) 14.2.0,source=342f93bee0ff3f36fc8cdb9b4218bb288119b5c3350fbc8dc0f7df3304dc8bb2;reference=22a180a902687cdd882d23fdce26cf183b5044a039199d1108b5929c1f35e9c1;manifest=087fe2b44d068303621fdb492fbe5f8830e9ddf75cc8fa95b1a9499baacbd2a3,artifact/results/raw/base64_state/format/gcc_o0.out,22a180a902687cdd882d23fdce26cf183b5044a039199d1108b5929c1f35e9c1,artifact/results/raw/base64_state/format/gcc_o0.s,24827d867da6b3eec0ab94f7bc96937adcf06c7cf296d0111c1faa4e78fedf86,artifact/results/independent_recheck.json,EXECUTED,"65,536 ordered byte-pair cases; retained output and assembly bound to certificate."
FINITE-base64_state-format-gcc-O2,FINITE_EXHAUSTIVE_COMPILER_CELL,base64_state,format,gcc,-O2,gcc -std=c11 -Wall -Wextra -Werror -O2 artifact/benchmark/generated/base64_state/format/kernel.c -o artifact/results/raw/base64_state/format/gcc_o2,gcc (Debian 14.2.0-19) 14.2.0,source=342f93bee0ff3f36fc8cdb9b4218bb288119b5c3350fbc8dc0f7df3304dc8bb2;reference=22a180a902687cdd882d23fdce26cf183b5044a039199d1108b5929c1f35e9c1;manifest=087fe2b44d068303621fdb492fbe5f8830e9ddf75cc8fa95b1a9499baacbd2a3,artifact/results/raw/base64_state/format/gcc_o2.out,22a180a902687cdd882d23fdce26cf183b5044a039199d1108b5929c1f35e9c1,artifact/results/raw/base64_state/format/gcc_o2.s,cf333e5a37ceccbf9ef01377fc2743a5350c983c76468891cdda8d0ec4be5841,artifact/results/independent_recheck.json,EXECUTED,"65,536 ordered byte-pair cases; retained output and assembly bound to certificate."
FINITE-base64_state-format-clang-O0,FINITE_EXHAUSTIVE_COMPILER_CELL,base64_state,format,clang,-O0,clang -std=c11 -Wall -Wextra -Werror -O0 artifact/benchmark/generated/base64_state/format/kernel.c -o artifact/results/raw/base64_state/format/clang_o0,clang version 17.0.0 (https://github.com/swiftlang/llvm-project.git 10999b6d034fe318f3d56c83bddb6572593a8bb0),source=342f93bee0ff3f36fc8cdb9b4218bb288119b5c3350fbc8dc0f7df3304dc8bb2;reference=22a180a902687cdd882d23fdce26cf183b5044a039199d1108b5929c1f35e9c1;manifest=087fe2b44d068303621fdb492fbe5f8830e9ddf75cc8fa95b1a9499baacbd2a3,artifact/results/raw/base64_state/format/clang_o0.out,22a180a902687cdd882d23fdce26cf183b5044a039199d1108b5929c1f35e9c1,artifact/results/raw/base64_state/format/clang_o0.s,bceb88852724755135d7e72c215f4916f73cbe9f95c902b677c0a24c295e5407,artifact/results/independent_recheck.json,EXECUTED,"65,536 ordered byte-pair cases; retained output and assembly bound to certificate."
FINITE-base64_state-format-clang-O2,FINITE_EXHAUSTIVE_COMPILER_CELL,base64_state,format,clang,-O2,clang -std=c11 -Wall -Wextra -Werror -O2 artifact/benchmark/generated/base64_state/format/kernel.c -o artifact/results/raw/base64_state/format/clang_o2,clang version 17.0.0 (https://github.com/swiftlang/llvm-project.git 10999b6d034fe318f3d56c83bddb6572593a8bb0),source=342f93bee0ff3f36fc8cdb9b4218bb288119b5c3350fbc8dc0f7df3304dc8bb2;reference=22a180a902687cdd882d23fdce26cf183b5044a039199d1108b5929c1f35e9c1;manifest=087fe2b44d068303621fdb492fbe5f8830e9ddf75cc8fa95b1a9499baacbd2a3,artifact/results/raw/base64_state/format/clang_o2.out,22a180a902687cdd882d23fdce26cf183b5044a039199d1108b5929c1f35e9c1,artifact/results/raw/base64_state/format/clang_o2.s,38977b41929da9d925bc8d0e86134cdf6c2ae6e2f773f6bd669f44e37a331e54,artifact/results/independent_recheck.json,EXECUTED,"65,536 ordered byte-pair cases; retained output and assembly bound to certificate."
FINITE-base64_state-erase_tolerable-gcc-O0,FINITE_EXHAUSTIVE_COMPILER_CELL,base64_state,erase_tolerable,gcc,-O0,gcc -std=c11 -Wall -Wextra -Werror -O0 artifact/benchmark/generated/base64_state/erase_tolerable/kernel.c -o artifact/results/raw/base64_state/erase_tolerable/gcc_o0,gcc (Debian 14.2.0-19) 14.2.0,source=818659ffbdc0a8d6365d86030343696f91e914facc02c2415e1dac89a83b607d;reference=22a180a902687cdd882d23fdce26cf183b5044a039199d1108b5929c1f35e9c1;manifest=087fe2b44d068303621fdb492fbe5f8830e9ddf75cc8fa95b1a9499baacbd2a3,artifact/results/raw/base64_state/erase_tolerable/gcc_o0.out,22a180a902687cdd882d23fdce26cf183b5044a039199d1108b5929c1f35e9c1,artifact/results/raw/base64_state/erase_tolerable/gcc_o0.s,c6819c90c70f5b5dfe07f29b89ac2f30e7981a7a5e511c079bbc8e37b7a699e4,artifact/results/independent_recheck.json,EXECUTED,"65,536 ordered byte-pair cases; retained output and assembly bound to certificate."
FINITE-base64_state-erase_tolerable-gcc-O2,FINITE_EXHAUSTIVE_COMPILER_CELL,base64_state,erase_tolerable,gcc,-O2,gcc -std=c11 -Wall -Wextra -Werror -O2 artifact/benchmark/generated/base64_state/erase_tolerable/kernel.c -o artifact/results/raw/base64_state/erase_tolerable/gcc_o2,gcc (Debian 14.2.0-19) 14.2.0,source=818659ffbdc0a8d6365d86030343696f91e914facc02c2415e1dac89a83b607d;reference=22a180a902687cdd882d23fdce26cf183b5044a039199d1108b5929c1f35e9c1;manifest=087fe2b44d068303621fdb492fbe5f8830e9ddf75cc8fa95b1a9499baacbd2a3,artifact/results/raw/base64_state/erase_tolerable/gcc_o2.out,22a180a902687cdd882d23fdce26cf183b5044a039199d1108b5929c1f35e9c1,artifact/results/raw/base64_state/erase_tolerable/gcc_o2.s,66ae9c46bee60cb93695f793c831db3eb621e25db345f8c25888cbdaaa3be0f2,artifact/results/independent_recheck.json,EXECUTED,"65,536 ordered byte-pair cases; retained output and assembly bound to certificate."
FINITE-base64_state-erase_tolerable-clang-O0,FINITE_EXHAUSTIVE_COMPILER_CELL,base64_state,erase_tolerable,clang,-O0,clang -std=c11 -Wall -Wextra -Werror -O0 artifact/benchmark/generated/base64_state/erase_tolerable/kernel.c -o artifact/results/raw/base64_state/erase_tolerable/clang_o0,clang version 17.0.0 (https://github.com/swiftlang/llvm-project.git 10999b6d034fe318f3d56c83bddb6572593a8bb0),source=818659ffbdc0a8d6365d86030343696f91e914facc02c2415e1dac89a83b607d;reference=22a180a902687cdd882d23fdce26cf183b5044a039199d1108b5929c1f35e9c1;manifest=087fe2b44d068303621fdb492fbe5f8830e9ddf75cc8fa95b1a9499baacbd2a3,artifact/results/raw/base64_state/erase_tolerable/clang_o0.out,22a180a902687cdd882d23fdce26cf183b5044a039199d1108b5929c1f35e9c1,artifact/results/raw/base64_state/erase_tolerable/clang_o0.s,f99a0e46653a18cc90984ca791048f2b48332a231e66811a306b7764a5ab3c4d,artifact/results/independent_recheck.json,EXECUTED,"65,536 ordered byte-pair cases; retained output and assembly bound to certificate."
FINITE-base64_state-erase_tolerable-clang-O2,FINITE_EXHAUSTIVE_COMPILER_CELL,base64_state,erase_tolerable,clang,-O2,clang -std=c11 -Wall -Wextra -Werror -O2 artifact/benchmark/generated/base64_state/erase_tolerable/kernel.c -o artifact/results/raw/base64_state/erase_tolerable/clang_o2,clang version 17.0.0 (https://github.com/swiftlang/llvm-project.git 10999b6d034fe318f3d56c83bddb6572593a8bb0),source=818659ffbdc0a8d6365d86030343696f91e914facc02c2415e1dac89a83b607d;reference=22a180a902687cdd882d23fdce26cf183b5044a039199d1108b5929c1f35e9c1;manifest=087fe2b44d068303621fdb492fbe5f8830e9ddf75cc8fa95b1a9499baacbd2a3,artifact/results/raw/base64_state/erase_tolerable/clang_o2.out,22a180a902687cdd882d23fdce26cf183b5044a039199d1108b5929c1f35e9c1,artifact/results/raw/base64_state/erase_tolerable/clang_o2.s,38977b41929da9d925bc8d0e86134cdf6c2ae6e2f773f6bd669f44e37a331e54,artifact/results/independent_recheck.json,EXECUTED,"65,536 ordered byte-pair cases; retained output and assembly bound to certificate."
FINITE-base64_state-merge_tolerable-gcc-O0,FINITE_EXHAUSTIVE_COMPILER_CELL,base64_state,merge_tolerable,gcc,-O0,gcc -std=c11 -Wall -Wextra -Werror -O0 artifact/benchmark/generated/base64_state/merge_tolerable/kernel.c -o artifact/results/raw/base64_state/merge_tolerable/gcc_o0,gcc (Debian 14.2.0-19) 14.2.0,source=8e347e912c72fe626118b36d01a32e2f9cd6a2abe54825a4553afe752c54105f;reference=22a180a902687cdd882d23fdce26cf183b5044a039199d1108b5929c1f35e9c1;manifest=087fe2b44d068303621fdb492fbe5f8830e9ddf75cc8fa95b1a9499baacbd2a3,artifact/results/raw/base64_state/merge_tolerable/gcc_o0.out,22a180a902687cdd882d23fdce26cf183b5044a039199d1108b5929c1f35e9c1,artifact/results/raw/base64_state/merge_tolerable/gcc_o0.s,c6819c90c70f5b5dfe07f29b89ac2f30e7981a7a5e511c079bbc8e37b7a699e4,artifact/results/independent_recheck.json,EXECUTED,"65,536 ordered byte-pair cases; retained output and assembly bound to certificate."
FINITE-base64_state-merge_tolerable-gcc-O2,FINITE_EXHAUSTIVE_COMPILER_CELL,base64_state,merge_tolerable,gcc,-O2,gcc -std=c11 -Wall -Wextra -Werror -O2 artifact/benchmark/generated/base64_state/merge_tolerable/kernel.c -o artifact/results/raw/base64_state/merge_tolerable/gcc_o2,gcc (Debian 14.2.0-19) 14.2.0,source=8e347e912c72fe626118b36d01a32e2f9cd6a2abe54825a4553afe752c54105f;reference=22a180a902687cdd882d23fdce26cf183b5044a039199d1108b5929c1f35e9c1;manifest=087fe2b44d068303621fdb492fbe5f8830e9ddf75cc8fa95b1a9499baacbd2a3,artifact/results/raw/base64_state/merge_tolerable/gcc_o2.out,22a180a902687cdd882d23fdce26cf183b5044a039199d1108b5929c1f35e9c1,artifact/results/raw/base64_state/merge_tolerable/gcc_o2.s,66ae9c46bee60cb93695f793c831db3eb621e25db345f8c25888cbdaaa3be0f2,artifact/results/independent_recheck.json,EXECUTED,"65,536 ordered byte-pair cases; retained output and assembly bound to certificate."
FINITE-base64_state-merge_tolerable-clang-O0,FINITE_EXHAUSTIVE_COMPILER_CELL,base64_state,merge_tolerable,clang,-O0,clang -std=c11 -Wall -Wextra -Werror -O0 artifact/benchmark/generated/base64_state/merge_tolerable/kernel.c -o artifact/results/raw/base64_state/merge_tolerable/clang_o0,clang version 17.0.0 (https://github.com/swiftlang/llvm-project.git 10999b6d034fe318f3d56c83bddb6572593a8bb0),source=8e347e912c72fe626118b36d01a32e2f9cd6a2abe54825a4553afe752c54105f;reference=22a180a902687cdd882d23fdce26cf183b5044a039199d1108b5929c1f35e9c1;manifest=087fe2b44d068303621fdb492fbe5f8830e9ddf75cc8fa95b1a9499baacbd2a3,artifact/results/raw/base64_state/merge_tolerable/clang_o0.out,22a180a902687cdd882d23fdce26cf183b5044a039199d1108b5929c1f35e9c1,artifact/results/raw/base64_state/merge_tolerable/clang_o0.s,f99a0e46653a18cc90984ca791048f2b48332a231e66811a306b7764a5ab3c4d,artifact/results/independent_recheck.json,EXECUTED,"65,536 ordered byte-pair cases; retained output and assembly bound to certificate."
FINITE-base64_state-merge_tolerable-clang-O2,FINITE_EXHAUSTIVE_COMPILER_CELL,base64_state,merge_tolerable,clang,-O2,clang -std=c11 -Wall -Wextra -Werror -O2 artifact/benchmark/generated/base64_state/merge_tolerable/kernel.c -o artifact/results/raw/base64_state/merge_tolerable/clang_o2,clang version 17.0.0 (https://github.com/swiftlang/llvm-project.git 10999b6d034fe318f3d56c83bddb6572593a8bb0),source=8e347e912c72fe626118b36d01a32e2f9cd6a2abe54825a4553afe752c54105f;reference=22a180a902687cdd882d23fdce26cf183b5044a039199d1108b5929c1f35e9c1;manifest=087fe2b44d068303621fdb492fbe5f8830e9ddf75cc8fa95b1a9499baacbd2a3,artifact/results/raw/base64_state/merge_tolerable/clang_o2.out,22a180a902687cdd882d23fdce26cf183b5044a039199d1108b5929c1f35e9c1,artifact/results/raw/base64_state/merge_tolerable/clang_o2.s,38977b41929da9d925bc8d0e86134cdf6c2ae6e2f773f6bd669f44e37a331e54,artifact/results/independent_recheck.json,EXECUTED,"65,536 ordered byte-pair cases; retained output and assembly bound to certificate."
FINITE-base64_state-flip_tolerable-gcc-O0,FINITE_EXHAUSTIVE_COMPILER_CELL,base64_state,flip_tolerable,gcc,-O0,gcc -std=c11 -Wall -Wextra -Werror -O0 artifact/benchmark/generated/base64_state/flip_tolerable/kernel.c -o artifact/results/raw/base64_state/flip_tolerable/gcc_o0,gcc (Debian 14.2.0-19) 14.2.0,source=25ed911c252f9a856bc9445e389b8383e11dbf825b016d7d7f7ddafd94ab4854;reference=22a180a902687cdd882d23fdce26cf183b5044a039199d1108b5929c1f35e9c1;manifest=087fe2b44d068303621fdb492fbe5f8830e9ddf75cc8fa95b1a9499baacbd2a3,artifact/results/raw/base64_state/flip_tolerable/gcc_o0.out,22a180a902687cdd882d23fdce26cf183b5044a039199d1108b5929c1f35e9c1,artifact/results/raw/base64_state/flip_tolerable/gcc_o0.s,f479ce6a32f4c843d7013425a9f69faf78da9b1dc21b5b3b43537d6927e74b76,artifact/results/independent_recheck.json,EXECUTED,"65,536 ordered byte-pair cases; retained output and assembly bound to certificate."
FINITE-base64_state-flip_tolerable-gcc-O2,FINITE_EXHAUSTIVE_COMPILER_CELL,base64_state,flip_tolerable,gcc,-O2,gcc -std=c11 -Wall -Wextra -Werror -O2 artifact/benchmark/generated/base64_state/flip_tolerable/kernel.c -o artifact/results/raw/base64_state/flip_tolerable/gcc_o2,gcc (Debian 14.2.0-19) 14.2.0,source=25ed911c252f9a856bc9445e389b8383e11dbf825b016d7d7f7ddafd94ab4854;reference=22a180a902687cdd882d23fdce26cf183b5044a039199d1108b5929c1f35e9c1;manifest=087fe2b44d068303621fdb492fbe5f8830e9ddf75cc8fa95b1a9499baacbd2a3,artifact/results/raw/base64_state/flip_tolerable/gcc_o2.out,22a180a902687cdd882d23fdce26cf183b5044a039199d1108b5929c1f35e9c1,artifact/results/raw/base64_state/flip_tolerable/gcc_o2.s,66ae9c46bee60cb93695f793c831db3eb621e25db345f8c25888cbdaaa3be0f2,artifact/results/independent_recheck.json,EXECUTED,"65,536 ordered byte-pair cases; retained output and assembly bound to certificate."
FINITE-base64_state-flip_tolerable-clang-O0,FINITE_EXHAUSTIVE_COMPILER_CELL,base64_state,flip_tolerable,clang,-O0,clang -std=c11 -Wall -Wextra -Werror -O0 artifact/benchmark/generated/base64_state/flip_tolerable/kernel.c -o artifact/results/raw/base64_state/flip_tolerable/clang_o0,clang version 17.0.0 (https://github.com/swiftlang/llvm-project.git 10999b6d034fe318f3d56c83bddb6572593a8bb0),source=25ed911c252f9a856bc9445e389b8383e11dbf825b016d7d7f7ddafd94ab4854;reference=22a180a902687cdd882d23fdce26cf183b5044a039199d1108b5929c1f35e9c1;manifest=087fe2b44d068303621fdb492fbe5f8830e9ddf75cc8fa95b1a9499baacbd2a3,artifact/results/raw/base64_state/flip_tolerable/clang_o0.out,22a180a902687cdd882d23fdce26cf183b5044a039199d1108b5929c1f35e9c1,artifact/results/raw/base64_state/flip_tolerable/clang_o0.s,6cad733ed1e770399ba9a595bb2e6ad67b0685d7912b034735d8952c64ec94a7,artifact/results/independent_recheck.json,EXECUTED,"65,536 ordered byte-pair cases; retained output and assembly bound to certificate."
FINITE-base64_state-flip_tolerable-clang-O2,FINITE_EXHAUSTIVE_COMPILER_CELL,base64_state,flip_tolerable,clang,-O2,clang -std=c11 -Wall -Wextra -Werror -O2 artifact/benchmark/generated/base64_state/flip_tolerable/kernel.c -o artifact/results/raw/base64_state/flip_tolerable/clang_o2,clang version 17.0.0 (https://github.com/swiftlang/llvm-project.git 10999b6d034fe318f3d56c83bddb6572593a8bb0),source=25ed911c252f9a856bc9445e389b8383e11dbf825b016d7d7f7ddafd94ab4854;reference=22a180a902687cdd882d23fdce26cf183b5044a039199d1108b5929c1f35e9c1;manifest=087fe2b44d068303621fdb492fbe5f8830e9ddf75cc8fa95b1a9499baacbd2a3,artifact/results/raw/base64_state/flip_tolerable/clang_o2.out,22a180a902687cdd882d23fdce26cf183b5044a039199d1108b5929c1f35e9c1,artifact/results/raw/base64_state/flip_tolerable/clang_o2.s,38977b41929da9d925bc8d0e86134cdf6c2ae6e2f773f6bd669f44e37a331e54,artifact/results/independent_recheck.json,EXECUTED,"65,536 ordered byte-pair cases; retained output and assembly bound to certificate."
FINITE-base64_state-recovery_break-gcc-O0,FINITE_EXHAUSTIVE_COMPILER_CELL,base64_state,recovery_break,gcc,-O0,gcc -std=c11 -Wall -Wextra -Werror -O0 artifact/benchmark/generated/base64_state/recovery_break/kernel.c -o artifact/results/raw/base64_state/recovery_break/gcc_o0,gcc (Debian 14.2.0-19) 14.2.0,source=5b95259e249423616412eb5c16cbd85931d5e4c1254a175c47f24b7701aaa284;reference=22a180a902687cdd882d23fdce26cf183b5044a039199d1108b5929c1f35e9c1;manifest=087fe2b44d068303621fdb492fbe5f8830e9ddf75cc8fa95b1a9499baacbd2a3,artifact/results/raw/base64_state/recovery_break/gcc_o0.out,22a180a902687cdd882d23fdce26cf183b5044a039199d1108b5929c1f35e9c1,artifact/results/raw/base64_state/recovery_break/gcc_o0.s,a59004ffa6f00b5bff1ae09767b08a05737dede24325eead338f9244eb26fc6b,artifact/results/independent_recheck.json,EXECUTED,"65,536 ordered byte-pair cases; retained output and assembly bound to certificate."
FINITE-base64_state-recovery_break-gcc-O2,FINITE_EXHAUSTIVE_COMPILER_CELL,base64_state,recovery_break,gcc,-O2,gcc -std=c11 -Wall -Wextra -Werror -O2 artifact/benchmark/generated/base64_state/recovery_break/kernel.c -o artifact/results/raw/base64_state/recovery_break/gcc_o2,gcc (Debian 14.2.0-19) 14.2.0,source=5b95259e249423616412eb5c16cbd85931d5e4c1254a175c47f24b7701aaa284;reference=22a180a902687cdd882d23fdce26cf183b5044a039199d1108b5929c1f35e9c1;manifest=087fe2b44d068303621fdb492fbe5f8830e9ddf75cc8fa95b1a9499baacbd2a3,artifact/results/raw/base64_state/recovery_break/gcc_o2.out,22a180a902687cdd882d23fdce26cf183b5044a039199d1108b5929c1f35e9c1,artifact/results/raw/base64_state/recovery_break/gcc_o2.s,13d4726c7efbe6e42e5f0b19769c2bb980a78a6126c1ffec9fcada47bbe37f6b,artifact/results/independent_recheck.json,EXECUTED,"65,536 ordered byte-pair cases; retained output and assembly bound to certificate."
FINITE-base64_state-recovery_break-clang-O0,FINITE_EXHAUSTIVE_COMPILER_CELL,base64_state,recovery_break,clang,-O0,clang -std=c11 -Wall -Wextra -Werror -O0 artifact/benchmark/generated/base64_state/recovery_break/kernel.c -o artifact/results/raw/base64_state/recovery_break/clang_o0,clang version 17.0.0 (https://github.com/swiftlang/llvm-project.git 10999b6d034fe318f3d56c83bddb6572593a8bb0),source=5b95259e249423616412eb5c16cbd85931d5e4c1254a175c47f24b7701aaa284;reference=22a180a902687cdd882d23fdce26cf183b5044a039199d1108b5929c1f35e9c1;manifest=087fe2b44d068303621fdb492fbe5f8830e9ddf75cc8fa95b1a9499baacbd2a3,artifact/results/raw/base64_state/recovery_break/clang_o0.out,22a180a902687cdd882d23fdce26cf183b5044a039199d1108b5929c1f35e9c1,artifact/results/raw/base64_state/recovery_break/clang_o0.s,6ce8bc13dd2fe8b7f5c85390aceef832d52d4e99dce4b22d93f5425409b713bb,artifact/results/independent_recheck.json,EXECUTED,"65,536 ordered byte-pair cases; retained output and assembly bound to certificate."
FINITE-base64_state-recovery_break-clang-O2,FINITE_EXHAUSTIVE_COMPILER_CELL,base64_state,recovery_break,clang,-O2,clang -std=c11 -Wall -Wextra -Werror -O2 artifact/benchmark/generated/base64_state/recovery_break/kernel.c -o artifact/results/raw/base64_state/recovery_break/clang_o2,clang version 17.0.0 (https://github.com/swiftlang/llvm-project.git 10999b6d034fe318f3d56c83bddb6572593a8bb0),source=5b95259e249423616412eb5c16cbd85931d5e4c1254a175c47f24b7701aaa284;reference=22a180a902687cdd882d23fdce26cf183b5044a039199d1108b5929c1f35e9c1;manifest=087fe2b44d068303621fdb492fbe5f8830e9ddf75cc8fa95b1a9499baacbd2a3,artifact/results/raw/base64_state/recovery_break/clang_o2.out,22a180a902687cdd882d23fdce26cf183b5044a039199d1108b5929c1f35e9c1,artifact/results/raw/base64_state/recovery_break/clang_o2.s,38977b41929da9d925bc8d0e86134cdf6c2ae6e2f773f6bd669f44e37a331e54,artifact/results/independent_recheck.json,EXECUTED,"65,536 ordered byte-pair cases; retained output and assembly bound to certificate."
FINITE-base64_state-reseed-gcc-O0,FINITE_EXHAUSTIVE_COMPILER_CELL,base64_state,reseed,gcc,-O0,gcc -std=c11 -Wall -Wextra -Werror -O0 artifact/benchmark/generated/base64_state/reseed/kernel.c -o artifact/results/raw/base64_state/reseed/gcc_o0,gcc (Debian 14.2.0-19) 14.2.0,source=325ecc4a4d5af3c5b33ccb126a56ed4a78553d4e28080480c8df354a24934fee;reference=22a180a902687cdd882d23fdce26cf183b5044a039199d1108b5929c1f35e9c1;manifest=a2a07574ea1a4dc88838a11a4739c8c65caaf493942980a6fe4f3ae70e119ccb,artifact/results/raw/base64_state/reseed/gcc_o0.out,22a180a902687cdd882d23fdce26cf183b5044a039199d1108b5929c1f35e9c1,artifact/results/raw/base64_state/reseed/gcc_o0.s,8eb9bfe95c303cd85387ad60400f623efe3cfd6cb10202d17722b1d01a7bbd44,artifact/results/independent_recheck.json,EXECUTED,"65,536 ordered byte-pair cases; retained output and assembly bound to certificate."
FINITE-base64_state-reseed-gcc-O2,FINITE_EXHAUSTIVE_COMPILER_CELL,base64_state,reseed,gcc,-O2,gcc -std=c11 -Wall -Wextra -Werror -O2 artifact/benchmark/generated/base64_state/reseed/kernel.c -o artifact/results/raw/base64_state/reseed/gcc_o2,gcc (Debian 14.2.0-19) 14.2.0,source=325ecc4a4d5af3c5b33ccb126a56ed4a78553d4e28080480c8df354a24934fee;reference=22a180a902687cdd882d23fdce26cf183b5044a039199d1108b5929c1f35e9c1;manifest=a2a07574ea1a4dc88838a11a4739c8c65caaf493942980a6fe4f3ae70e119ccb,artifact/results/raw/base64_state/reseed/gcc_o2.out,22a180a902687cdd882d23fdce26cf183b5044a039199d1108b5929c1f35e9c1,artifact/results/raw/base64_state/reseed/gcc_o2.s,cf333e5a37ceccbf9ef01377fc2743a5350c983c76468891cdda8d0ec4be5841,artifact/results/independent_recheck.json,EXECUTED,"65,536 ordered byte-pair cases; retained output and assembly bound to certificate."
FINITE-base64_state-reseed-clang-O0,FINITE_EXHAUSTIVE_COMPILER_CELL,base64_state,reseed,clang,-O0,clang -std=c11 -Wall -Wextra -Werror -O0 artifact/benchmark/generated/base64_state/reseed/kernel.c -o artifact/results/raw/base64_state/reseed/clang_o0,clang version 17.0.0 (https://github.com/swiftlang/llvm-project.git 10999b6d034fe318f3d56c83bddb6572593a8bb0),source=325ecc4a4d5af3c5b33ccb126a56ed4a78553d4e28080480c8df354a24934fee;reference=22a180a902687cdd882d23fdce26cf183b5044a039199d1108b5929c1f35e9c1;manifest=a2a07574ea1a4dc88838a11a4739c8c65caaf493942980a6fe4f3ae70e119ccb,artifact/results/raw/base64_state/reseed/clang_o0.out,22a180a902687cdd882d23fdce26cf183b5044a039199d1108b5929c1f35e9c1,artifact/results/raw/base64_state/reseed/clang_o0.s,41f9adc11298c5d5fee51c3ecfd944aa5105f3509932ae7debee4a3cc47e7ba5,artifact/results/independent_recheck.json,EXECUTED,"65,536 ordered byte-pair cases; retained output and assembly bound to certificate."
FINITE-base64_state-reseed-clang-O2,FINITE_EXHAUSTIVE_COMPILER_CELL,base64_state,reseed,clang,-O2,clang -std=c11 -Wall -Wextra -Werror -O2 artifact/benchmark/generated/base64_state/reseed/kernel.c -o artifact/results/raw/base64_state/reseed/clang_o2,clang version 17.0.0 (https://github.com/swiftlang/llvm-project.git 10999b6d034fe318f3d56c83bddb6572593a8bb0),source=325ecc4a4d5af3c5b33ccb126a56ed4a78553d4e28080480c8df354a24934fee;reference=22a180a902687cdd882d23fdce26cf183b5044a039199d1108b5929c1f35e9c1;manifest=a2a07574ea1a4dc88838a11a4739c8c65caaf493942980a6fe4f3ae70e119ccb,artifact/results/raw/base64_state/reseed/clang_o2.out,22a180a902687cdd882d23fdce26cf183b5044a039199d1108b5929c1f35e9c1,artifact/results/raw/base64_state/reseed/clang_o2.s,38977b41929da9d925bc8d0e86134cdf6c2ae6e2f773f6bd669f44e37a331e54,artifact/results/independent_recheck.json,EXECUTED,"65,536 ordered byte-pair cases; retained output and assembly bound to certificate."
FINITE-base64_state-behavior_drift-gcc-O0,FINITE_EXHAUSTIVE_COMPILER_CELL,base64_state,behavior_drift,gcc,-O0,gcc -std=c11 -Wall -Wextra -Werror -O0 artifact/benchmark/generated/base64_state/behavior_drift/kernel.c -o artifact/results/raw/base64_state/behavior_drift/gcc_o0,gcc (Debian 14.2.0-19) 14.2.0,source=018628ea874119005895c75aa41c89e4e760b0ae6b446abf603ccc93a435bc17;reference=22a180a902687cdd882d23fdce26cf183b5044a039199d1108b5929c1f35e9c1;manifest=087fe2b44d068303621fdb492fbe5f8830e9ddf75cc8fa95b1a9499baacbd2a3,artifact/results/raw/base64_state/behavior_drift/gcc_o0.out,d266482c49e7f6e43d2508738488565a4f92d532e7451f40a38f26dc002c8530,artifact/results/raw/base64_state/behavior_drift/gcc_o0.s,e1f5c8346fcf2d481fa76ce8babad9b19ad7831943c3f545c1307a25d06e0115,artifact/results/independent_recheck.json,EXECUTED,"65,536 ordered byte-pair cases; retained output and assembly bound to certificate."
FINITE-base64_state-behavior_drift-gcc-O2,FINITE_EXHAUSTIVE_COMPILER_CELL,base64_state,behavior_drift,gcc,-O2,gcc -std=c11 -Wall -Wextra -Werror -O2 artifact/benchmark/generated/base64_state/behavior_drift/kernel.c -o artifact/results/raw/base64_state/behavior_drift/gcc_o2,gcc (Debian 14.2.0-19) 14.2.0,source=018628ea874119005895c75aa41c89e4e760b0ae6b446abf603ccc93a435bc17;reference=22a180a902687cdd882d23fdce26cf183b5044a039199d1108b5929c1f35e9c1;manifest=087fe2b44d068303621fdb492fbe5f8830e9ddf75cc8fa95b1a9499baacbd2a3,artifact/results/raw/base64_state/behavior_drift/gcc_o2.out,d266482c49e7f6e43d2508738488565a4f92d532e7451f40a38f26dc002c8530,artifact/results/raw/base64_state/behavior_drift/gcc_o2.s,430850991298b23f5f1179c16499a04b173289fa593682f068e37f972b98eaab,artifact/results/independent_recheck.json,EXECUTED,"65,536 ordered byte-pair cases; retained output and assembly bound to certificate."
FINITE-base64_state-behavior_drift-clang-O0,FINITE_EXHAUSTIVE_COMPILER_CELL,base64_state,behavior_drift,clang,-O0,clang -std=c11 -Wall -Wextra -Werror -O0 artifact/benchmark/generated/base64_state/behavior_drift/kernel.c -o artifact/results/raw/base64_state/behavior_drift/clang_o0,clang version 17.0.0 (https://github.com/swiftlang/llvm-project.git 10999b6d034fe318f3d56c83bddb6572593a8bb0),source=018628ea874119005895c75aa41c89e4e760b0ae6b446abf603ccc93a435bc17;reference=22a180a902687cdd882d23fdce26cf183b5044a039199d1108b5929c1f35e9c1;manifest=087fe2b44d068303621fdb492fbe5f8830e9ddf75cc8fa95b1a9499baacbd2a3,artifact/results/raw/base64_state/behavior_drift/clang_o0.out,d266482c49e7f6e43d2508738488565a4f92d532e7451f40a38f26dc002c8530,artifact/results/raw/base64_state/behavior_drift/clang_o0.s,3dcee1f802bf30f1675542e813dbbefdfbbcc148a4a1b3265efed8b83f74d18c,artifact/results/independent_recheck.json,EXECUTED,"65,536 ordered byte-pair cases; retained output and assembly bound to certificate."
FINITE-base64_state-behavior_drift-clang-O2,FINITE_EXHAUSTIVE_COMPILER_CELL,base64_state,behavior_drift,clang,-O2,clang -std=c11 -Wall -Wextra -Werror -O2 artifact/benchmark/generated/base64_state/behavior_drift/kernel.c -o artifact/results/raw/base64_state/behavior_drift/clang_o2,clang version 17.0.0 (https://github.com/swiftlang/llvm-project.git 10999b6d034fe318f3d56c83bddb6572593a8bb0),source=018628ea874119005895c75aa41c89e4e760b0ae6b446abf603ccc93a435bc17;reference=22a180a902687cdd882d23fdce26cf183b5044a039199d1108b5929c1f35e9c1;manifest=087fe2b44d068303621fdb492fbe5f8830e9ddf75cc8fa95b1a9499baacbd2a3,artifact/results/raw/base64_state/behavior_drift/clang_o2.out,d266482c49e7f6e43d2508738488565a4f92d532e7451f40a38f26dc002c8530,artifact/results/raw/base64_state/behavior_drift/clang_o2.s,caabf1b10209ff6738177341bf7a3f2a461e185fabaa823f504db9e29318921e,artifact/results/independent_recheck.json,EXECUTED,"65,536 ordered byte-pair cases; retained output and assembly bound to certificate."
FINITE-luhn_state-baseline-gcc-O0,FINITE_EXHAUSTIVE_COMPILER_CELL,luhn_state,baseline,gcc,-O0,gcc -std=c11 -Wall -Wextra -Werror -O0 artifact/benchmark/generated/luhn_state/baseline/kernel.c -o artifact/results/raw/luhn_state/baseline/gcc_o0,gcc (Debian 14.2.0-19) 14.2.0,source=9267b90d4968ade16bce0f37fa1ddc401edfc87407c84185071e5fdd71075cc7;reference=341fdfe4c5a25356d09d3295f97647188ba779d283bcf8bf4da0c2d071bd5e39;manifest=224b78df64f888204d3164c23d7a350be920519d61d2825dd09bbcf4c9fe435a,artifact/results/raw/luhn_state/baseline/gcc_o0.out,341fdfe4c5a25356d09d3295f97647188ba779d283bcf8bf4da0c2d071bd5e39,artifact/results/raw/luhn_state/baseline/gcc_o0.s,ba3d3c934b77ff4f359de189060dd92bf8f9a9545e8f7e1581b72797ea12e518,artifact/results/independent_recheck.json,EXECUTED,"65,536 ordered byte-pair cases; retained output and assembly bound to certificate."
FINITE-luhn_state-baseline-gcc-O2,FINITE_EXHAUSTIVE_COMPILER_CELL,luhn_state,baseline,gcc,-O2,gcc -std=c11 -Wall -Wextra -Werror -O2 artifact/benchmark/generated/luhn_state/baseline/kernel.c -o artifact/results/raw/luhn_state/baseline/gcc_o2,gcc (Debian 14.2.0-19) 14.2.0,source=9267b90d4968ade16bce0f37fa1ddc401edfc87407c84185071e5fdd71075cc7;reference=341fdfe4c5a25356d09d3295f97647188ba779d283bcf8bf4da0c2d071bd5e39;manifest=224b78df64f888204d3164c23d7a350be920519d61d2825dd09bbcf4c9fe435a,artifact/results/raw/luhn_state/baseline/gcc_o2.out,341fdfe4c5a25356d09d3295f97647188ba779d283bcf8bf4da0c2d071bd5e39,artifact/results/raw/luhn_state/baseline/gcc_o2.s,229b3af37a370c809e9c33a7ea3cd35e97e900b43bdff3efba160e86063cf944,artifact/results/independent_recheck.json,EXECUTED,"65,536 ordered byte-pair cases; retained output and assembly bound to certificate."
FINITE-luhn_state-baseline-clang-O0,FINITE_EXHAUSTIVE_COMPILER_CELL,luhn_state,baseline,clang,-O0,clang -std=c11 -Wall -Wextra -Werror -O0 artifact/benchmark/generated/luhn_state/baseline/kernel.c -o artifact/results/raw/luhn_state/baseline/clang_o0,clang version 17.0.0 (https://github.com/swiftlang/llvm-project.git 10999b6d034fe318f3d56c83bddb6572593a8bb0),source=9267b90d4968ade16bce0f37fa1ddc401edfc87407c84185071e5fdd71075cc7;reference=341fdfe4c5a25356d09d3295f97647188ba779d283bcf8bf4da0c2d071bd5e39;manifest=224b78df64f888204d3164c23d7a350be920519d61d2825dd09bbcf4c9fe435a,artifact/results/raw/luhn_state/baseline/clang_o0.out,341fdfe4c5a25356d09d3295f97647188ba779d283bcf8bf4da0c2d071bd5e39,artifact/results/raw/luhn_state/baseline/clang_o0.s,e35413ae4585ceadd7caa806be398b1d70513b8550305d17f6284dc03c562bf1,artifact/results/independent_recheck.json,EXECUTED,"65,536 ordered byte-pair cases; retained output and assembly bound to certificate."
FINITE-luhn_state-baseline-clang-O2,FINITE_EXHAUSTIVE_COMPILER_CELL,luhn_state,baseline,clang,-O2,clang -std=c11 -Wall -Wextra -Werror -O2 artifact/benchmark/generated/luhn_state/baseline/kernel.c -o artifact/results/raw/luhn_state/baseline/clang_o2,clang version 17.0.0 (https://github.com/swiftlang/llvm-project.git 10999b6d034fe318f3d56c83bddb6572593a8bb0),source=9267b90d4968ade16bce0f37fa1ddc401edfc87407c84185071e5fdd71075cc7;reference=341fdfe4c5a25356d09d3295f97647188ba779d283bcf8bf4da0c2d071bd5e39;manifest=224b78df64f888204d3164c23d7a350be920519d61d2825dd09bbcf4c9fe435a,artifact/results/raw/luhn_state/baseline/clang_o2.out,341fdfe4c5a25356d09d3295f97647188ba779d283bcf8bf4da0c2d071bd5e39,artifact/results/raw/luhn_state/baseline/clang_o2.s,d7f008375964194446d766d7ecf98c9ea2a1cd11c256c2c9cef5f4aa62a78c9c,artifact/results/independent_recheck.json,EXECUTED,"65,536 ordered byte-pair cases; retained output and assembly bound to certificate."
FINITE-luhn_state-rename-gcc-O0,FINITE_EXHAUSTIVE_COMPILER_CELL,luhn_state,rename,gcc,-O0,gcc -std=c11 -Wall -Wextra -Werror -O0 artifact/benchmark/generated/luhn_state/rename/kernel.c -o artifact/results/raw/luhn_state/rename/gcc_o0,gcc (Debian 14.2.0-19) 14.2.0,source=5627044e12ee20e3cc94e13362e5f1fb457e155162841a1760a5ac200d276d5b;reference=341fdfe4c5a25356d09d3295f97647188ba779d283bcf8bf4da0c2d071bd5e39;manifest=224b78df64f888204d3164c23d7a350be920519d61d2825dd09bbcf4c9fe435a,artifact/results/raw/luhn_state/rename/gcc_o0.out,341fdfe4c5a25356d09d3295f97647188ba779d283bcf8bf4da0c2d071bd5e39,artifact/results/raw/luhn_state/rename/gcc_o0.s,ba3d3c934b77ff4f359de189060dd92bf8f9a9545e8f7e1581b72797ea12e518,artifact/results/independent_recheck.json,EXECUTED,"65,536 ordered byte-pair cases; retained output and assembly bound to certificate."
FINITE-luhn_state-rename-gcc-O2,FINITE_EXHAUSTIVE_COMPILER_CELL,luhn_state,rename,gcc,-O2,gcc -std=c11 -Wall -Wextra -Werror -O2 artifact/benchmark/generated/luhn_state/rename/kernel.c -o artifact/results/raw/luhn_state/rename/gcc_o2,gcc (Debian 14.2.0-19) 14.2.0,source=5627044e12ee20e3cc94e13362e5f1fb457e155162841a1760a5ac200d276d5b;reference=341fdfe4c5a25356d09d3295f97647188ba779d283bcf8bf4da0c2d071bd5e39;manifest=224b78df64f888204d3164c23d7a350be920519d61d2825dd09bbcf4c9fe435a,artifact/results/raw/luhn_state/rename/gcc_o2.out,341fdfe4c5a25356d09d3295f97647188ba779d283bcf8bf4da0c2d071bd5e39,artifact/results/raw/luhn_state/rename/gcc_o2.s,229b3af37a370c809e9c33a7ea3cd35e97e900b43bdff3efba160e86063cf944,artifact/results/independent_recheck.json,EXECUTED,"65,536 ordered byte-pair cases; retained output and assembly bound to certificate."
FINITE-luhn_state-rename-clang-O0,FINITE_EXHAUSTIVE_COMPILER_CELL,luhn_state,rename,clang,-O0,clang -std=c11 -Wall -Wextra -Werror -O0 artifact/benchmark/generated/luhn_state/rename/kernel.c -o artifact/results/raw/luhn_state/rename/clang_o0,clang version 17.0.0 (https://github.com/swiftlang/llvm-project.git 10999b6d034fe318f3d56c83bddb6572593a8bb0),source=5627044e12ee20e3cc94e13362e5f1fb457e155162841a1760a5ac200d276d5b;reference=341fdfe4c5a25356d09d3295f97647188ba779d283bcf8bf4da0c2d071bd5e39;manifest=224b78df64f888204d3164c23d7a350be920519d61d2825dd09bbcf4c9fe435a,artifact/results/raw/luhn_state/rename/clang_o0.out,341fdfe4c5a25356d09d3295f97647188ba779d283bcf8bf4da0c2d071bd5e39,artifact/results/raw/luhn_state/rename/clang_o0.s,e35413ae4585ceadd7caa806be398b1d70513b8550305d17f6284dc03c562bf1,artifact/results/independent_recheck.json,EXECUTED,"65,536 ordered byte-pair cases; retained output and assembly bound to certificate."
FINITE-luhn_state-rename-clang-O2,FINITE_EXHAUSTIVE_COMPILER_CELL,luhn_state,rename,clang,-O2,clang -std=c11 -Wall -Wextra -Werror -O2 artifact/benchmark/generated/luhn_state/rename/kernel.c -o artifact/results/raw/luhn_state/rename/clang_o2,clang version 17.0.0 (https://github.com/swiftlang/llvm-project.git 10999b6d034fe318f3d56c83bddb6572593a8bb0),source=5627044e12ee20e3cc94e13362e5f1fb457e155162841a1760a5ac200d276d5b;reference=341fdfe4c5a25356d09d3295f97647188ba779d283bcf8bf4da0c2d071bd5e39;manifest=224b78df64f888204d3164c23d7a350be920519d61d2825dd09bbcf4c9fe435a,artifact/results/raw/luhn_state/rename/clang_o2.out,341fdfe4c5a25356d09d3295f97647188ba779d283bcf8bf4da0c2d071bd5e39,artifact/results/raw/luhn_state/rename/clang_o2.s,d7f008375964194446d766d7ecf98c9ea2a1cd11c256c2c9cef5f4aa62a78c9c,artifact/results/independent_recheck.json,EXECUTED,"65,536 ordered byte-pair cases; retained output and assembly bound to certificate."
FINITE-luhn_state-reorder-gcc-O0,FINITE_EXHAUSTIVE_COMPILER_CELL,luhn_state,reorder,gcc,-O0,gcc -std=c11 -Wall -Wextra -Werror -O0 artifact/benchmark/generated/luhn_state/reorder/kernel.c -o artifact/results/raw/luhn_state/reorder/gcc_o0,gcc (Debian 14.2.0-19) 14.2.0,source=d0f023966d983f1251c05920b5eb811695a525bfea4aa5e615651d1618072a82;reference=341fdfe4c5a25356d09d3295f97647188ba779d283bcf8bf4da0c2d071bd5e39;manifest=224b78df64f888204d3164c23d7a350be920519d61d2825dd09bbcf4c9fe435a,artifact/results/raw/luhn_state/reorder/gcc_o0.out,341fdfe4c5a25356d09d3295f97647188ba779d283bcf8bf4da0c2d071bd5e39,artifact/results/raw/luhn_state/reorder/gcc_o0.s,ba3d3c934b77ff4f359de189060dd92bf8f9a9545e8f7e1581b72797ea12e518,artifact/results/independent_recheck.json,EXECUTED,"65,536 ordered byte-pair cases; retained output and assembly bound to certificate."
FINITE-luhn_state-reorder-gcc-O2,FINITE_EXHAUSTIVE_COMPILER_CELL,luhn_state,reorder,gcc,-O2,gcc -std=c11 -Wall -Wextra -Werror -O2 artifact/benchmark/generated/luhn_state/reorder/kernel.c -o artifact/results/raw/luhn_state/reorder/gcc_o2,gcc (Debian 14.2.0-19) 14.2.0,source=d0f023966d983f1251c05920b5eb811695a525bfea4aa5e615651d1618072a82;reference=341fdfe4c5a25356d09d3295f97647188ba779d283bcf8bf4da0c2d071bd5e39;manifest=224b78df64f888204d3164c23d7a350be920519d61d2825dd09bbcf4c9fe435a,artifact/results/raw/luhn_state/reorder/gcc_o2.out,341fdfe4c5a25356d09d3295f97647188ba779d283bcf8bf4da0c2d071bd5e39,artifact/results/raw/luhn_state/reorder/gcc_o2.s,229b3af37a370c809e9c33a7ea3cd35e97e900b43bdff3efba160e86063cf944,artifact/results/independent_recheck.json,EXECUTED,"65,536 ordered byte-pair cases; retained output and assembly bound to certificate."
FINITE-luhn_state-reorder-clang-O0,FINITE_EXHAUSTIVE_COMPILER_CELL,luhn_state,reorder,clang,-O0,clang -std=c11 -Wall -Wextra -Werror -O0 artifact/benchmark/generated/luhn_state/reorder/kernel.c -o artifact/results/raw/luhn_state/reorder/clang_o0,clang version 17.0.0 (https://github.com/swiftlang/llvm-project.git 10999b6d034fe318f3d56c83bddb6572593a8bb0),source=d0f023966d983f1251c05920b5eb811695a525bfea4aa5e615651d1618072a82;reference=341fdfe4c5a25356d09d3295f97647188ba779d283bcf8bf4da0c2d071bd5e39;manifest=224b78df64f888204d3164c23d7a350be920519d61d2825dd09bbcf4c9fe435a,artifact/results/raw/luhn_state/reorder/clang_o0.out,341fdfe4c5a25356d09d3295f97647188ba779d283bcf8bf4da0c2d071bd5e39,artifact/results/raw/luhn_state/reorder/clang_o0.s,d7f3cc8edf51dc50a83fabac85aeb9bfabf3339398698a8a97b151ade27fc222,artifact/results/independent_recheck.json,EXECUTED,"65,536 ordered byte-pair cases; retained output and assembly bound to certificate."
FINITE-luhn_state-reorder-clang-O2,FINITE_EXHAUSTIVE_COMPILER_CELL,luhn_state,reorder,clang,-O2,clang -std=c11 -Wall -Wextra -Werror -O2 artifact/benchmark/generated/luhn_state/reorder/kernel.c -o artifact/results/raw/luhn_state/reorder/clang_o2,clang version 17.0.0 (https://github.com/swiftlang/llvm-project.git 10999b6d034fe318f3d56c83bddb6572593a8bb0),source=d0f023966d983f1251c05920b5eb811695a525bfea4aa5e615651d1618072a82;reference=341fdfe4c5a25356d09d3295f97647188ba779d283bcf8bf4da0c2d071bd5e39;manifest=224b78df64f888204d3164c23d7a350be920519d61d2825dd09bbcf4c9fe435a,artifact/results/raw/luhn_state/reorder/clang_o2.out,341fdfe4c5a25356d09d3295f97647188ba779d283bcf8bf4da0c2d071bd5e39,artifact/results/raw/luhn_state/reorder/clang_o2.s,d7f008375964194446d766d7ecf98c9ea2a1cd11c256c2c9cef5f4aa62a78c9c,artifact/results/independent_recheck.json,EXECUTED,"65,536 ordered byte-pair cases; retained output and assembly bound to certificate."
FINITE-luhn_state-extract-gcc-O0,FINITE_EXHAUSTIVE_COMPILER_CELL,luhn_state,extract,gcc,-O0,gcc -std=c11 -Wall -Wextra -Werror -O0 artifact/benchmark/generated/luhn_state/extract/kernel.c -o artifact/results/raw/luhn_state/extract/gcc_o0,gcc (Debian 14.2.0-19) 14.2.0,source=54edd6a882a7f2504f9190e5fdf871f52e220f32d51b7c2a133c372d9fc4ccf2;reference=341fdfe4c5a25356d09d3295f97647188ba779d283bcf8bf4da0c2d071bd5e39;manifest=224b78df64f888204d3164c23d7a350be920519d61d2825dd09bbcf4c9fe435a,artifact/results/raw/luhn_state/extract/gcc_o0.out,341fdfe4c5a25356d09d3295f97647188ba779d283bcf8bf4da0c2d071bd5e39,artifact/results/raw/luhn_state/extract/gcc_o0.s,e90840931502bc59a588e1c4f1119c42edf591c891e602661d48a98ee8077088,artifact/results/independent_recheck.json,EXECUTED,"65,536 ordered byte-pair cases; retained output and assembly bound to certificate."
FINITE-luhn_state-extract-gcc-O2,FINITE_EXHAUSTIVE_COMPILER_CELL,luhn_state,extract,gcc,-O2,gcc -std=c11 -Wall -Wextra -Werror -O2 artifact/benchmark/generated/luhn_state/extract/kernel.c -o artifact/results/raw/luhn_state/extract/gcc_o2,gcc (Debian 14.2.0-19) 14.2.0,source=54edd6a882a7f2504f9190e5fdf871f52e220f32d51b7c2a133c372d9fc4ccf2;reference=341fdfe4c5a25356d09d3295f97647188ba779d283bcf8bf4da0c2d071bd5e39;manifest=224b78df64f888204d3164c23d7a350be920519d61d2825dd09bbcf4c9fe435a,artifact/results/raw/luhn_state/extract/gcc_o2.out,341fdfe4c5a25356d09d3295f97647188ba779d283bcf8bf4da0c2d071bd5e39,artifact/results/raw/luhn_state/extract/gcc_o2.s,0a1c0c5815c79dd401deec19b90a9d360e474ab1812ffcfe76c5b0cacefb3a3a,artifact/results/independent_recheck.json,EXECUTED,"65,536 ordered byte-pair cases; retained output and assembly bound to certificate."
FINITE-luhn_state-extract-clang-O0,FINITE_EXHAUSTIVE_COMPILER_CELL,luhn_state,extract,clang,-O0,clang -std=c11 -Wall -Wextra -Werror -O0 artifact/benchmark/generated/luhn_state/extract/kernel.c -o artifact/results/raw/luhn_state/extract/clang_o0,clang version 17.0.0 (https://github.com/swiftlang/llvm-project.git 10999b6d034fe318f3d56c83bddb6572593a8bb0),source=54edd6a882a7f2504f9190e5fdf871f52e220f32d51b7c2a133c372d9fc4ccf2;reference=341fdfe4c5a25356d09d3295f97647188ba779d283bcf8bf4da0c2d071bd5e39;manifest=224b78df64f888204d3164c23d7a350be920519d61d2825dd09bbcf4c9fe435a,artifact/results/raw/luhn_state/extract/clang_o0.out,341fdfe4c5a25356d09d3295f97647188ba779d283bcf8bf4da0c2d071bd5e39,artifact/results/raw/luhn_state/extract/clang_o0.s,f08930e2681b75983c9c65d479f007c83ee79843b1e2be388d20484ca754b110,artifact/results/independent_recheck.json,EXECUTED,"65,536 ordered byte-pair cases; retained output and assembly bound to certificate."
FINITE-luhn_state-extract-clang-O2,FINITE_EXHAUSTIVE_COMPILER_CELL,luhn_state,extract,clang,-O2,clang -std=c11 -Wall -Wextra -Werror -O2 artifact/benchmark/generated/luhn_state/extract/kernel.c -o artifact/results/raw/luhn_state/extract/clang_o2,clang version 17.0.0 (https://github.com/swiftlang/llvm-project.git 10999b6d034fe318f3d56c83bddb6572593a8bb0),source=54edd6a882a7f2504f9190e5fdf871f52e220f32d51b7c2a133c372d9fc4ccf2;reference=341fdfe4c5a25356d09d3295f97647188ba779d283bcf8bf4da0c2d071bd5e39;manifest=224b78df64f888204d3164c23d7a350be920519d61d2825dd09bbcf4c9fe435a,artifact/results/raw/luhn_state/extract/clang_o2.out,341fdfe4c5a25356d09d3295f97647188ba779d283bcf8bf4da0c2d071bd5e39,artifact/results/raw/luhn_state/extract/clang_o2.s,d7f008375964194446d766d7ecf98c9ea2a1cd11c256c2c9cef5f4aa62a78c9c,artifact/results/independent_recheck.json,EXECUTED,"65,536 ordered byte-pair cases; retained output and assembly bound to certificate."
FINITE-luhn_state-dependency_upgrade-gcc-O0,FINITE_EXHAUSTIVE_COMPILER_CELL,luhn_state,dependency_upgrade,gcc,-O0,gcc -std=c11 -Wall -Wextra -Werror -O0 artifact/benchmark/generated/luhn_state/dependency_upgrade/kernel.c -o artifact/results/raw/luhn_state/dependency_upgrade/gcc_o0,gcc (Debian 14.2.0-19) 14.2.0,source=702c3bee543065fd91ec0aa42b9097c436c04ba2c0fd58dd25a2368200499e4a;reference=341fdfe4c5a25356d09d3295f97647188ba779d283bcf8bf4da0c2d071bd5e39;manifest=224b78df64f888204d3164c23d7a350be920519d61d2825dd09bbcf4c9fe435a,artifact/results/raw/luhn_state/dependency_upgrade/gcc_o0.out,341fdfe4c5a25356d09d3295f97647188ba779d283bcf8bf4da0c2d071bd5e39,artifact/results/raw/luhn_state/dependency_upgrade/gcc_o0.s,0edee412b03ec468f808f9575aba139245c94da0a728c1f34d46feafc7b855b4,artifact/results/independent_recheck.json,EXECUTED,"65,536 ordered byte-pair cases; retained output and assembly bound to certificate."
FINITE-luhn_state-dependency_upgrade-gcc-O2,FINITE_EXHAUSTIVE_COMPILER_CELL,luhn_state,dependency_upgrade,gcc,-O2,gcc -std=c11 -Wall -Wextra -Werror -O2 artifact/benchmark/generated/luhn_state/dependency_upgrade/kernel.c -o artifact/results/raw/luhn_state/dependency_upgrade/gcc_o2,gcc (Debian 14.2.0-19) 14.2.0,source=702c3bee543065fd91ec0aa42b9097c436c04ba2c0fd58dd25a2368200499e4a;reference=341fdfe4c5a25356d09d3295f97647188ba779d283bcf8bf4da0c2d071bd5e39;manifest=224b78df64f888204d3164c23d7a350be920519d61d2825dd09bbcf4c9fe435a,artifact/results/raw/luhn_state/dependency_upgrade/gcc_o2.out,341fdfe4c5a25356d09d3295f97647188ba779d283bcf8bf4da0c2d071bd5e39,artifact/results/raw/luhn_state/dependency_upgrade/gcc_o2.s,e9f1a978dadbff3235042e64583901c63098b306b14a13b028c9622ef9fc4d1c,artifact/results/independent_recheck.json,EXECUTED,"65,536 ordered byte-pair cases; retained output and assembly bound to certificate."
FINITE-luhn_state-dependency_upgrade-clang-O0,FINITE_EXHAUSTIVE_COMPILER_CELL,luhn_state,dependency_upgrade,clang,-O0,clang -std=c11 -Wall -Wextra -Werror -O0 artifact/benchmark/generated/luhn_state/dependency_upgrade/kernel.c -o artifact/results/raw/luhn_state/dependency_upgrade/clang_o0,clang version 17.0.0 (https://github.com/swiftlang/llvm-project.git 10999b6d034fe318f3d56c83bddb6572593a8bb0),source=702c3bee543065fd91ec0aa42b9097c436c04ba2c0fd58dd25a2368200499e4a;reference=341fdfe4c5a25356d09d3295f97647188ba779d283bcf8bf4da0c2d071bd5e39;manifest=224b78df64f888204d3164c23d7a350be920519d61d2825dd09bbcf4c9fe435a,artifact/results/raw/luhn_state/dependency_upgrade/clang_o0.out,341fdfe4c5a25356d09d3295f97647188ba779d283bcf8bf4da0c2d071bd5e39,artifact/results/raw/luhn_state/dependency_upgrade/clang_o0.s,a34dc245d6dad2adcf2a89038f128e1dbcae735f0b72cda7097f7c26a041624b,artifact/results/independent_recheck.json,EXECUTED,"65,536 ordered byte-pair cases; retained output and assembly bound to certificate."
FINITE-luhn_state-dependency_upgrade-clang-O2,FINITE_EXHAUSTIVE_COMPILER_CELL,luhn_state,dependency_upgrade,clang,-O2,clang -std=c11 -Wall -Wextra -Werror -O2 artifact/benchmark/generated/luhn_state/dependency_upgrade/kernel.c -o artifact/results/raw/luhn_state/dependency_upgrade/clang_o2,clang version 17.0.0 (https://github.com/swiftlang/llvm-project.git 10999b6d034fe318f3d56c83bddb6572593a8bb0),source=702c3bee543065fd91ec0aa42b9097c436c04ba2c0fd58dd25a2368200499e4a;reference=341fdfe4c5a25356d09d3295f97647188ba779d283bcf8bf4da0c2d071bd5e39;manifest=224b78df64f888204d3164c23d7a350be920519d61d2825dd09bbcf4c9fe435a,artifact/results/raw/luhn_state/dependency_upgrade/clang_o2.out,341fdfe4c5a25356d09d3295f97647188ba779d283bcf8bf4da0c2d071bd5e39,artifact/results/raw/luhn_state/dependency_upgrade/clang_o2.s,d7f008375964194446d766d7ecf98c9ea2a1cd11c256c2c9cef5f4aa62a78c9c,artifact/results/independent_recheck.json,EXECUTED,"65,536 ordered byte-pair cases; retained output and assembly bound to certificate."
FINITE-luhn_state-format-gcc-O0,FINITE_EXHAUSTIVE_COMPILER_CELL,luhn_state,format,gcc,-O0,gcc -std=c11 -Wall -Wextra -Werror -O0 artifact/benchmark/generated/luhn_state/format/kernel.c -o artifact/results/raw/luhn_state/format/gcc_o0,gcc (Debian 14.2.0-19) 14.2.0,source=c5d304c68ed5cd0fa7115ba31aa407b414593f84d9ab5e4488961a926d88923c;reference=341fdfe4c5a25356d09d3295f97647188ba779d283bcf8bf4da0c2d071bd5e39;manifest=224b78df64f888204d3164c23d7a350be920519d61d2825dd09bbcf4c9fe435a,artifact/results/raw/luhn_state/format/gcc_o0.out,341fdfe4c5a25356d09d3295f97647188ba779d283bcf8bf4da0c2d071bd5e39,artifact/results/raw/luhn_state/format/gcc_o0.s,0edee412b03ec468f808f9575aba139245c94da0a728c1f34d46feafc7b855b4,artifact/results/independent_recheck.json,EXECUTED,"65,536 ordered byte-pair cases; retained output and assembly bound to certificate."
FINITE-luhn_state-format-gcc-O2,FINITE_EXHAUSTIVE_COMPILER_CELL,luhn_state,format,gcc,-O2,gcc -std=c11 -Wall -Wextra -Werror -O2 artifact/benchmark/generated/luhn_state/format/kernel.c -o artifact/results/raw/luhn_state/format/gcc_o2,gcc (Debian 14.2.0-19) 14.2.0,source=c5d304c68ed5cd0fa7115ba31aa407b414593f84d9ab5e4488961a926d88923c;reference=341fdfe4c5a25356d09d3295f97647188ba779d283bcf8bf4da0c2d071bd5e39;manifest=224b78df64f888204d3164c23d7a350be920519d61d2825dd09bbcf4c9fe435a,artifact/results/raw/luhn_state/format/gcc_o2.out,341fdfe4c5a25356d09d3295f97647188ba779d283bcf8bf4da0c2d071bd5e39,artifact/results/raw/luhn_state/format/gcc_o2.s,e9f1a978dadbff3235042e64583901c63098b306b14a13b028c9622ef9fc4d1c,artifact/results/independent_recheck.json,EXECUTED,"65,536 ordered byte-pair cases; retained output and assembly bound to certificate."
FINITE-luhn_state-format-clang-O0,FINITE_EXHAUSTIVE_COMPILER_CELL,luhn_state,format,clang,-O0,clang -std=c11 -Wall -Wextra -Werror -O0 artifact/benchmark/generated/luhn_state/format/kernel.c -o artifact/results/raw/luhn_state/format/clang_o0,clang version 17.0.0 (https://github.com/swiftlang/llvm-project.git 10999b6d034fe318f3d56c83bddb6572593a8bb0),source=c5d304c68ed5cd0fa7115ba31aa407b414593f84d9ab5e4488961a926d88923c;reference=341fdfe4c5a25356d09d3295f97647188ba779d283bcf8bf4da0c2d071bd5e39;manifest=224b78df64f888204d3164c23d7a350be920519d61d2825dd09bbcf4c9fe435a,artifact/results/raw/luhn_state/format/clang_o0.out,341fdfe4c5a25356d09d3295f97647188ba779d283bcf8bf4da0c2d071bd5e39,artifact/results/raw/luhn_state/format/clang_o0.s,a34dc245d6dad2adcf2a89038f128e1dbcae735f0b72cda7097f7c26a041624b,artifact/results/independent_recheck.json,EXECUTED,"65,536 ordered byte-pair cases; retained output and assembly bound to certificate."
FINITE-luhn_state-format-clang-O2,FINITE_EXHAUSTIVE_COMPILER_CELL,luhn_state,format,clang,-O2,clang -std=c11 -Wall -Wextra -Werror -O2 artifact/benchmark/generated/luhn_state/format/kernel.c -o artifact/results/raw/luhn_state/format/clang_o2,clang version 17.0.0 (https://github.com/swiftlang/llvm-project.git 10999b6d034fe318f3d56c83bddb6572593a8bb0),source=c5d304c68ed5cd0fa7115ba31aa407b414593f84d9ab5e4488961a926d88923c;reference=341fdfe4c5a25356d09d3295f97647188ba779d283bcf8bf4da0c2d071bd5e39;manifest=224b78df64f888204d3164c23d7a350be920519d61d2825dd09bbcf4c9fe435a,artifact/results/raw/luhn_state/format/clang_o2.out,341fdfe4c5a25356d09d3295f97647188ba779d283bcf8bf4da0c2d071bd5e39,artifact/results/raw/luhn_state/format/clang_o2.s,d7f008375964194446d766d7ecf98c9ea2a1cd11c256c2c9cef5f4aa62a78c9c,artifact/results/independent_recheck.json,EXECUTED,"65,536 ordered byte-pair cases; retained output and assembly bound to certificate."
FINITE-luhn_state-erase_tolerable-gcc-O0,FINITE_EXHAUSTIVE_COMPILER_CELL,luhn_state,erase_tolerable,gcc,-O0,gcc -std=c11 -Wall -Wextra -Werror -O0 artifact/benchmark/generated/luhn_state/erase_tolerable/kernel.c -o artifact/results/raw/luhn_state/erase_tolerable/gcc_o0,gcc (Debian 14.2.0-19) 14.2.0,source=d72908f7edab68d2962ae886f63e15b8a4e6a26d3a627cf5c166a714b9d659d8;reference=341fdfe4c5a25356d09d3295f97647188ba779d283bcf8bf4da0c2d071bd5e39;manifest=224b78df64f888204d3164c23d7a350be920519d61d2825dd09bbcf4c9fe435a,artifact/results/raw/luhn_state/erase_tolerable/gcc_o0.out,341fdfe4c5a25356d09d3295f97647188ba779d283bcf8bf4da0c2d071bd5e39,artifact/results/raw/luhn_state/erase_tolerable/gcc_o0.s,cf6e8d8b4d961d6da7e9af52fbbcf6626e581032cc95561e1845fa35a57d4a89,artifact/results/independent_recheck.json,EXECUTED,"65,536 ordered byte-pair cases; retained output and assembly bound to certificate."
FINITE-luhn_state-erase_tolerable-gcc-O2,FINITE_EXHAUSTIVE_COMPILER_CELL,luhn_state,erase_tolerable,gcc,-O2,gcc -std=c11 -Wall -Wextra -Werror -O2 artifact/benchmark/generated/luhn_state/erase_tolerable/kernel.c -o artifact/results/raw/luhn_state/erase_tolerable/gcc_o2,gcc (Debian 14.2.0-19) 14.2.0,source=d72908f7edab68d2962ae886f63e15b8a4e6a26d3a627cf5c166a714b9d659d8;reference=341fdfe4c5a25356d09d3295f97647188ba779d283bcf8bf4da0c2d071bd5e39;manifest=224b78df64f888204d3164c23d7a350be920519d61d2825dd09bbcf4c9fe435a,artifact/results/raw/luhn_state/erase_tolerable/gcc_o2.out,341fdfe4c5a25356d09d3295f97647188ba779d283bcf8bf4da0c2d071bd5e39,artifact/results/raw/luhn_state/erase_tolerable/gcc_o2.s,8029a5d256c460e3d067939989fe5e02a833389e634da697301e85e190e85d93,artifact/results/independent_recheck.json,EXECUTED,"65,536 ordered byte-pair cases; retained output and assembly bound to certificate."
FINITE-luhn_state-erase_tolerable-clang-O0,FINITE_EXHAUSTIVE_COMPILER_CELL,luhn_state,erase_tolerable,clang,-O0,clang -std=c11 -Wall -Wextra -Werror -O0 artifact/benchmark/generated/luhn_state/erase_tolerable/kernel.c -o artifact/results/raw/luhn_state/erase_tolerable/clang_o0,clang version 17.0.0 (https://github.com/swiftlang/llvm-project.git 10999b6d034fe318f3d56c83bddb6572593a8bb0),source=d72908f7edab68d2962ae886f63e15b8a4e6a26d3a627cf5c166a714b9d659d8;reference=341fdfe4c5a25356d09d3295f97647188ba779d283bcf8bf4da0c2d071bd5e39;manifest=224b78df64f888204d3164c23d7a350be920519d61d2825dd09bbcf4c9fe435a,artifact/results/raw/luhn_state/erase_tolerable/clang_o0.out,341fdfe4c5a25356d09d3295f97647188ba779d283bcf8bf4da0c2d071bd5e39,artifact/results/raw/luhn_state/erase_tolerable/clang_o0.s,d3aea16268511c634ba9bbbb517c78bda1633692550694a0ebc4c96c7883106a,artifact/results/independent_recheck.json,EXECUTED,"65,536 ordered byte-pair cases; retained output and assembly bound to certificate."
FINITE-luhn_state-erase_tolerable-clang-O2,FINITE_EXHAUSTIVE_COMPILER_CELL,luhn_state,erase_tolerable,clang,-O2,clang -std=c11 -Wall -Wextra -Werror -O2 artifact/benchmark/generated/luhn_state/erase_tolerable/kernel.c -o artifact/results/raw/luhn_state/erase_tolerable/clang_o2,clang version 17.0.0 (https://github.com/swiftlang/llvm-project.git 10999b6d034fe318f3d56c83bddb6572593a8bb0),source=d72908f7edab68d2962ae886f63e15b8a4e6a26d3a627cf5c166a714b9d659d8;reference=341fdfe4c5a25356d09d3295f97647188ba779d283bcf8bf4da0c2d071bd5e39;manifest=224b78df64f888204d3164c23d7a350be920519d61d2825dd09bbcf4c9fe435a,artifact/results/raw/luhn_state/erase_tolerable/clang_o2.out,341fdfe4c5a25356d09d3295f97647188ba779d283bcf8bf4da0c2d071bd5e39,artifact/results/raw/luhn_state/erase_tolerable/clang_o2.s,d7f008375964194446d766d7ecf98c9ea2a1cd11c256c2c9cef5f4aa62a78c9c,artifact/results/independent_recheck.json,EXECUTED,"65,536 ordered byte-pair cases; retained output and assembly bound to certificate."
FINITE-luhn_state-merge_tolerable-gcc-O0,FINITE_EXHAUSTIVE_COMPILER_CELL,luhn_state,merge_tolerable,gcc,-O0,gcc -std=c11 -Wall -Wextra -Werror -O0 artifact/benchmark/generated/luhn_state/merge_tolerable/kernel.c -o artifact/results/raw/luhn_state/merge_tolerable/gcc_o0,gcc (Debian 14.2.0-19) 14.2.0,source=7ff46d6bc4342bbfcda6a4f67f2080f07c1b52f0cdc7436556e8427d6c416a60;reference=341fdfe4c5a25356d09d3295f97647188ba779d283bcf8bf4da0c2d071bd5e39;manifest=224b78df64f888204d3164c23d7a350be920519d61d2825dd09bbcf4c9fe435a,artifact/results/raw/luhn_state/merge_tolerable/gcc_o0.out,341fdfe4c5a25356d09d3295f97647188ba779d283bcf8bf4da0c2d071bd5e39,artifact/results/raw/luhn_state/merge_tolerable/gcc_o0.s,cf6e8d8b4d961d6da7e9af52fbbcf6626e581032cc95561e1845fa35a57d4a89,artifact/results/independent_recheck.json,EXECUTED,"65,536 ordered byte-pair cases; retained output and assembly bound to certificate."
FINITE-luhn_state-merge_tolerable-gcc-O2,FINITE_EXHAUSTIVE_COMPILER_CELL,luhn_state,merge_tolerable,gcc,-O2,gcc -std=c11 -Wall -Wextra -Werror -O2 artifact/benchmark/generated/luhn_state/merge_tolerable/kernel.c -o artifact/results/raw/luhn_state/merge_tolerable/gcc_o2,gcc (Debian 14.2.0-19) 14.2.0,source=7ff46d6bc4342bbfcda6a4f67f2080f07c1b52f0cdc7436556e8427d6c416a60;reference=341fdfe4c5a25356d09d3295f97647188ba779d283bcf8bf4da0c2d071bd5e39;manifest=224b78df64f888204d3164c23d7a350be920519d61d2825dd09bbcf4c9fe435a,artifact/results/raw/luhn_state/merge_tolerable/gcc_o2.out,341fdfe4c5a25356d09d3295f97647188ba779d283bcf8bf4da0c2d071bd5e39,artifact/results/raw/luhn_state/merge_tolerable/gcc_o2.s,8029a5d256c460e3d067939989fe5e02a833389e634da697301e85e190e85d93,artifact/results/independent_recheck.json,EXECUTED,"65,536 ordered byte-pair cases; retained output and assembly bound to certificate."
FINITE-luhn_state-merge_tolerable-clang-O0,FINITE_EXHAUSTIVE_COMPILER_CELL,luhn_state,merge_tolerable,clang,-O0,clang -std=c11 -Wall -Wextra -Werror -O0 artifact/benchmark/generated/luhn_state/merge_tolerable/kernel.c -o artifact/results/raw/luhn_state/merge_tolerable/clang_o0,clang version 17.0.0 (https://github.com/swiftlang/llvm-project.git 10999b6d034fe318f3d56c83bddb6572593a8bb0),source=7ff46d6bc4342bbfcda6a4f67f2080f07c1b52f0cdc7436556e8427d6c416a60;reference=341fdfe4c5a25356d09d3295f97647188ba779d283bcf8bf4da0c2d071bd5e39;manifest=224b78df64f888204d3164c23d7a350be920519d61d2825dd09bbcf4c9fe435a,artifact/results/raw/luhn_state/merge_tolerable/clang_o0.out,341fdfe4c5a25356d09d3295f97647188ba779d283bcf8bf4da0c2d071bd5e39,artifact/results/raw/luhn_state/merge_tolerable/clang_o0.s,d3aea16268511c634ba9bbbb517c78bda1633692550694a0ebc4c96c7883106a,artifact/results/independent_recheck.json,EXECUTED,"65,536 ordered byte-pair cases; retained output and assembly bound to certificate."
FINITE-luhn_state-merge_tolerable-clang-O2,FINITE_EXHAUSTIVE_COMPILER_CELL,luhn_state,merge_tolerable,clang,-O2,clang -std=c11 -Wall -Wextra -Werror -O2 artifact/benchmark/generated/luhn_state/merge_tolerable/kernel.c -o artifact/results/raw/luhn_state/merge_tolerable/clang_o2,clang version 17.0.0 (https://github.com/swiftlang/llvm-project.git 10999b6d034fe318f3d56c83bddb6572593a8bb0),source=7ff46d6bc4342bbfcda6a4f67f2080f07c1b52f0cdc7436556e8427d6c416a60;reference=341fdfe4c5a25356d09d3295f97647188ba779d283bcf8bf4da0c2d071bd5e39;manifest=224b78df64f888204d3164c23d7a350be920519d61d2825dd09bbcf4c9fe435a,artifact/results/raw/luhn_state/merge_tolerable/clang_o2.out,341fdfe4c5a25356d09d3295f97647188ba779d283bcf8bf4da0c2d071bd5e39,artifact/results/raw/luhn_state/merge_tolerable/clang_o2.s,d7f008375964194446d766d7ecf98c9ea2a1cd11c256c2c9cef5f4aa62a78c9c,artifact/results/independent_recheck.json,EXECUTED,"65,536 ordered byte-pair cases; retained output and assembly bound to certificate."
FINITE-luhn_state-flip_tolerable-gcc-O0,FINITE_EXHAUSTIVE_COMPILER_CELL,luhn_state,flip_tolerable,gcc,-O0,gcc -std=c11 -Wall -Wextra -Werror -O0 artifact/benchmark/generated/luhn_state/flip_tolerable/kernel.c -o artifact/results/raw/luhn_state/flip_tolerable/gcc_o0,gcc (Debian 14.2.0-19) 14.2.0,source=4367c9ba79accb8da03fc85c28f1728a26467f04cdb289210f143f596de69d21;reference=341fdfe4c5a25356d09d3295f97647188ba779d283bcf8bf4da0c2d071bd5e39;manifest=224b78df64f888204d3164c23d7a350be920519d61d2825dd09bbcf4c9fe435a,artifact/results/raw/luhn_state/flip_tolerable/gcc_o0.out,341fdfe4c5a25356d09d3295f97647188ba779d283bcf8bf4da0c2d071bd5e39,artifact/results/raw/luhn_state/flip_tolerable/gcc_o0.s,6e812e0fc920069c70c62056669d11391415bee82d022816d3fed083bc5b6952,artifact/results/independent_recheck.json,EXECUTED,"65,536 ordered byte-pair cases; retained output and assembly bound to certificate."
FINITE-luhn_state-flip_tolerable-gcc-O2,FINITE_EXHAUSTIVE_COMPILER_CELL,luhn_state,flip_tolerable,gcc,-O2,gcc -std=c11 -Wall -Wextra -Werror -O2 artifact/benchmark/generated/luhn_state/flip_tolerable/kernel.c -o artifact/results/raw/luhn_state/flip_tolerable/gcc_o2,gcc (Debian 14.2.0-19) 14.2.0,source=4367c9ba79accb8da03fc85c28f1728a26467f04cdb289210f143f596de69d21;reference=341fdfe4c5a25356d09d3295f97647188ba779d283bcf8bf4da0c2d071bd5e39;manifest=224b78df64f888204d3164c23d7a350be920519d61d2825dd09bbcf4c9fe435a,artifact/results/raw/luhn_state/flip_tolerable/gcc_o2.out,341fdfe4c5a25356d09d3295f97647188ba779d283bcf8bf4da0c2d071bd5e39,artifact/results/raw/luhn_state/flip_tolerable/gcc_o2.s,8029a5d256c460e3d067939989fe5e02a833389e634da697301e85e190e85d93,artifact/results/independent_recheck.json,EXECUTED,"65,536 ordered byte-pair cases; retained output and assembly bound to certificate."
FINITE-luhn_state-flip_tolerable-clang-O0,FINITE_EXHAUSTIVE_COMPILER_CELL,luhn_state,flip_tolerable,clang,-O0,clang -std=c11 -Wall -Wextra -Werror -O0 artifact/benchmark/generated/luhn_state/flip_tolerable/kernel.c -o artifact/results/raw/luhn_state/flip_tolerable/clang_o0,clang version 17.0.0 (https://github.com/swiftlang/llvm-project.git 10999b6d034fe318f3d56c83bddb6572593a8bb0),source=4367c9ba79accb8da03fc85c28f1728a26467f04cdb289210f143f596de69d21;reference=341fdfe4c5a25356d09d3295f97647188ba779d283bcf8bf4da0c2d071bd5e39;manifest=224b78df64f888204d3164c23d7a350be920519d61d2825dd09bbcf4c9fe435a,artifact/results/raw/luhn_state/flip_tolerable/clang_o0.out,341fdfe4c5a25356d09d3295f97647188ba779d283bcf8bf4da0c2d071bd5e39,artifact/results/raw/luhn_state/flip_tolerable/clang_o0.s,1da0ef815caa7353786082738d89dfb2554b8185ce16319fde220d7ce7dd1a76,artifact/results/independent_recheck.json,EXECUTED,"65,536 ordered byte-pair cases; retained output and assembly bound to certificate."
FINITE-luhn_state-flip_tolerable-clang-O2,FINITE_EXHAUSTIVE_COMPILER_CELL,luhn_state,flip_tolerable,clang,-O2,clang -std=c11 -Wall -Wextra -Werror -O2 artifact/benchmark/generated/luhn_state/flip_tolerable/kernel.c -o artifact/results/raw/luhn_state/flip_tolerable/clang_o2,clang version 17.0.0 (https://github.com/swiftlang/llvm-project.git 10999b6d034fe318f3d56c83bddb6572593a8bb0),source=4367c9ba79accb8da03fc85c28f1728a26467f04cdb289210f143f596de69d21;reference=341fdfe4c5a25356d09d3295f97647188ba779d283bcf8bf4da0c2d071bd5e39;manifest=224b78df64f888204d3164c23d7a350be920519d61d2825dd09bbcf4c9fe435a,artifact/results/raw/luhn_state/flip_tolerable/clang_o2.out,341fdfe4c5a25356d09d3295f97647188ba779d283bcf8bf4da0c2d071bd5e39,artifact/results/raw/luhn_state/flip_tolerable/clang_o2.s,d7f008375964194446d766d7ecf98c9ea2a1cd11c256c2c9cef5f4aa62a78c9c,artifact/results/independent_recheck.json,EXECUTED,"65,536 ordered byte-pair cases; retained output and assembly bound to certificate."
FINITE-luhn_state-recovery_break-gcc-O0,FINITE_EXHAUSTIVE_COMPILER_CELL,luhn_state,recovery_break,gcc,-O0,gcc -std=c11 -Wall -Wextra -Werror -O0 artifact/benchmark/generated/luhn_state/recovery_break/kernel.c -o artifact/results/raw/luhn_state/recovery_break/gcc_o0,gcc (Debian 14.2.0-19) 14.2.0,source=5d6533421061fd3d7f9e5bd0230c1c3754c5dcfaf083d4949dbe425bb058c982;reference=341fdfe4c5a25356d09d3295f97647188ba779d283bcf8bf4da0c2d071bd5e39;manifest=224b78df64f888204d3164c23d7a350be920519d61d2825dd09bbcf4c9fe435a,artifact/results/raw/luhn_state/recovery_break/gcc_o0.out,341fdfe4c5a25356d09d3295f97647188ba779d283bcf8bf4da0c2d071bd5e39,artifact/results/raw/luhn_state/recovery_break/gcc_o0.s,89daf948634a06df480eafa03c5fa6cd5c306da6ddf43bfbb2c863e51265a68c,artifact/results/independent_recheck.json,EXECUTED,"65,536 ordered byte-pair cases; retained output and assembly bound to certificate."
FINITE-luhn_state-recovery_break-gcc-O2,FINITE_EXHAUSTIVE_COMPILER_CELL,luhn_state,recovery_break,gcc,-O2,gcc -std=c11 -Wall -Wextra -Werror -O2 artifact/benchmark/generated/luhn_state/recovery_break/kernel.c -o artifact/results/raw/luhn_state/recovery_break/gcc_o2,gcc (Debian 14.2.0-19) 14.2.0,source=5d6533421061fd3d7f9e5bd0230c1c3754c5dcfaf083d4949dbe425bb058c982;reference=341fdfe4c5a25356d09d3295f97647188ba779d283bcf8bf4da0c2d071bd5e39;manifest=224b78df64f888204d3164c23d7a350be920519d61d2825dd09bbcf4c9fe435a,artifact/results/raw/luhn_state/recovery_break/gcc_o2.out,341fdfe4c5a25356d09d3295f97647188ba779d283bcf8bf4da0c2d071bd5e39,artifact/results/raw/luhn_state/recovery_break/gcc_o2.s,359a9176e2f8278791b45c6f97aec04a21014d19252bb70185f098fb41f9091c,artifact/results/independent_recheck.json,EXECUTED,"65,536 ordered byte-pair cases; retained output and assembly bound to certificate."
FINITE-luhn_state-recovery_break-clang-O0,FINITE_EXHAUSTIVE_COMPILER_CELL,luhn_state,recovery_break,clang,-O0,clang -std=c11 -Wall -Wextra -Werror -O0 artifact/benchmark/generated/luhn_state/recovery_break/kernel.c -o artifact/results/raw/luhn_state/recovery_break/clang_o0,clang version 17.0.0 (https://github.com/swiftlang/llvm-project.git 10999b6d034fe318f3d56c83bddb6572593a8bb0),source=5d6533421061fd3d7f9e5bd0230c1c3754c5dcfaf083d4949dbe425bb058c982;reference=341fdfe4c5a25356d09d3295f97647188ba779d283bcf8bf4da0c2d071bd5e39;manifest=224b78df64f888204d3164c23d7a350be920519d61d2825dd09bbcf4c9fe435a,artifact/results/raw/luhn_state/recovery_break/clang_o0.out,341fdfe4c5a25356d09d3295f97647188ba779d283bcf8bf4da0c2d071bd5e39,artifact/results/raw/luhn_state/recovery_break/clang_o0.s,1ac4731f0e47adc45e8e949f7cf1744645cd5436a132041cc8d78cee0cab8c96,artifact/results/independent_recheck.json,EXECUTED,"65,536 ordered byte-pair cases; retained output and assembly bound to certificate."
FINITE-luhn_state-recovery_break-clang-O2,FINITE_EXHAUSTIVE_COMPILER_CELL,luhn_state,recovery_break,clang,-O2,clang -std=c11 -Wall -Wextra -Werror -O2 artifact/benchmark/generated/luhn_state/recovery_break/kernel.c -o artifact/results/raw/luhn_state/recovery_break/clang_o2,clang version 17.0.0 (https://github.com/swiftlang/llvm-project.git 10999b6d034fe318f3d56c83bddb6572593a8bb0),source=5d6533421061fd3d7f9e5bd0230c1c3754c5dcfaf083d4949dbe425bb058c982;reference=341fdfe4c5a25356d09d3295f97647188ba779d283bcf8bf4da0c2d071bd5e39;manifest=224b78df64f888204d3164c23d7a350be920519d61d2825dd09bbcf4c9fe435a,artifact/results/raw/luhn_state/recovery_break/clang_o2.out,341fdfe4c5a25356d09d3295f97647188ba779d283bcf8bf4da0c2d071bd5e39,artifact/results/raw/luhn_state/recovery_break/clang_o2.s,d7f008375964194446d766d7ecf98c9ea2a1cd11c256c2c9cef5f4aa62a78c9c,artifact/results/independent_recheck.json,EXECUTED,"65,536 ordered byte-pair cases; retained output and assembly bound to certificate."
FINITE-luhn_state-reseed-gcc-O0,FINITE_EXHAUSTIVE_COMPILER_CELL,luhn_state,reseed,gcc,-O0,gcc -std=c11 -Wall -Wextra -Werror -O0 artifact/benchmark/generated/luhn_state/reseed/kernel.c -o artifact/results/raw/luhn_state/reseed/gcc_o0,gcc (Debian 14.2.0-19) 14.2.0,source=e05eb749a72a222fe3b509b0064cf19d28fc4d478fd27468c828ebd1dea90cf9;reference=341fdfe4c5a25356d09d3295f97647188ba779d283bcf8bf4da0c2d071bd5e39;manifest=a1eb9127e8c1a237efcf90c46472400da09134cc00cdb3f04eaa733295e2f62e,artifact/results/raw/luhn_state/reseed/gcc_o0.out,341fdfe4c5a25356d09d3295f97647188ba779d283bcf8bf4da0c2d071bd5e39,artifact/results/raw/luhn_state/reseed/gcc_o0.s,0dd8dc1cf7fd41a63bf5d00d16ccc6f6c3d36790457003ed743321a164f95b3d,artifact/results/independent_recheck.json,EXECUTED,"65,536 ordered byte-pair cases; retained output and assembly bound to certificate."
FINITE-luhn_state-reseed-gcc-O2,FINITE_EXHAUSTIVE_COMPILER_CELL,luhn_state,reseed,gcc,-O2,gcc -std=c11 -Wall -Wextra -Werror -O2 artifact/benchmark/generated/luhn_state/reseed/kernel.c -o artifact/results/raw/luhn_state/reseed/gcc_o2,gcc (Debian 14.2.0-19) 14.2.0,source=e05eb749a72a222fe3b509b0064cf19d28fc4d478fd27468c828ebd1dea90cf9;reference=341fdfe4c5a25356d09d3295f97647188ba779d283bcf8bf4da0c2d071bd5e39;manifest=a1eb9127e8c1a237efcf90c46472400da09134cc00cdb3f04eaa733295e2f62e,artifact/results/raw/luhn_state/reseed/gcc_o2.out,341fdfe4c5a25356d09d3295f97647188ba779d283bcf8bf4da0c2d071bd5e39,artifact/results/raw/luhn_state/reseed/gcc_o2.s,e9f1a978dadbff3235042e64583901c63098b306b14a13b028c9622ef9fc4d1c,artifact/results/independent_recheck.json,EXECUTED,"65,536 ordered byte-pair cases; retained output and assembly bound to certificate."
FINITE-luhn_state-reseed-clang-O0,FINITE_EXHAUSTIVE_COMPILER_CELL,luhn_state,reseed,clang,-O0,clang -std=c11 -Wall -Wextra -Werror -O0 artifact/benchmark/generated/luhn_state/reseed/kernel.c -o artifact/results/raw/luhn_state/reseed/clang_o0,clang version 17.0.0 (https://github.com/swiftlang/llvm-project.git 10999b6d034fe318f3d56c83bddb6572593a8bb0),source=e05eb749a72a222fe3b509b0064cf19d28fc4d478fd27468c828ebd1dea90cf9;reference=341fdfe4c5a25356d09d3295f97647188ba779d283bcf8bf4da0c2d071bd5e39;manifest=a1eb9127e8c1a237efcf90c46472400da09134cc00cdb3f04eaa733295e2f62e,artifact/results/raw/luhn_state/reseed/clang_o0.out,341fdfe4c5a25356d09d3295f97647188ba779d283bcf8bf4da0c2d071bd5e39,artifact/results/raw/luhn_state/reseed/clang_o0.s,56d2f2ab7f12101919af8e8ab1c899bcf5007e50cb270a1d01d908502b901dd3,artifact/results/independent_recheck.json,EXECUTED,"65,536 ordered byte-pair cases; retained output and assembly bound to certificate."
FINITE-luhn_state-reseed-clang-O2,FINITE_EXHAUSTIVE_COMPILER_CELL,luhn_state,reseed,clang,-O2,clang -std=c11 -Wall -Wextra -Werror -O2 artifact/benchmark/generated/luhn_state/reseed/kernel.c -o artifact/results/raw/luhn_state/reseed/clang_o2,clang version 17.0.0 (https://github.com/swiftlang/llvm-project.git 10999b6d034fe318f3d56c83bddb6572593a8bb0),source=e05eb749a72a222fe3b509b0064cf19d28fc4d478fd27468c828ebd1dea90cf9;reference=341fdfe4c5a25356d09d3295f97647188ba779d283bcf8bf4da0c2d071bd5e39;manifest=a1eb9127e8c1a237efcf90c46472400da09134cc00cdb3f04eaa733295e2f62e,artifact/results/raw/luhn_state/reseed/clang_o2.out,341fdfe4c5a25356d09d3295f97647188ba779d283bcf8bf4da0c2d071bd5e39,artifact/results/raw/luhn_state/reseed/clang_o2.s,d7f008375964194446d766d7ecf98c9ea2a1cd11c256c2c9cef5f4aa62a78c9c,artifact/results/independent_recheck.json,EXECUTED,"65,536 ordered byte-pair cases; retained output and assembly bound to certificate."
FINITE-luhn_state-behavior_drift-gcc-O0,FINITE_EXHAUSTIVE_COMPILER_CELL,luhn_state,behavior_drift,gcc,-O0,gcc -std=c11 -Wall -Wextra -Werror -O0 artifact/benchmark/generated/luhn_state/behavior_drift/kernel.c -o artifact/results/raw/luhn_state/behavior_drift/gcc_o0,gcc (Debian 14.2.0-19) 14.2.0,source=eaacb2795b82bc80f4bbb84c8d9be99d096177171405db534c0be2ab0660cf31;reference=341fdfe4c5a25356d09d3295f97647188ba779d283bcf8bf4da0c2d071bd5e39;manifest=224b78df64f888204d3164c23d7a350be920519d61d2825dd09bbcf4c9fe435a,artifact/results/raw/luhn_state/behavior_drift/gcc_o0.out,45b9177e9d913bbb805a2010f0c0f15fc57757cc54e4383ce72e386ff6a4e2d3,artifact/results/raw/luhn_state/behavior_drift/gcc_o0.s,e9779a6c6e6cfc795f85433482d1d4f168143ff6fff845138a2a3faf0858625a,artifact/results/independent_recheck.json,EXECUTED,"65,536 ordered byte-pair cases; retained output and assembly bound to certificate."
FINITE-luhn_state-behavior_drift-gcc-O2,FINITE_EXHAUSTIVE_COMPILER_CELL,luhn_state,behavior_drift,gcc,-O2,gcc -std=c11 -Wall -Wextra -Werror -O2 artifact/benchmark/generated/luhn_state/behavior_drift/kernel.c -o artifact/results/raw/luhn_state/behavior_drift/gcc_o2,gcc (Debian 14.2.0-19) 14.2.0,source=eaacb2795b82bc80f4bbb84c8d9be99d096177171405db534c0be2ab0660cf31;reference=341fdfe4c5a25356d09d3295f97647188ba779d283bcf8bf4da0c2d071bd5e39;manifest=224b78df64f888204d3164c23d7a350be920519d61d2825dd09bbcf4c9fe435a,artifact/results/raw/luhn_state/behavior_drift/gcc_o2.out,45b9177e9d913bbb805a2010f0c0f15fc57757cc54e4383ce72e386ff6a4e2d3,artifact/results/raw/luhn_state/behavior_drift/gcc_o2.s,0fa71b008bd6e76f3c02c22b3dbc2f8f0d5d3f7e77c41153af7e05b663cc569c,artifact/results/independent_recheck.json,EXECUTED,"65,536 ordered byte-pair cases; retained output and assembly bound to certificate."
FINITE-luhn_state-behavior_drift-clang-O0,FINITE_EXHAUSTIVE_COMPILER_CELL,luhn_state,behavior_drift,clang,-O0,clang -std=c11 -Wall -Wextra -Werror -O0 artifact/benchmark/generated/luhn_state/behavior_drift/kernel.c -o artifact/results/raw/luhn_state/behavior_drift/clang_o0,clang version 17.0.0 (https://github.com/swiftlang/llvm-project.git 10999b6d034fe318f3d56c83bddb6572593a8bb0),source=eaacb2795b82bc80f4bbb84c8d9be99d096177171405db534c0be2ab0660cf31;reference=341fdfe4c5a25356d09d3295f97647188ba779d283bcf8bf4da0c2d071bd5e39;manifest=224b78df64f888204d3164c23d7a350be920519d61d2825dd09bbcf4c9fe435a,artifact/results/raw/luhn_state/behavior_drift/clang_o0.out,45b9177e9d913bbb805a2010f0c0f15fc57757cc54e4383ce72e386ff6a4e2d3,artifact/results/raw/luhn_state/behavior_drift/clang_o0.s,8ecef8830d709fcdabf933e8672a2b8f58ac3d4c6de9cedc98c74c5e988b2f85,artifact/results/independent_recheck.json,EXECUTED,"65,536 ordered byte-pair cases; retained output and assembly bound to certificate."
FINITE-luhn_state-behavior_drift-clang-O2,FINITE_EXHAUSTIVE_COMPILER_CELL,luhn_state,behavior_drift,clang,-O2,clang -std=c11 -Wall -Wextra -Werror -O2 artifact/benchmark/generated/luhn_state/behavior_drift/kernel.c -o artifact/results/raw/luhn_state/behavior_drift/clang_o2,clang version 17.0.0 (https://github.com/swiftlang/llvm-project.git 10999b6d034fe318f3d56c83bddb6572593a8bb0),source=eaacb2795b82bc80f4bbb84c8d9be99d096177171405db534c0be2ab0660cf31;reference=341fdfe4c5a25356d09d3295f97647188ba779d283bcf8bf4da0c2d071bd5e39;manifest=224b78df64f888204d3164c23d7a350be920519d61d2825dd09bbcf4c9fe435a,artifact/results/raw/luhn_state/behavior_drift/clang_o2.out,45b9177e9d913bbb805a2010f0c0f15fc57757cc54e4383ce72e386ff6a4e2d3,artifact/results/raw/luhn_state/behavior_drift/clang_o2.s,ed3c1372b866e7392bbfc7bbafefbbf48f94b8fa547a6f27b2608f860b3e0ed0,artifact/results/independent_recheck.json,EXECUTED,"65,536 ordered byte-pair cases; retained output and assembly bound to certificate."
FINITE-saturating_add-baseline-gcc-O0,FINITE_EXHAUSTIVE_COMPILER_CELL,saturating_add,baseline,gcc,-O0,gcc -std=c11 -Wall -Wextra -Werror -O0 artifact/benchmark/generated/saturating_add/baseline/kernel.c -o artifact/results/raw/saturating_add/baseline/gcc_o0,gcc (Debian 14.2.0-19) 14.2.0,source=1b1495eb2235642ca8de61dcae42d5999f85defc7d9e2fcfa43b9b5858ffde43;reference=b5911f5013e6f1a21e80fe604d42c8e6ea0b522df50b9dd00f6fb54c5cdd262d;manifest=1d7be4b15b51e06f8efa3b7501e7950f65e82b4d79ff2219f63ff7f770078577,artifact/results/raw/saturating_add/baseline/gcc_o0.out,b5911f5013e6f1a21e80fe604d42c8e6ea0b522df50b9dd00f6fb54c5cdd262d,artifact/results/raw/saturating_add/baseline/gcc_o0.s,f1071064f90dacb2d146fc45b9dd9a52f832824f64a247288c41e34edc2fe33c,artifact/results/independent_recheck.json,EXECUTED,"65,536 ordered byte-pair cases; retained output and assembly bound to certificate."
FINITE-saturating_add-baseline-gcc-O2,FINITE_EXHAUSTIVE_COMPILER_CELL,saturating_add,baseline,gcc,-O2,gcc -std=c11 -Wall -Wextra -Werror -O2 artifact/benchmark/generated/saturating_add/baseline/kernel.c -o artifact/results/raw/saturating_add/baseline/gcc_o2,gcc (Debian 14.2.0-19) 14.2.0,source=1b1495eb2235642ca8de61dcae42d5999f85defc7d9e2fcfa43b9b5858ffde43;reference=b5911f5013e6f1a21e80fe604d42c8e6ea0b522df50b9dd00f6fb54c5cdd262d;manifest=1d7be4b15b51e06f8efa3b7501e7950f65e82b4d79ff2219f63ff7f770078577,artifact/results/raw/saturating_add/baseline/gcc_o2.out,b5911f5013e6f1a21e80fe604d42c8e6ea0b522df50b9dd00f6fb54c5cdd262d,artifact/results/raw/saturating_add/baseline/gcc_o2.s,4c2cc8c1a797b4d96b2418db935ee5f5c532c2a801aa76d1dd46059000073b53,artifact/results/independent_recheck.json,EXECUTED,"65,536 ordered byte-pair cases; retained output and assembly bound to certificate."
FINITE-saturating_add-baseline-clang-O0,FINITE_EXHAUSTIVE_COMPILER_CELL,saturating_add,baseline,clang,-O0,clang -std=c11 -Wall -Wextra -Werror -O0 artifact/benchmark/generated/saturating_add/baseline/kernel.c -o artifact/results/raw/saturating_add/baseline/clang_o0,clang version 17.0.0 (https://github.com/swiftlang/llvm-project.git 10999b6d034fe318f3d56c83bddb6572593a8bb0),source=1b1495eb2235642ca8de61dcae42d5999f85defc7d9e2fcfa43b9b5858ffde43;reference=b5911f5013e6f1a21e80fe604d42c8e6ea0b522df50b9dd00f6fb54c5cdd262d;manifest=1d7be4b15b51e06f8efa3b7501e7950f65e82b4d79ff2219f63ff7f770078577,artifact/results/raw/saturating_add/baseline/clang_o0.out,b5911f5013e6f1a21e80fe604d42c8e6ea0b522df50b9dd00f6fb54c5cdd262d,artifact/results/raw/saturating_add/baseline/clang_o0.s,593ccd7f614be4e3a6dfe586f966f3dfb773e626d3070aa54b7540016c668e33,artifact/results/independent_recheck.json,EXECUTED,"65,536 ordered byte-pair cases; retained output and assembly bound to certificate."
FINITE-saturating_add-baseline-clang-O2,FINITE_EXHAUSTIVE_COMPILER_CELL,saturating_add,baseline,clang,-O2,clang -std=c11 -Wall -Wextra -Werror -O2 artifact/benchmark/generated/saturating_add/baseline/kernel.c -o artifact/results/raw/saturating_add/baseline/clang_o2,clang version 17.0.0 (https://github.com/swiftlang/llvm-project.git 10999b6d034fe318f3d56c83bddb6572593a8bb0),source=1b1495eb2235642ca8de61dcae42d5999f85defc7d9e2fcfa43b9b5858ffde43;reference=b5911f5013e6f1a21e80fe604d42c8e6ea0b522df50b9dd00f6fb54c5cdd262d;manifest=1d7be4b15b51e06f8efa3b7501e7950f65e82b4d79ff2219f63ff7f770078577,artifact/results/raw/saturating_add/baseline/clang_o2.out,b5911f5013e6f1a21e80fe604d42c8e6ea0b522df50b9dd00f6fb54c5cdd262d,artifact/results/raw/saturating_add/baseline/clang_o2.s,1126ecabf7ac7c6a0f5b9db64131ad248fb9be68da9b55972341d997091a2b58,artifact/results/independent_recheck.json,EXECUTED,"65,536 ordered byte-pair cases; retained output and assembly bound to certificate."
FINITE-saturating_add-rename-gcc-O0,FINITE_EXHAUSTIVE_COMPILER_CELL,saturating_add,rename,gcc,-O0,gcc -std=c11 -Wall -Wextra -Werror -O0 artifact/benchmark/generated/saturating_add/rename/kernel.c -o artifact/results/raw/saturating_add/rename/gcc_o0,gcc (Debian 14.2.0-19) 14.2.0,source=a42830b89f32521d2d410f0a476b0baa82f175a0ee88b1145848e143704268d1;reference=b5911f5013e6f1a21e80fe604d42c8e6ea0b522df50b9dd00f6fb54c5cdd262d;manifest=1d7be4b15b51e06f8efa3b7501e7950f65e82b4d79ff2219f63ff7f770078577,artifact/results/raw/saturating_add/rename/gcc_o0.out,b5911f5013e6f1a21e80fe604d42c8e6ea0b522df50b9dd00f6fb54c5cdd262d,artifact/results/raw/saturating_add/rename/gcc_o0.s,f1071064f90dacb2d146fc45b9dd9a52f832824f64a247288c41e34edc2fe33c,artifact/results/independent_recheck.json,EXECUTED,"65,536 ordered byte-pair cases; retained output and assembly bound to certificate."
FINITE-saturating_add-rename-gcc-O2,FINITE_EXHAUSTIVE_COMPILER_CELL,saturating_add,rename,gcc,-O2,gcc -std=c11 -Wall -Wextra -Werror -O2 artifact/benchmark/generated/saturating_add/rename/kernel.c -o artifact/results/raw/saturating_add/rename/gcc_o2,gcc (Debian 14.2.0-19) 14.2.0,source=a42830b89f32521d2d410f0a476b0baa82f175a0ee88b1145848e143704268d1;reference=b5911f5013e6f1a21e80fe604d42c8e6ea0b522df50b9dd00f6fb54c5cdd262d;manifest=1d7be4b15b51e06f8efa3b7501e7950f65e82b4d79ff2219f63ff7f770078577,artifact/results/raw/saturating_add/rename/gcc_o2.out,b5911f5013e6f1a21e80fe604d42c8e6ea0b522df50b9dd00f6fb54c5cdd262d,artifact/results/raw/saturating_add/rename/gcc_o2.s,4c2cc8c1a797b4d96b2418db935ee5f5c532c2a801aa76d1dd46059000073b53,artifact/results/independent_recheck.json,EXECUTED,"65,536 ordered byte-pair cases; retained output and assembly bound to certificate."
FINITE-saturating_add-rename-clang-O0,FINITE_EXHAUSTIVE_COMPILER_CELL,saturating_add,rename,clang,-O0,clang -std=c11 -Wall -Wextra -Werror -O0 artifact/benchmark/generated/saturating_add/rename/kernel.c -o artifact/results/raw/saturating_add/rename/clang_o0,clang version 17.0.0 (https://github.com/swiftlang/llvm-project.git 10999b6d034fe318f3d56c83bddb6572593a8bb0),source=a42830b89f32521d2d410f0a476b0baa82f175a0ee88b1145848e143704268d1;reference=b5911f5013e6f1a21e80fe604d42c8e6ea0b522df50b9dd00f6fb54c5cdd262d;manifest=1d7be4b15b51e06f8efa3b7501e7950f65e82b4d79ff2219f63ff7f770078577,artifact/results/raw/saturating_add/rename/clang_o0.out,b5911f5013e6f1a21e80fe604d42c8e6ea0b522df50b9dd00f6fb54c5cdd262d,artifact/results/raw/saturating_add/rename/clang_o0.s,593ccd7f614be4e3a6dfe586f966f3dfb773e626d3070aa54b7540016c668e33,artifact/results/independent_recheck.json,EXECUTED,"65,536 ordered byte-pair cases; retained output and assembly bound to certificate."
FINITE-saturating_add-rename-clang-O2,FINITE_EXHAUSTIVE_COMPILER_CELL,saturating_add,rename,clang,-O2,clang -std=c11 -Wall -Wextra -Werror -O2 artifact/benchmark/generated/saturating_add/rename/kernel.c -o artifact/results/raw/saturating_add/rename/clang_o2,clang version 17.0.0 (https://github.com/swiftlang/llvm-project.git 10999b6d034fe318f3d56c83bddb6572593a8bb0),source=a42830b89f32521d2d410f0a476b0baa82f175a0ee88b1145848e143704268d1;reference=b5911f5013e6f1a21e80fe604d42c8e6ea0b522df50b9dd00f6fb54c5cdd262d;manifest=1d7be4b15b51e06f8efa3b7501e7950f65e82b4d79ff2219f63ff7f770078577,artifact/results/raw/saturating_add/rename/clang_o2.out,b5911f5013e6f1a21e80fe604d42c8e6ea0b522df50b9dd00f6fb54c5cdd262d,artifact/results/raw/saturating_add/rename/clang_o2.s,1126ecabf7ac7c6a0f5b9db64131ad248fb9be68da9b55972341d997091a2b58,artifact/results/independent_recheck.json,EXECUTED,"65,536 ordered byte-pair cases; retained output and assembly bound to certificate."
FINITE-saturating_add-reorder-gcc-O0,FINITE_EXHAUSTIVE_COMPILER_CELL,saturating_add,reorder,gcc,-O0,gcc -std=c11 -Wall -Wextra -Werror -O0 artifact/benchmark/generated/saturating_add/reorder/kernel.c -o artifact/results/raw/saturating_add/reorder/gcc_o0,gcc (Debian 14.2.0-19) 14.2.0,source=78e59cd0c978c09b4b138368c51d9eb2ac5e0195f9ee11f3e6fc2f2771863894;reference=b5911f5013e6f1a21e80fe604d42c8e6ea0b522df50b9dd00f6fb54c5cdd262d;manifest=1d7be4b15b51e06f8efa3b7501e7950f65e82b4d79ff2219f63ff7f770078577,artifact/results/raw/saturating_add/reorder/gcc_o0.out,b5911f5013e6f1a21e80fe604d42c8e6ea0b522df50b9dd00f6fb54c5cdd262d,artifact/results/raw/saturating_add/reorder/gcc_o0.s,f1071064f90dacb2d146fc45b9dd9a52f832824f64a247288c41e34edc2fe33c,artifact/results/independent_recheck.json,EXECUTED,"65,536 ordered byte-pair cases; retained output and assembly bound to certificate."
FINITE-saturating_add-reorder-gcc-O2,FINITE_EXHAUSTIVE_COMPILER_CELL,saturating_add,reorder,gcc,-O2,gcc -std=c11 -Wall -Wextra -Werror -O2 artifact/benchmark/generated/saturating_add/reorder/kernel.c -o artifact/results/raw/saturating_add/reorder/gcc_o2,gcc (Debian 14.2.0-19) 14.2.0,source=78e59cd0c978c09b4b138368c51d9eb2ac5e0195f9ee11f3e6fc2f2771863894;reference=b5911f5013e6f1a21e80fe604d42c8e6ea0b522df50b9dd00f6fb54c5cdd262d;manifest=1d7be4b15b51e06f8efa3b7501e7950f65e82b4d79ff2219f63ff7f770078577,artifact/results/raw/saturating_add/reorder/gcc_o2.out,b5911f5013e6f1a21e80fe604d42c8e6ea0b522df50b9dd00f6fb54c5cdd262d,artifact/results/raw/saturating_add/reorder/gcc_o2.s,4c2cc8c1a797b4d96b2418db935ee5f5c532c2a801aa76d1dd46059000073b53,artifact/results/independent_recheck.json,EXECUTED,"65,536 ordered byte-pair cases; retained output and assembly bound to certificate."
FINITE-saturating_add-reorder-clang-O0,FINITE_EXHAUSTIVE_COMPILER_CELL,saturating_add,reorder,clang,-O0,clang -std=c11 -Wall -Wextra -Werror -O0 artifact/benchmark/generated/saturating_add/reorder/kernel.c -o artifact/results/raw/saturating_add/reorder/clang_o0,clang version 17.0.0 (https://github.com/swiftlang/llvm-project.git 10999b6d034fe318f3d56c83bddb6572593a8bb0),source=78e59cd0c978c09b4b138368c51d9eb2ac5e0195f9ee11f3e6fc2f2771863894;reference=b5911f5013e6f1a21e80fe604d42c8e6ea0b522df50b9dd00f6fb54c5cdd262d;manifest=1d7be4b15b51e06f8efa3b7501e7950f65e82b4d79ff2219f63ff7f770078577,artifact/results/raw/saturating_add/reorder/clang_o0.out,b5911f5013e6f1a21e80fe604d42c8e6ea0b522df50b9dd00f6fb54c5cdd262d,artifact/results/raw/saturating_add/reorder/clang_o0.s,6ec9e90fce0d251c8a6c258c6b1a5d292e7b09ad32494c7bdc1d7900f0e50037,artifact/results/independent_recheck.json,EXECUTED,"65,536 ordered byte-pair cases; retained output and assembly bound to certificate."
FINITE-saturating_add-reorder-clang-O2,FINITE_EXHAUSTIVE_COMPILER_CELL,saturating_add,reorder,clang,-O2,clang -std=c11 -Wall -Wextra -Werror -O2 artifact/benchmark/generated/saturating_add/reorder/kernel.c -o artifact/results/raw/saturating_add/reorder/clang_o2,clang version 17.0.0 (https://github.com/swiftlang/llvm-project.git 10999b6d034fe318f3d56c83bddb6572593a8bb0),source=78e59cd0c978c09b4b138368c51d9eb2ac5e0195f9ee11f3e6fc2f2771863894;reference=b5911f5013e6f1a21e80fe604d42c8e6ea0b522df50b9dd00f6fb54c5cdd262d;manifest=1d7be4b15b51e06f8efa3b7501e7950f65e82b4d79ff2219f63ff7f770078577,artifact/results/raw/saturating_add/reorder/clang_o2.out,b5911f5013e6f1a21e80fe604d42c8e6ea0b522df50b9dd00f6fb54c5cdd262d,artifact/results/raw/saturating_add/reorder/clang_o2.s,1126ecabf7ac7c6a0f5b9db64131ad248fb9be68da9b55972341d997091a2b58,artifact/results/independent_recheck.json,EXECUTED,"65,536 ordered byte-pair cases; retained output and assembly bound to certificate."
FINITE-saturating_add-extract-gcc-O0,FINITE_EXHAUSTIVE_COMPILER_CELL,saturating_add,extract,gcc,-O0,gcc -std=c11 -Wall -Wextra -Werror -O0 artifact/benchmark/generated/saturating_add/extract/kernel.c -o artifact/results/raw/saturating_add/extract/gcc_o0,gcc (Debian 14.2.0-19) 14.2.0,source=33cb121fae65ecd6de7506e9fd37cd06cb939463098bcd81b60c8d8c7ab80333;reference=b5911f5013e6f1a21e80fe604d42c8e6ea0b522df50b9dd00f6fb54c5cdd262d;manifest=1d7be4b15b51e06f8efa3b7501e7950f65e82b4d79ff2219f63ff7f770078577,artifact/results/raw/saturating_add/extract/gcc_o0.out,b5911f5013e6f1a21e80fe604d42c8e6ea0b522df50b9dd00f6fb54c5cdd262d,artifact/results/raw/saturating_add/extract/gcc_o0.s,f9557dece7a2ed1bd3c2b66ad03ff475f01dd84c791f20325d8e66ceba1dbb34,artifact/results/independent_recheck.json,EXECUTED,"65,536 ordered byte-pair cases; retained output and assembly bound to certificate."
FINITE-saturating_add-extract-gcc-O2,FINITE_EXHAUSTIVE_COMPILER_CELL,saturating_add,extract,gcc,-O2,gcc -std=c11 -Wall -Wextra -Werror -O2 artifact/benchmark/generated/saturating_add/extract/kernel.c -o artifact/results/raw/saturating_add/extract/gcc_o2,gcc (Debian 14.2.0-19) 14.2.0,source=33cb121fae65ecd6de7506e9fd37cd06cb939463098bcd81b60c8d8c7ab80333;reference=b5911f5013e6f1a21e80fe604d42c8e6ea0b522df50b9dd00f6fb54c5cdd262d;manifest=1d7be4b15b51e06f8efa3b7501e7950f65e82b4d79ff2219f63ff7f770078577,artifact/results/raw/saturating_add/extract/gcc_o2.out,b5911f5013e6f1a21e80fe604d42c8e6ea0b522df50b9dd00f6fb54c5cdd262d,artifact/results/raw/saturating_add/extract/gcc_o2.s,63ac4f16858fcbe11ae1a07a740ef4d900b529f5f7af5181a668f77706b23395,artifact/results/independent_recheck.json,EXECUTED,"65,536 ordered byte-pair cases; retained output and assembly bound to certificate."
FINITE-saturating_add-extract-clang-O0,FINITE_EXHAUSTIVE_COMPILER_CELL,saturating_add,extract,clang,-O0,clang -std=c11 -Wall -Wextra -Werror -O0 artifact/benchmark/generated/saturating_add/extract/kernel.c -o artifact/results/raw/saturating_add/extract/clang_o0,clang version 17.0.0 (https://github.com/swiftlang/llvm-project.git 10999b6d034fe318f3d56c83bddb6572593a8bb0),source=33cb121fae65ecd6de7506e9fd37cd06cb939463098bcd81b60c8d8c7ab80333;reference=b5911f5013e6f1a21e80fe604d42c8e6ea0b522df50b9dd00f6fb54c5cdd262d;manifest=1d7be4b15b51e06f8efa3b7501e7950f65e82b4d79ff2219f63ff7f770078577,artifact/results/raw/saturating_add/extract/clang_o0.out,b5911f5013e6f1a21e80fe604d42c8e6ea0b522df50b9dd00f6fb54c5cdd262d,artifact/results/raw/saturating_add/extract/clang_o0.s,dc375752bf5cab04e631c59fd8179a9fc0fb9fffc1219f26c079e0ff0583d2bc,artifact/results/independent_recheck.json,EXECUTED,"65,536 ordered byte-pair cases; retained output and assembly bound to certificate."
FINITE-saturating_add-extract-clang-O2,FINITE_EXHAUSTIVE_COMPILER_CELL,saturating_add,extract,clang,-O2,clang -std=c11 -Wall -Wextra -Werror -O2 artifact/benchmark/generated/saturating_add/extract/kernel.c -o artifact/results/raw/saturating_add/extract/clang_o2,clang version 17.0.0 (https://github.com/swiftlang/llvm-project.git 10999b6d034fe318f3d56c83bddb6572593a8bb0),source=33cb121fae65ecd6de7506e9fd37cd06cb939463098bcd81b60c8d8c7ab80333;reference=b5911f5013e6f1a21e80fe604d42c8e6ea0b522df50b9dd00f6fb54c5cdd262d;manifest=1d7be4b15b51e06f8efa3b7501e7950f65e82b4d79ff2219f63ff7f770078577,artifact/results/raw/saturating_add/extract/clang_o2.out,b5911f5013e6f1a21e80fe604d42c8e6ea0b522df50b9dd00f6fb54c5cdd262d,artifact/results/raw/saturating_add/extract/clang_o2.s,1126ecabf7ac7c6a0f5b9db64131ad248fb9be68da9b55972341d997091a2b58,artifact/results/independent_recheck.json,EXECUTED,"65,536 ordered byte-pair cases; retained output and assembly bound to certificate."
FINITE-saturating_add-dependency_upgrade-gcc-O0,FINITE_EXHAUSTIVE_COMPILER_CELL,saturating_add,dependency_upgrade,gcc,-O0,gcc -std=c11 -Wall -Wextra -Werror -O0 artifact/benchmark/generated/saturating_add/dependency_upgrade/kernel.c -o artifact/results/raw/saturating_add/dependency_upgrade/gcc_o0,gcc (Debian 14.2.0-19) 14.2.0,source=cf5a42218b048e6ce0b8576f212a0e5fa3e9503ab5b8d792cfcfbf3deaae28e6;reference=b5911f5013e6f1a21e80fe604d42c8e6ea0b522df50b9dd00f6fb54c5cdd262d;manifest=1d7be4b15b51e06f8efa3b7501e7950f65e82b4d79ff2219f63ff7f770078577,artifact/results/raw/saturating_add/dependency_upgrade/gcc_o0.out,b5911f5013e6f1a21e80fe604d42c8e6ea0b522df50b9dd00f6fb54c5cdd262d,artifact/results/raw/saturating_add/dependency_upgrade/gcc_o0.s,83b5cc18121f70dc3f038eb7a5b5e252f1a1058b1b3fb3745aae0ed99dbdf6ca,artifact/results/independent_recheck.json,EXECUTED,"65,536 ordered byte-pair cases; retained output and assembly bound to certificate."
FINITE-saturating_add-dependency_upgrade-gcc-O2,FINITE_EXHAUSTIVE_COMPILER_CELL,saturating_add,dependency_upgrade,gcc,-O2,gcc -std=c11 -Wall -Wextra -Werror -O2 artifact/benchmark/generated/saturating_add/dependency_upgrade/kernel.c -o artifact/results/raw/saturating_add/dependency_upgrade/gcc_o2,gcc (Debian 14.2.0-19) 14.2.0,source=cf5a42218b048e6ce0b8576f212a0e5fa3e9503ab5b8d792cfcfbf3deaae28e6;reference=b5911f5013e6f1a21e80fe604d42c8e6ea0b522df50b9dd00f6fb54c5cdd262d;manifest=1d7be4b15b51e06f8efa3b7501e7950f65e82b4d79ff2219f63ff7f770078577,artifact/results/raw/saturating_add/dependency_upgrade/gcc_o2.out,b5911f5013e6f1a21e80fe604d42c8e6ea0b522df50b9dd00f6fb54c5cdd262d,artifact/results/raw/saturating_add/dependency_upgrade/gcc_o2.s,e76913ec2231ff7dd94aba9d6678719ea12fed69b440da4fe46818044cc1e8ce,artifact/results/independent_recheck.json,EXECUTED,"65,536 ordered byte-pair cases; retained output and assembly bound to certificate."
FINITE-saturating_add-dependency_upgrade-clang-O0,FINITE_EXHAUSTIVE_COMPILER_CELL,saturating_add,dependency_upgrade,clang,-O0,clang -std=c11 -Wall -Wextra -Werror -O0 artifact/benchmark/generated/saturating_add/dependency_upgrade/kernel.c -o artifact/results/raw/saturating_add/dependency_upgrade/clang_o0,clang version 17.0.0 (https://github.com/swiftlang/llvm-project.git 10999b6d034fe318f3d56c83bddb6572593a8bb0),source=cf5a42218b048e6ce0b8576f212a0e5fa3e9503ab5b8d792cfcfbf3deaae28e6;reference=b5911f5013e6f1a21e80fe604d42c8e6ea0b522df50b9dd00f6fb54c5cdd262d;manifest=1d7be4b15b51e06f8efa3b7501e7950f65e82b4d79ff2219f63ff7f770078577,artifact/results/raw/saturating_add/dependency_upgrade/clang_o0.out,b5911f5013e6f1a21e80fe604d42c8e6ea0b522df50b9dd00f6fb54c5cdd262d,artifact/results/raw/saturating_add/dependency_upgrade/clang_o0.s,ddae7f16f9e65b1217416ee6f8aa452f21e9a6d7492709ac1ecba666529a4b22,artifact/results/independent_recheck.json,EXECUTED,"65,536 ordered byte-pair cases; retained output and assembly bound to certificate."
FINITE-saturating_add-dependency_upgrade-clang-O2,FINITE_EXHAUSTIVE_COMPILER_CELL,saturating_add,dependency_upgrade,clang,-O2,clang -std=c11 -Wall -Wextra -Werror -O2 artifact/benchmark/generated/saturating_add/dependency_upgrade/kernel.c -o artifact/results/raw/saturating_add/dependency_upgrade/clang_o2,clang version 17.0.0 (https://github.com/swiftlang/llvm-project.git 10999b6d034fe318f3d56c83bddb6572593a8bb0),source=cf5a42218b048e6ce0b8576f212a0e5fa3e9503ab5b8d792cfcfbf3deaae28e6;reference=b5911f5013e6f1a21e80fe604d42c8e6ea0b522df50b9dd00f6fb54c5cdd262d;manifest=1d7be4b15b51e06f8efa3b7501e7950f65e82b4d79ff2219f63ff7f770078577,artifact/results/raw/saturating_add/dependency_upgrade/clang_o2.out,b5911f5013e6f1a21e80fe604d42c8e6ea0b522df50b9dd00f6fb54c5cdd262d,artifact/results/raw/saturating_add/dependency_upgrade/clang_o2.s,1126ecabf7ac7c6a0f5b9db64131ad248fb9be68da9b55972341d997091a2b58,artifact/results/independent_recheck.json,EXECUTED,"65,536 ordered byte-pair cases; retained output and assembly bound to certificate."
FINITE-saturating_add-format-gcc-O0,FINITE_EXHAUSTIVE_COMPILER_CELL,saturating_add,format,gcc,-O0,gcc -std=c11 -Wall -Wextra -Werror -O0 artifact/benchmark/generated/saturating_add/format/kernel.c -o artifact/results/raw/saturating_add/format/gcc_o0,gcc (Debian 14.2.0-19) 14.2.0,source=b30df0e9fb9f5cf3be757711dc3175a9b421806a31e6ab3635c549ebe920d1d9;reference=b5911f5013e6f1a21e80fe604d42c8e6ea0b522df50b9dd00f6fb54c5cdd262d;manifest=1d7be4b15b51e06f8efa3b7501e7950f65e82b4d79ff2219f63ff7f770078577,artifact/results/raw/saturating_add/format/gcc_o0.out,b5911f5013e6f1a21e80fe604d42c8e6ea0b522df50b9dd00f6fb54c5cdd262d,artifact/results/raw/saturating_add/format/gcc_o0.s,83b5cc18121f70dc3f038eb7a5b5e252f1a1058b1b3fb3745aae0ed99dbdf6ca,artifact/results/independent_recheck.json,EXECUTED,"65,536 ordered byte-pair cases; retained output and assembly bound to certificate."
FINITE-saturating_add-format-gcc-O2,FINITE_EXHAUSTIVE_COMPILER_CELL,saturating_add,format,gcc,-O2,gcc -std=c11 -Wall -Wextra -Werror -O2 artifact/benchmark/generated/saturating_add/format/kernel.c -o artifact/results/raw/saturating_add/format/gcc_o2,gcc (Debian 14.2.0-19) 14.2.0,source=b30df0e9fb9f5cf3be757711dc3175a9b421806a31e6ab3635c549ebe920d1d9;reference=b5911f5013e6f1a21e80fe604d42c8e6ea0b522df50b9dd00f6fb54c5cdd262d;manifest=1d7be4b15b51e06f8efa3b7501e7950f65e82b4d79ff2219f63ff7f770078577,artifact/results/raw/saturating_add/format/gcc_o2.out,b5911f5013e6f1a21e80fe604d42c8e6ea0b522df50b9dd00f6fb54c5cdd262d,artifact/results/raw/saturating_add/format/gcc_o2.s,e76913ec2231ff7dd94aba9d6678719ea12fed69b440da4fe46818044cc1e8ce,artifact/results/independent_recheck.json,EXECUTED,"65,536 ordered byte-pair cases; retained output and assembly bound to certificate."
FINITE-saturating_add-format-clang-O0,FINITE_EXHAUSTIVE_COMPILER_CELL,saturating_add,format,clang,-O0,clang -std=c11 -Wall -Wextra -Werror -O0 artifact/benchmark/generated/saturating_add/format/kernel.c -o artifact/results/raw/saturating_add/format/clang_o0,clang version 17.0.0 (https://github.com/swiftlang/llvm-project.git 10999b6d034fe318f3d56c83bddb6572593a8bb0),source=b30df0e9fb9f5cf3be757711dc3175a9b421806a31e6ab3635c549ebe920d1d9;reference=b5911f5013e6f1a21e80fe604d42c8e6ea0b522df50b9dd00f6fb54c5cdd262d;manifest=1d7be4b15b51e06f8efa3b7501e7950f65e82b4d79ff2219f63ff7f770078577,artifact/results/raw/saturating_add/format/clang_o0.out,b5911f5013e6f1a21e80fe604d42c8e6ea0b522df50b9dd00f6fb54c5cdd262d,artifact/results/raw/saturating_add/format/clang_o0.s,ddae7f16f9e65b1217416ee6f8aa452f21e9a6d7492709ac1ecba666529a4b22,artifact/results/independent_recheck.json,EXECUTED,"65,536 ordered byte-pair cases; retained output and assembly bound to certificate."
FINITE-saturating_add-format-clang-O2,FINITE_EXHAUSTIVE_COMPILER_CELL,saturating_add,format,clang,-O2,clang -std=c11 -Wall -Wextra -Werror -O2 artifact/benchmark/generated/saturating_add/format/kernel.c -o artifact/results/raw/saturating_add/format/clang_o2,clang version 17.0.0 (https://github.com/swiftlang/llvm-project.git 10999b6d034fe318f3d56c83bddb6572593a8bb0),source=b30df0e9fb9f5cf3be757711dc3175a9b421806a31e6ab3635c549ebe920d1d9;reference=b5911f5013e6f1a21e80fe604d42c8e6ea0b522df50b9dd00f6fb54c5cdd262d;manifest=1d7be4b15b51e06f8efa3b7501e7950f65e82b4d79ff2219f63ff7f770078577,artifact/results/raw/saturating_add/format/clang_o2.out,b5911f5013e6f1a21e80fe604d42c8e6ea0b522df50b9dd00f6fb54c5cdd262d,artifact/results/raw/saturating_add/format/clang_o2.s,1126ecabf7ac7c6a0f5b9db64131ad248fb9be68da9b55972341d997091a2b58,artifact/results/independent_recheck.json,EXECUTED,"65,536 ordered byte-pair cases; retained output and assembly bound to certificate."
FINITE-saturating_add-erase_tolerable-gcc-O0,FINITE_EXHAUSTIVE_COMPILER_CELL,saturating_add,erase_tolerable,gcc,-O0,gcc -std=c11 -Wall -Wextra -Werror -O0 artifact/benchmark/generated/saturating_add/erase_tolerable/kernel.c -o artifact/results/raw/saturating_add/erase_tolerable/gcc_o0,gcc (Debian 14.2.0-19) 14.2.0,source=75aab0500fea9e62ff2bc0c95e107bfad16798fa9bc231c4ed628c89e67ed0ac;reference=b5911f5013e6f1a21e80fe604d42c8e6ea0b522df50b9dd00f6fb54c5cdd262d;manifest=1d7be4b15b51e06f8efa3b7501e7950f65e82b4d79ff2219f63ff7f770078577,artifact/results/raw/saturating_add/erase_tolerable/gcc_o0.out,b5911f5013e6f1a21e80fe604d42c8e6ea0b522df50b9dd00f6fb54c5cdd262d,artifact/results/raw/saturating_add/erase_tolerable/gcc_o0.s,e371322befbc1cebd902c539a29691ff1ed76fa236246102758f5d1cdf94565f,artifact/results/independent_recheck.json,EXECUTED,"65,536 ordered byte-pair cases; retained output and assembly bound to certificate."
FINITE-saturating_add-erase_tolerable-gcc-O2,FINITE_EXHAUSTIVE_COMPILER_CELL,saturating_add,erase_tolerable,gcc,-O2,gcc -std=c11 -Wall -Wextra -Werror -O2 artifact/benchmark/generated/saturating_add/erase_tolerable/kernel.c -o artifact/results/raw/saturating_add/erase_tolerable/gcc_o2,gcc (Debian 14.2.0-19) 14.2.0,source=75aab0500fea9e62ff2bc0c95e107bfad16798fa9bc231c4ed628c89e67ed0ac;reference=b5911f5013e6f1a21e80fe604d42c8e6ea0b522df50b9dd00f6fb54c5cdd262d;manifest=1d7be4b15b51e06f8efa3b7501e7950f65e82b4d79ff2219f63ff7f770078577,artifact/results/raw/saturating_add/erase_tolerable/gcc_o2.out,b5911f5013e6f1a21e80fe604d42c8e6ea0b522df50b9dd00f6fb54c5cdd262d,artifact/results/raw/saturating_add/erase_tolerable/gcc_o2.s,5a8e8c17801ce99dc5e1be8f9cbc423d38255a62b9b129448409af36ce9a1dc2,artifact/results/independent_recheck.json,EXECUTED,"65,536 ordered byte-pair cases; retained output and assembly bound to certificate."
FINITE-saturating_add-erase_tolerable-clang-O0,FINITE_EXHAUSTIVE_COMPILER_CELL,saturating_add,erase_tolerable,clang,-O0,clang -std=c11 -Wall -Wextra -Werror -O0 artifact/benchmark/generated/saturating_add/erase_tolerable/kernel.c -o artifact/results/raw/saturating_add/erase_tolerable/clang_o0,clang version 17.0.0 (https://github.com/swiftlang/llvm-project.git 10999b6d034fe318f3d56c83bddb6572593a8bb0),source=75aab0500fea9e62ff2bc0c95e107bfad16798fa9bc231c4ed628c89e67ed0ac;reference=b5911f5013e6f1a21e80fe604d42c8e6ea0b522df50b9dd00f6fb54c5cdd262d;manifest=1d7be4b15b51e06f8efa3b7501e7950f65e82b4d79ff2219f63ff7f770078577,artifact/results/raw/saturating_add/erase_tolerable/clang_o0.out,b5911f5013e6f1a21e80fe604d42c8e6ea0b522df50b9dd00f6fb54c5cdd262d,artifact/results/raw/saturating_add/erase_tolerable/clang_o0.s,e17fe7f2e5acf2126c28471b2cdc1f02294ac0fdff773c1609896e86f77fefae,artifact/results/independent_recheck.json,EXECUTED,"65,536 ordered byte-pair cases; retained output and assembly bound to certificate."
FINITE-saturating_add-erase_tolerable-clang-O2,FINITE_EXHAUSTIVE_COMPILER_CELL,saturating_add,erase_tolerable,clang,-O2,clang -std=c11 -Wall -Wextra -Werror -O2 artifact/benchmark/generated/saturating_add/erase_tolerable/kernel.c -o artifact/results/raw/saturating_add/erase_tolerable/clang_o2,clang version 17.0.0 (https://github.com/swiftlang/llvm-project.git 10999b6d034fe318f3d56c83bddb6572593a8bb0),source=75aab0500fea9e62ff2bc0c95e107bfad16798fa9bc231c4ed628c89e67ed0ac;reference=b5911f5013e6f1a21e80fe604d42c8e6ea0b522df50b9dd00f6fb54c5cdd262d;manifest=1d7be4b15b51e06f8efa3b7501e7950f65e82b4d79ff2219f63ff7f770078577,artifact/results/raw/saturating_add/erase_tolerable/clang_o2.out,b5911f5013e6f1a21e80fe604d42c8e6ea0b522df50b9dd00f6fb54c5cdd262d,artifact/results/raw/saturating_add/erase_tolerable/clang_o2.s,1126ecabf7ac7c6a0f5b9db64131ad248fb9be68da9b55972341d997091a2b58,artifact/results/independent_recheck.json,EXECUTED,"65,536 ordered byte-pair cases; retained output and assembly bound to certificate."
FINITE-saturating_add-merge_tolerable-gcc-O0,FINITE_EXHAUSTIVE_COMPILER_CELL,saturating_add,merge_tolerable,gcc,-O0,gcc -std=c11 -Wall -Wextra -Werror -O0 artifact/benchmark/generated/saturating_add/merge_tolerable/kernel.c -o artifact/results/raw/saturating_add/merge_tolerable/gcc_o0,gcc (Debian 14.2.0-19) 14.2.0,source=a970e82fb9ca4596fe523fdfec39cbb0d82fbd6f8c95b08670b54cdf559cc8e8;reference=b5911f5013e6f1a21e80fe604d42c8e6ea0b522df50b9dd00f6fb54c5cdd262d;manifest=1d7be4b15b51e06f8efa3b7501e7950f65e82b4d79ff2219f63ff7f770078577,artifact/results/raw/saturating_add/merge_tolerable/gcc_o0.out,b5911f5013e6f1a21e80fe604d42c8e6ea0b522df50b9dd00f6fb54c5cdd262d,artifact/results/raw/saturating_add/merge_tolerable/gcc_o0.s,e371322befbc1cebd902c539a29691ff1ed76fa236246102758f5d1cdf94565f,artifact/results/independent_recheck.json,EXECUTED,"65,536 ordered byte-pair cases; retained output and assembly bound to certificate."
FINITE-saturating_add-merge_tolerable-gcc-O2,FINITE_EXHAUSTIVE_COMPILER_CELL,saturating_add,merge_tolerable,gcc,-O2,gcc -std=c11 -Wall -Wextra -Werror -O2 artifact/benchmark/generated/saturating_add/merge_tolerable/kernel.c -o artifact/results/raw/saturating_add/merge_tolerable/gcc_o2,gcc (Debian 14.2.0-19) 14.2.0,source=a970e82fb9ca4596fe523fdfec39cbb0d82fbd6f8c95b08670b54cdf559cc8e8;reference=b5911f5013e6f1a21e80fe604d42c8e6ea0b522df50b9dd00f6fb54c5cdd262d;manifest=1d7be4b15b51e06f8efa3b7501e7950f65e82b4d79ff2219f63ff7f770078577,artifact/results/raw/saturating_add/merge_tolerable/gcc_o2.out,b5911f5013e6f1a21e80fe604d42c8e6ea0b522df50b9dd00f6fb54c5cdd262d,artifact/results/raw/saturating_add/merge_tolerable/gcc_o2.s,5a8e8c17801ce99dc5e1be8f9cbc423d38255a62b9b129448409af36ce9a1dc2,artifact/results/independent_recheck.json,EXECUTED,"65,536 ordered byte-pair cases; retained output and assembly bound to certificate."
FINITE-saturating_add-merge_tolerable-clang-O0,FINITE_EXHAUSTIVE_COMPILER_CELL,saturating_add,merge_tolerable,clang,-O0,clang -std=c11 -Wall -Wextra -Werror -O0 artifact/benchmark/generated/saturating_add/merge_tolerable/kernel.c -o artifact/results/raw/saturating_add/merge_tolerable/clang_o0,clang version 17.0.0 (https://github.com/swiftlang/llvm-project.git 10999b6d034fe318f3d56c83bddb6572593a8bb0),source=a970e82fb9ca4596fe523fdfec39cbb0d82fbd6f8c95b08670b54cdf559cc8e8;reference=b5911f5013e6f1a21e80fe604d42c8e6ea0b522df50b9dd00f6fb54c5cdd262d;manifest=1d7be4b15b51e06f8efa3b7501e7950f65e82b4d79ff2219f63ff7f770078577,artifact/results/raw/saturating_add/merge_tolerable/clang_o0.out,b5911f5013e6f1a21e80fe604d42c8e6ea0b522df50b9dd00f6fb54c5cdd262d,artifact/results/raw/saturating_add/merge_tolerable/clang_o0.s,e17fe7f2e5acf2126c28471b2cdc1f02294ac0fdff773c1609896e86f77fefae,artifact/results/independent_recheck.json,EXECUTED,"65,536 ordered byte-pair cases; retained output and assembly bound to certificate."
FINITE-saturating_add-merge_tolerable-clang-O2,FINITE_EXHAUSTIVE_COMPILER_CELL,saturating_add,merge_tolerable,clang,-O2,clang -std=c11 -Wall -Wextra -Werror -O2 artifact/benchmark/generated/saturating_add/merge_tolerable/kernel.c -o artifact/results/raw/saturating_add/merge_tolerable/clang_o2,clang version 17.0.0 (https://github.com/swiftlang/llvm-project.git 10999b6d034fe318f3d56c83bddb6572593a8bb0),source=a970e82fb9ca4596fe523fdfec39cbb0d82fbd6f8c95b08670b54cdf559cc8e8;reference=b5911f5013e6f1a21e80fe604d42c8e6ea0b522df50b9dd00f6fb54c5cdd262d;manifest=1d7be4b15b51e06f8efa3b7501e7950f65e82b4d79ff2219f63ff7f770078577,artifact/results/raw/saturating_add/merge_tolerable/clang_o2.out,b5911f5013e6f1a21e80fe604d42c8e6ea0b522df50b9dd00f6fb54c5cdd262d,artifact/results/raw/saturating_add/merge_tolerable/clang_o2.s,1126ecabf7ac7c6a0f5b9db64131ad248fb9be68da9b55972341d997091a2b58,artifact/results/independent_recheck.json,EXECUTED,"65,536 ordered byte-pair cases; retained output and assembly bound to certificate."
FINITE-saturating_add-flip_tolerable-gcc-O0,FINITE_EXHAUSTIVE_COMPILER_CELL,saturating_add,flip_tolerable,gcc,-O0,gcc -std=c11 -Wall -Wextra -Werror -O0 artifact/benchmark/generated/saturating_add/flip_tolerable/kernel.c -o artifact/results/raw/saturating_add/flip_tolerable/gcc_o0,gcc (Debian 14.2.0-19) 14.2.0,source=18f88602b193cc10b942f9626a3b325a2f070593df01e6d45f46102d217f928f;reference=b5911f5013e6f1a21e80fe604d42c8e6ea0b522df50b9dd00f6fb54c5cdd262d;manifest=1d7be4b15b51e06f8efa3b7501e7950f65e82b4d79ff2219f63ff7f770078577,artifact/results/raw/saturating_add/flip_tolerable/gcc_o0.out,b5911f5013e6f1a21e80fe604d42c8e6ea0b522df50b9dd00f6fb54c5cdd262d,artifact/results/raw/saturating_add/flip_tolerable/gcc_o0.s,dbbe755134d1a8abe3a310140fe83c2608431aa078e9b37c6bce7692e05deee7,artifact/results/independent_recheck.json,EXECUTED,"65,536 ordered byte-pair cases; retained output and assembly bound to certificate."
FINITE-saturating_add-flip_tolerable-gcc-O2,FINITE_EXHAUSTIVE_COMPILER_CELL,saturating_add,flip_tolerable,gcc,-O2,gcc -std=c11 -Wall -Wextra -Werror -O2 artifact/benchmark/generated/saturating_add/flip_tolerable/kernel.c -o artifact/results/raw/saturating_add/flip_tolerable/gcc_o2,gcc (Debian 14.2.0-19) 14.2.0,source=18f88602b193cc10b942f9626a3b325a2f070593df01e6d45f46102d217f928f;reference=b5911f5013e6f1a21e80fe604d42c8e6ea0b522df50b9dd00f6fb54c5cdd262d;manifest=1d7be4b15b51e06f8efa3b7501e7950f65e82b4d79ff2219f63ff7f770078577,artifact/results/raw/saturating_add/flip_tolerable/gcc_o2.out,b5911f5013e6f1a21e80fe604d42c8e6ea0b522df50b9dd00f6fb54c5cdd262d,artifact/results/raw/saturating_add/flip_tolerable/gcc_o2.s,5a8e8c17801ce99dc5e1be8f9cbc423d38255a62b9b129448409af36ce9a1dc2,artifact/results/independent_recheck.json,EXECUTED,"65,536 ordered byte-pair cases; retained output and assembly bound to certificate."
FINITE-saturating_add-flip_tolerable-clang-O0,FINITE_EXHAUSTIVE_COMPILER_CELL,saturating_add,flip_tolerable,clang,-O0,clang -std=c11 -Wall -Wextra -Werror -O0 artifact/benchmark/generated/saturating_add/flip_tolerable/kernel.c -o artifact/results/raw/saturating_add/flip_tolerable/clang_o0,clang version 17.0.0 (https://github.com/swiftlang/llvm-project.git 10999b6d034fe318f3d56c83bddb6572593a8bb0),source=18f88602b193cc10b942f9626a3b325a2f070593df01e6d45f46102d217f928f;reference=b5911f5013e6f1a21e80fe604d42c8e6ea0b522df50b9dd00f6fb54c5cdd262d;manifest=1d7be4b15b51e06f8efa3b7501e7950f65e82b4d79ff2219f63ff7f770078577,artifact/results/raw/saturating_add/flip_tolerable/clang_o0.out,b5911f5013e6f1a21e80fe604d42c8e6ea0b522df50b9dd00f6fb54c5cdd262d,artifact/results/raw/saturating_add/flip_tolerable/clang_o0.s,4f3144d17143a80b43410b7e3eed78ca917a7d2bd435f97c56c179c51828d0f8,artifact/results/independent_recheck.json,EXECUTED,"65,536 ordered byte-pair cases; retained output and assembly bound to certificate."
FINITE-saturating_add-flip_tolerable-clang-O2,FINITE_EXHAUSTIVE_COMPILER_CELL,saturating_add,flip_tolerable,clang,-O2,clang -std=c11 -Wall -Wextra -Werror -O2 artifact/benchmark/generated/saturating_add/flip_tolerable/kernel.c -o artifact/results/raw/saturating_add/flip_tolerable/clang_o2,clang version 17.0.0 (https://github.com/swiftlang/llvm-project.git 10999b6d034fe318f3d56c83bddb6572593a8bb0),source=18f88602b193cc10b942f9626a3b325a2f070593df01e6d45f46102d217f928f;reference=b5911f5013e6f1a21e80fe604d42c8e6ea0b522df50b9dd00f6fb54c5cdd262d;manifest=1d7be4b15b51e06f8efa3b7501e7950f65e82b4d79ff2219f63ff7f770078577,artifact/results/raw/saturating_add/flip_tolerable/clang_o2.out,b5911f5013e6f1a21e80fe604d42c8e6ea0b522df50b9dd00f6fb54c5cdd262d,artifact/results/raw/saturating_add/flip_tolerable/clang_o2.s,1126ecabf7ac7c6a0f5b9db64131ad248fb9be68da9b55972341d997091a2b58,artifact/results/independent_recheck.json,EXECUTED,"65,536 ordered byte-pair cases; retained output and assembly bound to certificate."
FINITE-saturating_add-recovery_break-gcc-O0,FINITE_EXHAUSTIVE_COMPILER_CELL,saturating_add,recovery_break,gcc,-O0,gcc -std=c11 -Wall -Wextra -Werror -O0 artifact/benchmark/generated/saturating_add/recovery_break/kernel.c -o artifact/results/raw/saturating_add/recovery_break/gcc_o0,gcc (Debian 14.2.0-19) 14.2.0,source=d025189761ee29663fc77866cc845a22d73a4ae0542eafc751832b1318647f4a;reference=b5911f5013e6f1a21e80fe604d42c8e6ea0b522df50b9dd00f6fb54c5cdd262d;manifest=1d7be4b15b51e06f8efa3b7501e7950f65e82b4d79ff2219f63ff7f770078577,artifact/results/raw/saturating_add/recovery_break/gcc_o0.out,b5911f5013e6f1a21e80fe604d42c8e6ea0b522df50b9dd00f6fb54c5cdd262d,artifact/results/raw/saturating_add/recovery_break/gcc_o0.s,23d67b3578e8c98ef70573f150ec78882093d5b4c7ea4a4445fd8ff9fd967eeb,artifact/results/independent_recheck.json,EXECUTED,"65,536 ordered byte-pair cases; retained output and assembly bound to certificate."
FINITE-saturating_add-recovery_break-gcc-O2,FINITE_EXHAUSTIVE_COMPILER_CELL,saturating_add,recovery_break,gcc,-O2,gcc -std=c11 -Wall -Wextra -Werror -O2 artifact/benchmark/generated/saturating_add/recovery_break/kernel.c -o artifact/results/raw/saturating_add/recovery_break/gcc_o2,gcc (Debian 14.2.0-19) 14.2.0,source=d025189761ee29663fc77866cc845a22d73a4ae0542eafc751832b1318647f4a;reference=b5911f5013e6f1a21e80fe604d42c8e6ea0b522df50b9dd00f6fb54c5cdd262d;manifest=1d7be4b15b51e06f8efa3b7501e7950f65e82b4d79ff2219f63ff7f770078577,artifact/results/raw/saturating_add/recovery_break/gcc_o2.out,b5911f5013e6f1a21e80fe604d42c8e6ea0b522df50b9dd00f6fb54c5cdd262d,artifact/results/raw/saturating_add/recovery_break/gcc_o2.s,bba347f71f0ee373b486e70f87798496c1707350a02e0f18e891c51c3b5d10a9,artifact/results/independent_recheck.json,EXECUTED,"65,536 ordered byte-pair cases; retained output and assembly bound to certificate."
FINITE-saturating_add-recovery_break-clang-O0,FINITE_EXHAUSTIVE_COMPILER_CELL,saturating_add,recovery_break,clang,-O0,clang -std=c11 -Wall -Wextra -Werror -O0 artifact/benchmark/generated/saturating_add/recovery_break/kernel.c -o artifact/results/raw/saturating_add/recovery_break/clang_o0,clang version 17.0.0 (https://github.com/swiftlang/llvm-project.git 10999b6d034fe318f3d56c83bddb6572593a8bb0),source=d025189761ee29663fc77866cc845a22d73a4ae0542eafc751832b1318647f4a;reference=b5911f5013e6f1a21e80fe604d42c8e6ea0b522df50b9dd00f6fb54c5cdd262d;manifest=1d7be4b15b51e06f8efa3b7501e7950f65e82b4d79ff2219f63ff7f770078577,artifact/results/raw/saturating_add/recovery_break/clang_o0.out,b5911f5013e6f1a21e80fe604d42c8e6ea0b522df50b9dd00f6fb54c5cdd262d,artifact/results/raw/saturating_add/recovery_break/clang_o0.s,e151f5bc6c8951fe96eca8330b32072781b686f8a89ac0d027e74b04c1df48df,artifact/results/independent_recheck.json,EXECUTED,"65,536 ordered byte-pair cases; retained output and assembly bound to certificate."
FINITE-saturating_add-recovery_break-clang-O2,FINITE_EXHAUSTIVE_COMPILER_CELL,saturating_add,recovery_break,clang,-O2,clang -std=c11 -Wall -Wextra -Werror -O2 artifact/benchmark/generated/saturating_add/recovery_break/kernel.c -o artifact/results/raw/saturating_add/recovery_break/clang_o2,clang version 17.0.0 (https://github.com/swiftlang/llvm-project.git 10999b6d034fe318f3d56c83bddb6572593a8bb0),source=d025189761ee29663fc77866cc845a22d73a4ae0542eafc751832b1318647f4a;reference=b5911f5013e6f1a21e80fe604d42c8e6ea0b522df50b9dd00f6fb54c5cdd262d;manifest=1d7be4b15b51e06f8efa3b7501e7950f65e82b4d79ff2219f63ff7f770078577,artifact/results/raw/saturating_add/recovery_break/clang_o2.out,b5911f5013e6f1a21e80fe604d42c8e6ea0b522df50b9dd00f6fb54c5cdd262d,artifact/results/raw/saturating_add/recovery_break/clang_o2.s,1126ecabf7ac7c6a0f5b9db64131ad248fb9be68da9b55972341d997091a2b58,artifact/results/independent_recheck.json,EXECUTED,"65,536 ordered byte-pair cases; retained output and assembly bound to certificate."
FINITE-saturating_add-reseed-gcc-O0,FINITE_EXHAUSTIVE_COMPILER_CELL,saturating_add,reseed,gcc,-O0,gcc -std=c11 -Wall -Wextra -Werror -O0 artifact/benchmark/generated/saturating_add/reseed/kernel.c -o artifact/results/raw/saturating_add/reseed/gcc_o0,gcc (Debian 14.2.0-19) 14.2.0,source=43750e5cad59fd904d5a7f2c07e640d4692fd4534283216d393ca1d015640661;reference=b5911f5013e6f1a21e80fe604d42c8e6ea0b522df50b9dd00f6fb54c5cdd262d;manifest=acc5766a6a396224a921d57232982a8f2e0c919aaaa6c8bd4965f1db6299ed40,artifact/results/raw/saturating_add/reseed/gcc_o0.out,b5911f5013e6f1a21e80fe604d42c8e6ea0b522df50b9dd00f6fb54c5cdd262d,artifact/results/raw/saturating_add/reseed/gcc_o0.s,2772f2e0dc7fce5868b959dd20f22e7ef3621a53f57bfee7998b56a51a9cfefb,artifact/results/independent_recheck.json,EXECUTED,"65,536 ordered byte-pair cases; retained output and assembly bound to certificate."
FINITE-saturating_add-reseed-gcc-O2,FINITE_EXHAUSTIVE_COMPILER_CELL,saturating_add,reseed,gcc,-O2,gcc -std=c11 -Wall -Wextra -Werror -O2 artifact/benchmark/generated/saturating_add/reseed/kernel.c -o artifact/results/raw/saturating_add/reseed/gcc_o2,gcc (Debian 14.2.0-19) 14.2.0,source=43750e5cad59fd904d5a7f2c07e640d4692fd4534283216d393ca1d015640661;reference=b5911f5013e6f1a21e80fe604d42c8e6ea0b522df50b9dd00f6fb54c5cdd262d;manifest=acc5766a6a396224a921d57232982a8f2e0c919aaaa6c8bd4965f1db6299ed40,artifact/results/raw/saturating_add/reseed/gcc_o2.out,b5911f5013e6f1a21e80fe604d42c8e6ea0b522df50b9dd00f6fb54c5cdd262d,artifact/results/raw/saturating_add/reseed/gcc_o2.s,e76913ec2231ff7dd94aba9d6678719ea12fed69b440da4fe46818044cc1e8ce,artifact/results/independent_recheck.json,EXECUTED,"65,536 ordered byte-pair cases; retained output and assembly bound to certificate."
FINITE-saturating_add-reseed-clang-O0,FINITE_EXHAUSTIVE_COMPILER_CELL,saturating_add,reseed,clang,-O0,clang -std=c11 -Wall -Wextra -Werror -O0 artifact/benchmark/generated/saturating_add/reseed/kernel.c -o artifact/results/raw/saturating_add/reseed/clang_o0,clang version 17.0.0 (https://github.com/swiftlang/llvm-project.git 10999b6d034fe318f3d56c83bddb6572593a8bb0),source=43750e5cad59fd904d5a7f2c07e640d4692fd4534283216d393ca1d015640661;reference=b5911f5013e6f1a21e80fe604d42c8e6ea0b522df50b9dd00f6fb54c5cdd262d;manifest=acc5766a6a396224a921d57232982a8f2e0c919aaaa6c8bd4965f1db6299ed40,artifact/results/raw/saturating_add/reseed/clang_o0.out,b5911f5013e6f1a21e80fe604d42c8e6ea0b522df50b9dd00f6fb54c5cdd262d,artifact/results/raw/saturating_add/reseed/clang_o0.s,b4054c632b2f93daee9b132d5a3680eaa83a9eac191a3eca976d9a0eef018c64,artifact/results/independent_recheck.json,EXECUTED,"65,536 ordered byte-pair cases; retained output and assembly bound to certificate."
FINITE-saturating_add-reseed-clang-O2,FINITE_EXHAUSTIVE_COMPILER_CELL,saturating_add,reseed,clang,-O2,clang -std=c11 -Wall -Wextra -Werror -O2 artifact/benchmark/generated/saturating_add/reseed/kernel.c -o artifact/results/raw/saturating_add/reseed/clang_o2,clang version 17.0.0 (https://github.com/swiftlang/llvm-project.git 10999b6d034fe318f3d56c83bddb6572593a8bb0),source=43750e5cad59fd904d5a7f2c07e640d4692fd4534283216d393ca1d015640661;reference=b5911f5013e6f1a21e80fe604d42c8e6ea0b522df50b9dd00f6fb54c5cdd262d;manifest=acc5766a6a396224a921d57232982a8f2e0c919aaaa6c8bd4965f1db6299ed40,artifact/results/raw/saturating_add/reseed/clang_o2.out,b5911f5013e6f1a21e80fe604d42c8e6ea0b522df50b9dd00f6fb54c5cdd262d,artifact/results/raw/saturating_add/reseed/clang_o2.s,1126ecabf7ac7c6a0f5b9db64131ad248fb9be68da9b55972341d997091a2b58,artifact/results/independent_recheck.json,EXECUTED,"65,536 ordered byte-pair cases; retained output and assembly bound to certificate."
FINITE-saturating_add-behavior_drift-gcc-O0,FINITE_EXHAUSTIVE_COMPILER_CELL,saturating_add,behavior_drift,gcc,-O0,gcc -std=c11 -Wall -Wextra -Werror -O0 artifact/benchmark/generated/saturating_add/behavior_drift/kernel.c -o artifact/results/raw/saturating_add/behavior_drift/gcc_o0,gcc (Debian 14.2.0-19) 14.2.0,source=00bc753e808ff83358e7a87e56daa17f671a9782ed645cd81148810780e532f1;reference=b5911f5013e6f1a21e80fe604d42c8e6ea0b522df50b9dd00f6fb54c5cdd262d;manifest=1d7be4b15b51e06f8efa3b7501e7950f65e82b4d79ff2219f63ff7f770078577,artifact/results/raw/saturating_add/behavior_drift/gcc_o0.out,8ddd94b8cb01fdb2c2319476cb596652f9c7c3bf86e769d5331cf5f6e1e2b6db,artifact/results/raw/saturating_add/behavior_drift/gcc_o0.s,f8294f1c8745415e1bf13f33bc72d88f77c4503b831f0863e8b2cf990ba69e39,artifact/results/independent_recheck.json,EXECUTED,"65,536 ordered byte-pair cases; retained output and assembly bound to certificate."
FINITE-saturating_add-behavior_drift-gcc-O2,FINITE_EXHAUSTIVE_COMPILER_CELL,saturating_add,behavior_drift,gcc,-O2,gcc -std=c11 -Wall -Wextra -Werror -O2 artifact/benchmark/generated/saturating_add/behavior_drift/kernel.c -o artifact/results/raw/saturating_add/behavior_drift/gcc_o2,gcc (Debian 14.2.0-19) 14.2.0,source=00bc753e808ff83358e7a87e56daa17f671a9782ed645cd81148810780e532f1;reference=b5911f5013e6f1a21e80fe604d42c8e6ea0b522df50b9dd00f6fb54c5cdd262d;manifest=1d7be4b15b51e06f8efa3b7501e7950f65e82b4d79ff2219f63ff7f770078577,artifact/results/raw/saturating_add/behavior_drift/gcc_o2.out,8ddd94b8cb01fdb2c2319476cb596652f9c7c3bf86e769d5331cf5f6e1e2b6db,artifact/results/raw/saturating_add/behavior_drift/gcc_o2.s,1ea0944d0215f0e7fdc5b8e4108c9979b4a33a2dd5f995df705d8fc261955f2b,artifact/results/independent_recheck.json,EXECUTED,"65,536 ordered byte-pair cases; retained output and assembly bound to certificate."
FINITE-saturating_add-behavior_drift-clang-O0,FINITE_EXHAUSTIVE_COMPILER_CELL,saturating_add,behavior_drift,clang,-O0,clang -std=c11 -Wall -Wextra -Werror -O0 artifact/benchmark/generated/saturating_add/behavior_drift/kernel.c -o artifact/results/raw/saturating_add/behavior_drift/clang_o0,clang version 17.0.0 (https://github.com/swiftlang/llvm-project.git 10999b6d034fe318f3d56c83bddb6572593a8bb0),source=00bc753e808ff83358e7a87e56daa17f671a9782ed645cd81148810780e532f1;reference=b5911f5013e6f1a21e80fe604d42c8e6ea0b522df50b9dd00f6fb54c5cdd262d;manifest=1d7be4b15b51e06f8efa3b7501e7950f65e82b4d79ff2219f63ff7f770078577,artifact/results/raw/saturating_add/behavior_drift/clang_o0.out,8ddd94b8cb01fdb2c2319476cb596652f9c7c3bf86e769d5331cf5f6e1e2b6db,artifact/results/raw/saturating_add/behavior_drift/clang_o0.s,ce997aa2870fff546a93f962ae3fb851815e73df0809104f4685f3972989510a,artifact/results/independent_recheck.json,EXECUTED,"65,536 ordered byte-pair cases; retained output and assembly bound to certificate."
FINITE-saturating_add-behavior_drift-clang-O2,FINITE_EXHAUSTIVE_COMPILER_CELL,saturating_add,behavior_drift,clang,-O2,clang -std=c11 -Wall -Wextra -Werror -O2 artifact/benchmark/generated/saturating_add/behavior_drift/kernel.c -o artifact/results/raw/saturating_add/behavior_drift/clang_o2,clang version 17.0.0 (https://github.com/swiftlang/llvm-project.git 10999b6d034fe318f3d56c83bddb6572593a8bb0),source=00bc753e808ff83358e7a87e56daa17f671a9782ed645cd81148810780e532f1;reference=b5911f5013e6f1a21e80fe604d42c8e6ea0b522df50b9dd00f6fb54c5cdd262d;manifest=1d7be4b15b51e06f8efa3b7501e7950f65e82b4d79ff2219f63ff7f770078577,artifact/results/raw/saturating_add/behavior_drift/clang_o2.out,8ddd94b8cb01fdb2c2319476cb596652f9c7c3bf86e769d5331cf5f6e1e2b6db,artifact/results/raw/saturating_add/behavior_drift/clang_o2.s,a9a4f123073fac1261c159f67cc3ba7f9767c8da9b1510929fe4daa2fa6975ee,artifact/results/independent_recheck.json,EXECUTED,"65,536 ordered byte-pair cases; retained output and assembly bound to certificate."
FINITE-branch_mix-baseline-gcc-O0,FINITE_EXHAUSTIVE_COMPILER_CELL,branch_mix,baseline,gcc,-O0,gcc -std=c11 -Wall -Wextra -Werror -O0 artifact/benchmark/generated/branch_mix/baseline/kernel.c -o artifact/results/raw/branch_mix/baseline/gcc_o0,gcc (Debian 14.2.0-19) 14.2.0,source=295dac7e02b3632f6a25abd63678febec80c5b31d555c2e2351417980ea25587;reference=808cb4895ed32670f8bab344f9c7116f2ebf9c2ecbcdd8f15095b911a83b24ff;manifest=7c38de5cfa7beb528163e23c8b980e94949c3359c8d2f08a44a0e57305fa96ac,artifact/results/raw/branch_mix/baseline/gcc_o0.out,808cb4895ed32670f8bab344f9c7116f2ebf9c2ecbcdd8f15095b911a83b24ff,artifact/results/raw/branch_mix/baseline/gcc_o0.s,4d33e7bdb58e7f5efc25782893af529044263dfa5185d57331f6cdcef0abc473,artifact/results/independent_recheck.json,EXECUTED,"65,536 ordered byte-pair cases; retained output and assembly bound to certificate."
FINITE-branch_mix-baseline-gcc-O2,FINITE_EXHAUSTIVE_COMPILER_CELL,branch_mix,baseline,gcc,-O2,gcc -std=c11 -Wall -Wextra -Werror -O2 artifact/benchmark/generated/branch_mix/baseline/kernel.c -o artifact/results/raw/branch_mix/baseline/gcc_o2,gcc (Debian 14.2.0-19) 14.2.0,source=295dac7e02b3632f6a25abd63678febec80c5b31d555c2e2351417980ea25587;reference=808cb4895ed32670f8bab344f9c7116f2ebf9c2ecbcdd8f15095b911a83b24ff;manifest=7c38de5cfa7beb528163e23c8b980e94949c3359c8d2f08a44a0e57305fa96ac,artifact/results/raw/branch_mix/baseline/gcc_o2.out,808cb4895ed32670f8bab344f9c7116f2ebf9c2ecbcdd8f15095b911a83b24ff,artifact/results/raw/branch_mix/baseline/gcc_o2.s,bf24fdf56f164d6a7d81ba0a3beb17d0d3565b70ff66d4a36fa7bc0904e94c9e,artifact/results/independent_recheck.json,EXECUTED,"65,536 ordered byte-pair cases; retained output and assembly bound to certificate."
FINITE-branch_mix-baseline-clang-O0,FINITE_EXHAUSTIVE_COMPILER_CELL,branch_mix,baseline,clang,-O0,clang -std=c11 -Wall -Wextra -Werror -O0 artifact/benchmark/generated/branch_mix/baseline/kernel.c -o artifact/results/raw/branch_mix/baseline/clang_o0,clang version 17.0.0 (https://github.com/swiftlang/llvm-project.git 10999b6d034fe318f3d56c83bddb6572593a8bb0),source=295dac7e02b3632f6a25abd63678febec80c5b31d555c2e2351417980ea25587;reference=808cb4895ed32670f8bab344f9c7116f2ebf9c2ecbcdd8f15095b911a83b24ff;manifest=7c38de5cfa7beb528163e23c8b980e94949c3359c8d2f08a44a0e57305fa96ac,artifact/results/raw/branch_mix/baseline/clang_o0.out,808cb4895ed32670f8bab344f9c7116f2ebf9c2ecbcdd8f15095b911a83b24ff,artifact/results/raw/branch_mix/baseline/clang_o0.s,cb97c7b61dbbdacbe58869632b6493589ac3c01e422e88e8be23554ce64a8176,artifact/results/independent_recheck.json,EXECUTED,"65,536 ordered byte-pair cases; retained output and assembly bound to certificate."
FINITE-branch_mix-baseline-clang-O2,FINITE_EXHAUSTIVE_COMPILER_CELL,branch_mix,baseline,clang,-O2,clang -std=c11 -Wall -Wextra -Werror -O2 artifact/benchmark/generated/branch_mix/baseline/kernel.c -o artifact/results/raw/branch_mix/baseline/clang_o2,clang version 17.0.0 (https://github.com/swiftlang/llvm-project.git 10999b6d034fe318f3d56c83bddb6572593a8bb0),source=295dac7e02b3632f6a25abd63678febec80c5b31d555c2e2351417980ea25587;reference=808cb4895ed32670f8bab344f9c7116f2ebf9c2ecbcdd8f15095b911a83b24ff;manifest=7c38de5cfa7beb528163e23c8b980e94949c3359c8d2f08a44a0e57305fa96ac,artifact/results/raw/branch_mix/baseline/clang_o2.out,808cb4895ed32670f8bab344f9c7116f2ebf9c2ecbcdd8f15095b911a83b24ff,artifact/results/raw/branch_mix/baseline/clang_o2.s,123342f7402b56c43b7813adbf934e200a0e3eb27e414a8ff440d21ca4ce61d4,artifact/results/independent_recheck.json,EXECUTED,"65,536 ordered byte-pair cases; retained output and assembly bound to certificate."
FINITE-branch_mix-rename-gcc-O0,FINITE_EXHAUSTIVE_COMPILER_CELL,branch_mix,rename,gcc,-O0,gcc -std=c11 -Wall -Wextra -Werror -O0 artifact/benchmark/generated/branch_mix/rename/kernel.c -o artifact/results/raw/branch_mix/rename/gcc_o0,gcc (Debian 14.2.0-19) 14.2.0,source=356d08247ff3deac5e3c678a58942d5faea72d8aedb04c25751cfc4f4d49a882;reference=808cb4895ed32670f8bab344f9c7116f2ebf9c2ecbcdd8f15095b911a83b24ff;manifest=7c38de5cfa7beb528163e23c8b980e94949c3359c8d2f08a44a0e57305fa96ac,artifact/results/raw/branch_mix/rename/gcc_o0.out,808cb4895ed32670f8bab344f9c7116f2ebf9c2ecbcdd8f15095b911a83b24ff,artifact/results/raw/branch_mix/rename/gcc_o0.s,4d33e7bdb58e7f5efc25782893af529044263dfa5185d57331f6cdcef0abc473,artifact/results/independent_recheck.json,EXECUTED,"65,536 ordered byte-pair cases; retained output and assembly bound to certificate."
FINITE-branch_mix-rename-gcc-O2,FINITE_EXHAUSTIVE_COMPILER_CELL,branch_mix,rename,gcc,-O2,gcc -std=c11 -Wall -Wextra -Werror -O2 artifact/benchmark/generated/branch_mix/rename/kernel.c -o artifact/results/raw/branch_mix/rename/gcc_o2,gcc (Debian 14.2.0-19) 14.2.0,source=356d08247ff3deac5e3c678a58942d5faea72d8aedb04c25751cfc4f4d49a882;reference=808cb4895ed32670f8bab344f9c7116f2ebf9c2ecbcdd8f15095b911a83b24ff;manifest=7c38de5cfa7beb528163e23c8b980e94949c3359c8d2f08a44a0e57305fa96ac,artifact/results/raw/branch_mix/rename/gcc_o2.out,808cb4895ed32670f8bab344f9c7116f2ebf9c2ecbcdd8f15095b911a83b24ff,artifact/results/raw/branch_mix/rename/gcc_o2.s,bf24fdf56f164d6a7d81ba0a3beb17d0d3565b70ff66d4a36fa7bc0904e94c9e,artifact/results/independent_recheck.json,EXECUTED,"65,536 ordered byte-pair cases; retained output and assembly bound to certificate."
FINITE-branch_mix-rename-clang-O0,FINITE_EXHAUSTIVE_COMPILER_CELL,branch_mix,rename,clang,-O0,clang -std=c11 -Wall -Wextra -Werror -O0 artifact/benchmark/generated/branch_mix/rename/kernel.c -o artifact/results/raw/branch_mix/rename/clang_o0,clang version 17.0.0 (https://github.com/swiftlang/llvm-project.git 10999b6d034fe318f3d56c83bddb6572593a8bb0),source=356d08247ff3deac5e3c678a58942d5faea72d8aedb04c25751cfc4f4d49a882;reference=808cb4895ed32670f8bab344f9c7116f2ebf9c2ecbcdd8f15095b911a83b24ff;manifest=7c38de5cfa7beb528163e23c8b980e94949c3359c8d2f08a44a0e57305fa96ac,artifact/results/raw/branch_mix/rename/clang_o0.out,808cb4895ed32670f8bab344f9c7116f2ebf9c2ecbcdd8f15095b911a83b24ff,artifact/results/raw/branch_mix/rename/clang_o0.s,cb97c7b61dbbdacbe58869632b6493589ac3c01e422e88e8be23554ce64a8176,artifact/results/independent_recheck.json,EXECUTED,"65,536 ordered byte-pair cases; retained output and assembly bound to certificate."
FINITE-branch_mix-rename-clang-O2,FINITE_EXHAUSTIVE_COMPILER_CELL,branch_mix,rename,clang,-O2,clang -std=c11 -Wall -Wextra -Werror -O2 artifact/benchmark/generated/branch_mix/rename/kernel.c -o artifact/results/raw/branch_mix/rename/clang_o2,clang version 17.0.0 (https://github.com/swiftlang/llvm-project.git 10999b6d034fe318f3d56c83bddb6572593a8bb0),source=356d08247ff3deac5e3c678a58942d5faea72d8aedb04c25751cfc4f4d49a882;reference=808cb4895ed32670f8bab344f9c7116f2ebf9c2ecbcdd8f15095b911a83b24ff;manifest=7c38de5cfa7beb528163e23c8b980e94949c3359c8d2f08a44a0e57305fa96ac,artifact/results/raw/branch_mix/rename/clang_o2.out,808cb4895ed32670f8bab344f9c7116f2ebf9c2ecbcdd8f15095b911a83b24ff,artifact/results/raw/branch_mix/rename/clang_o2.s,123342f7402b56c43b7813adbf934e200a0e3eb27e414a8ff440d21ca4ce61d4,artifact/results/independent_recheck.json,EXECUTED,"65,536 ordered byte-pair cases; retained output and assembly bound to certificate."
FINITE-branch_mix-reorder-gcc-O0,FINITE_EXHAUSTIVE_COMPILER_CELL,branch_mix,reorder,gcc,-O0,gcc -std=c11 -Wall -Wextra -Werror -O0 artifact/benchmark/generated/branch_mix/reorder/kernel.c -o artifact/results/raw/branch_mix/reorder/gcc_o0,gcc (Debian 14.2.0-19) 14.2.0,source=b960153e3eb83f8e9611a3a98e41e58aebd3a165dcf85d9b88504fc45947cdc9;reference=808cb4895ed32670f8bab344f9c7116f2ebf9c2ecbcdd8f15095b911a83b24ff;manifest=7c38de5cfa7beb528163e23c8b980e94949c3359c8d2f08a44a0e57305fa96ac,artifact/results/raw/branch_mix/reorder/gcc_o0.out,808cb4895ed32670f8bab344f9c7116f2ebf9c2ecbcdd8f15095b911a83b24ff,artifact/results/raw/branch_mix/reorder/gcc_o0.s,4d33e7bdb58e7f5efc25782893af529044263dfa5185d57331f6cdcef0abc473,artifact/results/independent_recheck.json,EXECUTED,"65,536 ordered byte-pair cases; retained output and assembly bound to certificate."
FINITE-branch_mix-reorder-gcc-O2,FINITE_EXHAUSTIVE_COMPILER_CELL,branch_mix,reorder,gcc,-O2,gcc -std=c11 -Wall -Wextra -Werror -O2 artifact/benchmark/generated/branch_mix/reorder/kernel.c -o artifact/results/raw/branch_mix/reorder/gcc_o2,gcc (Debian 14.2.0-19) 14.2.0,source=b960153e3eb83f8e9611a3a98e41e58aebd3a165dcf85d9b88504fc45947cdc9;reference=808cb4895ed32670f8bab344f9c7116f2ebf9c2ecbcdd8f15095b911a83b24ff;manifest=7c38de5cfa7beb528163e23c8b980e94949c3359c8d2f08a44a0e57305fa96ac,artifact/results/raw/branch_mix/reorder/gcc_o2.out,808cb4895ed32670f8bab344f9c7116f2ebf9c2ecbcdd8f15095b911a83b24ff,artifact/results/raw/branch_mix/reorder/gcc_o2.s,bf24fdf56f164d6a7d81ba0a3beb17d0d3565b70ff66d4a36fa7bc0904e94c9e,artifact/results/independent_recheck.json,EXECUTED,"65,536 ordered byte-pair cases; retained output and assembly bound to certificate."
FINITE-branch_mix-reorder-clang-O0,FINITE_EXHAUSTIVE_COMPILER_CELL,branch_mix,reorder,clang,-O0,clang -std=c11 -Wall -Wextra -Werror -O0 artifact/benchmark/generated/branch_mix/reorder/kernel.c -o artifact/results/raw/branch_mix/reorder/clang_o0,clang version 17.0.0 (https://github.com/swiftlang/llvm-project.git 10999b6d034fe318f3d56c83bddb6572593a8bb0),source=b960153e3eb83f8e9611a3a98e41e58aebd3a165dcf85d9b88504fc45947cdc9;reference=808cb4895ed32670f8bab344f9c7116f2ebf9c2ecbcdd8f15095b911a83b24ff;manifest=7c38de5cfa7beb528163e23c8b980e94949c3359c8d2f08a44a0e57305fa96ac,artifact/results/raw/branch_mix/reorder/clang_o0.out,808cb4895ed32670f8bab344f9c7116f2ebf9c2ecbcdd8f15095b911a83b24ff,artifact/results/raw/branch_mix/reorder/clang_o0.s,13eb736b9aeabbbd9bf11bdbcf0f39b03b9285286d848cc0d87d755a2fa5284a,artifact/results/independent_recheck.json,EXECUTED,"65,536 ordered byte-pair cases; retained output and assembly bound to certificate."
FINITE-branch_mix-reorder-clang-O2,FINITE_EXHAUSTIVE_COMPILER_CELL,branch_mix,reorder,clang,-O2,clang -std=c11 -Wall -Wextra -Werror -O2 artifact/benchmark/generated/branch_mix/reorder/kernel.c -o artifact/results/raw/branch_mix/reorder/clang_o2,clang version 17.0.0 (https://github.com/swiftlang/llvm-project.git 10999b6d034fe318f3d56c83bddb6572593a8bb0),source=b960153e3eb83f8e9611a3a98e41e58aebd3a165dcf85d9b88504fc45947cdc9;reference=808cb4895ed32670f8bab344f9c7116f2ebf9c2ecbcdd8f15095b911a83b24ff;manifest=7c38de5cfa7beb528163e23c8b980e94949c3359c8d2f08a44a0e57305fa96ac,artifact/results/raw/branch_mix/reorder/clang_o2.out,808cb4895ed32670f8bab344f9c7116f2ebf9c2ecbcdd8f15095b911a83b24ff,artifact/results/raw/branch_mix/reorder/clang_o2.s,123342f7402b56c43b7813adbf934e200a0e3eb27e414a8ff440d21ca4ce61d4,artifact/results/independent_recheck.json,EXECUTED,"65,536 ordered byte-pair cases; retained output and assembly bound to certificate."
FINITE-branch_mix-extract-gcc-O0,FINITE_EXHAUSTIVE_COMPILER_CELL,branch_mix,extract,gcc,-O0,gcc -std=c11 -Wall -Wextra -Werror -O0 artifact/benchmark/generated/branch_mix/extract/kernel.c -o artifact/results/raw/branch_mix/extract/gcc_o0,gcc (Debian 14.2.0-19) 14.2.0,source=e282e8098fb1ceaa98679fd17b2a0c9d729f2d4e6fd33ddeee860d27b9c568d9;reference=808cb4895ed32670f8bab344f9c7116f2ebf9c2ecbcdd8f15095b911a83b24ff;manifest=7c38de5cfa7beb528163e23c8b980e94949c3359c8d2f08a44a0e57305fa96ac,artifact/results/raw/branch_mix/extract/gcc_o0.out,808cb4895ed32670f8bab344f9c7116f2ebf9c2ecbcdd8f15095b911a83b24ff,artifact/results/raw/branch_mix/extract/gcc_o0.s,a6c2e4fd9610aa60b8c8bd25e3265ebdc7c20b02beec0f95f0368d9fec628b86,artifact/results/independent_recheck.json,EXECUTED,"65,536 ordered byte-pair cases; retained output and assembly bound to certificate."
FINITE-branch_mix-extract-gcc-O2,FINITE_EXHAUSTIVE_COMPILER_CELL,branch_mix,extract,gcc,-O2,gcc -std=c11 -Wall -Wextra -Werror -O2 artifact/benchmark/generated/branch_mix/extract/kernel.c -o artifact/results/raw/branch_mix/extract/gcc_o2,gcc (Debian 14.2.0-19) 14.2.0,source=e282e8098fb1ceaa98679fd17b2a0c9d729f2d4e6fd33ddeee860d27b9c568d9;reference=808cb4895ed32670f8bab344f9c7116f2ebf9c2ecbcdd8f15095b911a83b24ff;manifest=7c38de5cfa7beb528163e23c8b980e94949c3359c8d2f08a44a0e57305fa96ac,artifact/results/raw/branch_mix/extract/gcc_o2.out,808cb4895ed32670f8bab344f9c7116f2ebf9c2ecbcdd8f15095b911a83b24ff,artifact/results/raw/branch_mix/extract/gcc_o2.s,ebfd53e9031fc9c6b48216ed52420c1429b9e646e663c68ad9484f3bc159c83c,artifact/results/independent_recheck.json,EXECUTED,"65,536 ordered byte-pair cases; retained output and assembly bound to certificate."
FINITE-branch_mix-extract-clang-O0,FINITE_EXHAUSTIVE_COMPILER_CELL,branch_mix,extract,clang,-O0,clang -std=c11 -Wall -Wextra -Werror -O0 artifact/benchmark/generated/branch_mix/extract/kernel.c -o artifact/results/raw/branch_mix/extract/clang_o0,clang version 17.0.0 (https://github.com/swiftlang/llvm-project.git 10999b6d034fe318f3d56c83bddb6572593a8bb0),source=e282e8098fb1ceaa98679fd17b2a0c9d729f2d4e6fd33ddeee860d27b9c568d9;reference=808cb4895ed32670f8bab344f9c7116f2ebf9c2ecbcdd8f15095b911a83b24ff;manifest=7c38de5cfa7beb528163e23c8b980e94949c3359c8d2f08a44a0e57305fa96ac,artifact/results/raw/branch_mix/extract/clang_o0.out,808cb4895ed32670f8bab344f9c7116f2ebf9c2ecbcdd8f15095b911a83b24ff,artifact/results/raw/branch_mix/extract/clang_o0.s,c86daa208dff9d57878599e28d520ea08feebf5005416ab7a8214ddef06bdfa1,artifact/results/independent_recheck.json,EXECUTED,"65,536 ordered byte-pair cases; retained output and assembly bound to certificate."
FINITE-branch_mix-extract-clang-O2,FINITE_EXHAUSTIVE_COMPILER_CELL,branch_mix,extract,clang,-O2,clang -std=c11 -Wall -Wextra -Werror -O2 artifact/benchmark/generated/branch_mix/extract/kernel.c -o artifact/results/raw/branch_mix/extract/clang_o2,clang version 17.0.0 (https://github.com/swiftlang/llvm-project.git 10999b6d034fe318f3d56c83bddb6572593a8bb0),source=e282e8098fb1ceaa98679fd17b2a0c9d729f2d4e6fd33ddeee860d27b9c568d9;reference=808cb4895ed32670f8bab344f9c7116f2ebf9c2ecbcdd8f15095b911a83b24ff;manifest=7c38de5cfa7beb528163e23c8b980e94949c3359c8d2f08a44a0e57305fa96ac,artifact/results/raw/branch_mix/extract/clang_o2.out,808cb4895ed32670f8bab344f9c7116f2ebf9c2ecbcdd8f15095b911a83b24ff,artifact/results/raw/branch_mix/extract/clang_o2.s,123342f7402b56c43b7813adbf934e200a0e3eb27e414a8ff440d21ca4ce61d4,artifact/results/independent_recheck.json,EXECUTED,"65,536 ordered byte-pair cases; retained output and assembly bound to certificate."
FINITE-branch_mix-dependency_upgrade-gcc-O0,FINITE_EXHAUSTIVE_COMPILER_CELL,branch_mix,dependency_upgrade,gcc,-O0,gcc -std=c11 -Wall -Wextra -Werror -O0 artifact/benchmark/generated/branch_mix/dependency_upgrade/kernel.c -o artifact/results/raw/branch_mix/dependency_upgrade/gcc_o0,gcc (Debian 14.2.0-19) 14.2.0,source=44cc0faab498766e1194bd197280600ca70a9462e117fec24f1925b2b10c7879;reference=808cb4895ed32670f8bab344f9c7116f2ebf9c2ecbcdd8f15095b911a83b24ff;manifest=7c38de5cfa7beb528163e23c8b980e94949c3359c8d2f08a44a0e57305fa96ac,artifact/results/raw/branch_mix/dependency_upgrade/gcc_o0.out,808cb4895ed32670f8bab344f9c7116f2ebf9c2ecbcdd8f15095b911a83b24ff,artifact/results/raw/branch_mix/dependency_upgrade/gcc_o0.s,7b64aea867288ab1b7a6bb73602ad16af18b4a67ec2c557120a199567104c24a,artifact/results/independent_recheck.json,EXECUTED,"65,536 ordered byte-pair cases; retained output and assembly bound to certificate."
FINITE-branch_mix-dependency_upgrade-gcc-O2,FINITE_EXHAUSTIVE_COMPILER_CELL,branch_mix,dependency_upgrade,gcc,-O2,gcc -std=c11 -Wall -Wextra -Werror -O2 artifact/benchmark/generated/branch_mix/dependency_upgrade/kernel.c -o artifact/results/raw/branch_mix/dependency_upgrade/gcc_o2,gcc (Debian 14.2.0-19) 14.2.0,source=44cc0faab498766e1194bd197280600ca70a9462e117fec24f1925b2b10c7879;reference=808cb4895ed32670f8bab344f9c7116f2ebf9c2ecbcdd8f15095b911a83b24ff;manifest=7c38de5cfa7beb528163e23c8b980e94949c3359c8d2f08a44a0e57305fa96ac,artifact/results/raw/branch_mix/dependency_upgrade/gcc_o2.out,808cb4895ed32670f8bab344f9c7116f2ebf9c2ecbcdd8f15095b911a83b24ff,artifact/results/raw/branch_mix/dependency_upgrade/gcc_o2.s,6a0afb2d9e275300071b57a5b84f2ac503582289ee7b9b05841e7180fa245cbe,artifact/results/independent_recheck.json,EXECUTED,"65,536 ordered byte-pair cases; retained output and assembly bound to certificate."
FINITE-branch_mix-dependency_upgrade-clang-O0,FINITE_EXHAUSTIVE_COMPILER_CELL,branch_mix,dependency_upgrade,clang,-O0,clang -std=c11 -Wall -Wextra -Werror -O0 artifact/benchmark/generated/branch_mix/dependency_upgrade/kernel.c -o artifact/results/raw/branch_mix/dependency_upgrade/clang_o0,clang version 17.0.0 (https://github.com/swiftlang/llvm-project.git 10999b6d034fe318f3d56c83bddb6572593a8bb0),source=44cc0faab498766e1194bd197280600ca70a9462e117fec24f1925b2b10c7879;reference=808cb4895ed32670f8bab344f9c7116f2ebf9c2ecbcdd8f15095b911a83b24ff;manifest=7c38de5cfa7beb528163e23c8b980e94949c3359c8d2f08a44a0e57305fa96ac,artifact/results/raw/branch_mix/dependency_upgrade/clang_o0.out,808cb4895ed32670f8bab344f9c7116f2ebf9c2ecbcdd8f15095b911a83b24ff,artifact/results/raw/branch_mix/dependency_upgrade/clang_o0.s,cc810700a69ca86b76edae21c41d050ec963ad754effdf767d8d466bcf4685f4,artifact/results/independent_recheck.json,EXECUTED,"65,536 ordered byte-pair cases; retained output and assembly bound to certificate."
FINITE-branch_mix-dependency_upgrade-clang-O2,FINITE_EXHAUSTIVE_COMPILER_CELL,branch_mix,dependency_upgrade,clang,-O2,clang -std=c11 -Wall -Wextra -Werror -O2 artifact/benchmark/generated/branch_mix/dependency_upgrade/kernel.c -o artifact/results/raw/branch_mix/dependency_upgrade/clang_o2,clang version 17.0.0 (https://github.com/swiftlang/llvm-project.git 10999b6d034fe318f3d56c83bddb6572593a8bb0),source=44cc0faab498766e1194bd197280600ca70a9462e117fec24f1925b2b10c7879;reference=808cb4895ed32670f8bab344f9c7116f2ebf9c2ecbcdd8f15095b911a83b24ff;manifest=7c38de5cfa7beb528163e23c8b980e94949c3359c8d2f08a44a0e57305fa96ac,artifact/results/raw/branch_mix/dependency_upgrade/clang_o2.out,808cb4895ed32670f8bab344f9c7116f2ebf9c2ecbcdd8f15095b911a83b24ff,artifact/results/raw/branch_mix/dependency_upgrade/clang_o2.s,123342f7402b56c43b7813adbf934e200a0e3eb27e414a8ff440d21ca4ce61d4,artifact/results/independent_recheck.json,EXECUTED,"65,536 ordered byte-pair cases; retained output and assembly bound to certificate."
FINITE-branch_mix-format-gcc-O0,FINITE_EXHAUSTIVE_COMPILER_CELL,branch_mix,format,gcc,-O0,gcc -std=c11 -Wall -Wextra -Werror -O0 artifact/benchmark/generated/branch_mix/format/kernel.c -o artifact/results/raw/branch_mix/format/gcc_o0,gcc (Debian 14.2.0-19) 14.2.0,source=00071800b6d327b071a5760f4391cd0d8a3d2841fcdd618c0dfca398bfa2dddc;reference=808cb4895ed32670f8bab344f9c7116f2ebf9c2ecbcdd8f15095b911a83b24ff;manifest=7c38de5cfa7beb528163e23c8b980e94949c3359c8d2f08a44a0e57305fa96ac,artifact/results/raw/branch_mix/format/gcc_o0.out,808cb4895ed32670f8bab344f9c7116f2ebf9c2ecbcdd8f15095b911a83b24ff,artifact/results/raw/branch_mix/format/gcc_o0.s,7b64aea867288ab1b7a6bb73602ad16af18b4a67ec2c557120a199567104c24a,artifact/results/independent_recheck.json,EXECUTED,"65,536 ordered byte-pair cases; retained output and assembly bound to certificate."
FINITE-branch_mix-format-gcc-O2,FINITE_EXHAUSTIVE_COMPILER_CELL,branch_mix,format,gcc,-O2,gcc -std=c11 -Wall -Wextra -Werror -O2 artifact/benchmark/generated/branch_mix/format/kernel.c -o artifact/results/raw/branch_mix/format/gcc_o2,gcc (Debian 14.2.0-19) 14.2.0,source=00071800b6d327b071a5760f4391cd0d8a3d2841fcdd618c0dfca398bfa2dddc;reference=808cb4895ed32670f8bab344f9c7116f2ebf9c2ecbcdd8f15095b911a83b24ff;manifest=7c38de5cfa7beb528163e23c8b980e94949c3359c8d2f08a44a0e57305fa96ac,artifact/results/raw/branch_mix/format/gcc_o2.out,808cb4895ed32670f8bab344f9c7116f2ebf9c2ecbcdd8f15095b911a83b24ff,artifact/results/raw/branch_mix/format/gcc_o2.s,6a0afb2d9e275300071b57a5b84f2ac503582289ee7b9b05841e7180fa245cbe,artifact/results/independent_recheck.json,EXECUTED,"65,536 ordered byte-pair cases; retained output and assembly bound to certificate."
FINITE-branch_mix-format-clang-O0,FINITE_EXHAUSTIVE_COMPILER_CELL,branch_mix,format,clang,-O0,clang -std=c11 -Wall -Wextra -Werror -O0 artifact/benchmark/generated/branch_mix/format/kernel.c -o artifact/results/raw/branch_mix/format/clang_o0,clang version 17.0.0 (https://github.com/swiftlang/llvm-project.git 10999b6d034fe318f3d56c83bddb6572593a8bb0),source=00071800b6d327b071a5760f4391cd0d8a3d2841fcdd618c0dfca398bfa2dddc;reference=808cb4895ed32670f8bab344f9c7116f2ebf9c2ecbcdd8f15095b911a83b24ff;manifest=7c38de5cfa7beb528163e23c8b980e94949c3359c8d2f08a44a0e57305fa96ac,artifact/results/raw/branch_mix/format/clang_o0.out,808cb4895ed32670f8bab344f9c7116f2ebf9c2ecbcdd8f15095b911a83b24ff,artifact/results/raw/branch_mix/format/clang_o0.s,cc810700a69ca86b76edae21c41d050ec963ad754effdf767d8d466bcf4685f4,artifact/results/independent_recheck.json,EXECUTED,"65,536 ordered byte-pair cases; retained output and assembly bound to certificate."
FINITE-branch_mix-format-clang-O2,FINITE_EXHAUSTIVE_COMPILER_CELL,branch_mix,format,clang,-O2,clang -std=c11 -Wall -Wextra -Werror -O2 artifact/benchmark/generated/branch_mix/format/kernel.c -o artifact/results/raw/branch_mix/format/clang_o2,clang version 17.0.0 (https://github.com/swiftlang/llvm-project.git 10999b6d034fe318f3d56c83bddb6572593a8bb0),source=00071800b6d327b071a5760f4391cd0d8a3d2841fcdd618c0dfca398bfa2dddc;reference=808cb4895ed32670f8bab344f9c7116f2ebf9c2ecbcdd8f15095b911a83b24ff;manifest=7c38de5cfa7beb528163e23c8b980e94949c3359c8d2f08a44a0e57305fa96ac,artifact/results/raw/branch_mix/format/clang_o2.out,808cb4895ed32670f8bab344f9c7116f2ebf9c2ecbcdd8f15095b911a83b24ff,artifact/results/raw/branch_mix/format/clang_o2.s,123342f7402b56c43b7813adbf934e200a0e3eb27e414a8ff440d21ca4ce61d4,artifact/results/independent_recheck.json,EXECUTED,"65,536 ordered byte-pair cases; retained output and assembly bound to certificate."
FINITE-branch_mix-erase_tolerable-gcc-O0,FINITE_EXHAUSTIVE_COMPILER_CELL,branch_mix,erase_tolerable,gcc,-O0,gcc -std=c11 -Wall -Wextra -Werror -O0 artifact/benchmark/generated/branch_mix/erase_tolerable/kernel.c -o artifact/results/raw/branch_mix/erase_tolerable/gcc_o0,gcc (Debian 14.2.0-19) 14.2.0,source=f8524541747db0218b814eb67d6227b7966b52118c49402fac452ff2b3040bb0;reference=808cb4895ed32670f8bab344f9c7116f2ebf9c2ecbcdd8f15095b911a83b24ff;manifest=7c38de5cfa7beb528163e23c8b980e94949c3359c8d2f08a44a0e57305fa96ac,artifact/results/raw/branch_mix/erase_tolerable/gcc_o0.out,808cb4895ed32670f8bab344f9c7116f2ebf9c2ecbcdd8f15095b911a83b24ff,artifact/results/raw/branch_mix/erase_tolerable/gcc_o0.s,04d980c557bc1de65e0b1aa0b37592445a183c903d1fa737e81bfae8b1c0244b,artifact/results/independent_recheck.json,EXECUTED,"65,536 ordered byte-pair cases; retained output and assembly bound to certificate."
FINITE-branch_mix-erase_tolerable-gcc-O2,FINITE_EXHAUSTIVE_COMPILER_CELL,branch_mix,erase_tolerable,gcc,-O2,gcc -std=c11 -Wall -Wextra -Werror -O2 artifact/benchmark/generated/branch_mix/erase_tolerable/kernel.c -o artifact/results/raw/branch_mix/erase_tolerable/gcc_o2,gcc (Debian 14.2.0-19) 14.2.0,source=f8524541747db0218b814eb67d6227b7966b52118c49402fac452ff2b3040bb0;reference=808cb4895ed32670f8bab344f9c7116f2ebf9c2ecbcdd8f15095b911a83b24ff;manifest=7c38de5cfa7beb528163e23c8b980e94949c3359c8d2f08a44a0e57305fa96ac,artifact/results/raw/branch_mix/erase_tolerable/gcc_o2.out,808cb4895ed32670f8bab344f9c7116f2ebf9c2ecbcdd8f15095b911a83b24ff,artifact/results/raw/branch_mix/erase_tolerable/gcc_o2.s,ae47a56580276c32293b9a1f830d5409e2ffcf5e599d293263f752c55b000cd0,artifact/results/independent_recheck.json,EXECUTED,"65,536 ordered byte-pair cases; retained output and assembly bound to certificate."
FINITE-branch_mix-erase_tolerable-clang-O0,FINITE_EXHAUSTIVE_COMPILER_CELL,branch_mix,erase_tolerable,clang,-O0,clang -std=c11 -Wall -Wextra -Werror -O0 artifact/benchmark/generated/branch_mix/erase_tolerable/kernel.c -o artifact/results/raw/branch_mix/erase_tolerable/clang_o0,clang version 17.0.0 (https://github.com/swiftlang/llvm-project.git 10999b6d034fe318f3d56c83bddb6572593a8bb0),source=f8524541747db0218b814eb67d6227b7966b52118c49402fac452ff2b3040bb0;reference=808cb4895ed32670f8bab344f9c7116f2ebf9c2ecbcdd8f15095b911a83b24ff;manifest=7c38de5cfa7beb528163e23c8b980e94949c3359c8d2f08a44a0e57305fa96ac,artifact/results/raw/branch_mix/erase_tolerable/clang_o0.out,808cb4895ed32670f8bab344f9c7116f2ebf9c2ecbcdd8f15095b911a83b24ff,artifact/results/raw/branch_mix/erase_tolerable/clang_o0.s,c45b1a61e50ef2bc96da9fcdd90807ca842380e19a1852fb1fcb52d819af2271,artifact/results/independent_recheck.json,EXECUTED,"65,536 ordered byte-pair cases; retained output and assembly bound to certificate."
FINITE-branch_mix-erase_tolerable-clang-O2,FINITE_EXHAUSTIVE_COMPILER_CELL,branch_mix,erase_tolerable,clang,-O2,clang -std=c11 -Wall -Wextra -Werror -O2 artifact/benchmark/generated/branch_mix/erase_tolerable/kernel.c -o artifact/results/raw/branch_mix/erase_tolerable/clang_o2,clang version 17.0.0 (https://github.com/swiftlang/llvm-project.git 10999b6d034fe318f3d56c83bddb6572593a8bb0),source=f8524541747db0218b814eb67d6227b7966b52118c49402fac452ff2b3040bb0;reference=808cb4895ed32670f8bab344f9c7116f2ebf9c2ecbcdd8f15095b911a83b24ff;manifest=7c38de5cfa7beb528163e23c8b980e94949c3359c8d2f08a44a0e57305fa96ac,artifact/results/raw/branch_mix/erase_tolerable/clang_o2.out,808cb4895ed32670f8bab344f9c7116f2ebf9c2ecbcdd8f15095b911a83b24ff,artifact/results/raw/branch_mix/erase_tolerable/clang_o2.s,123342f7402b56c43b7813adbf934e200a0e3eb27e414a8ff440d21ca4ce61d4,artifact/results/independent_recheck.json,EXECUTED,"65,536 ordered byte-pair cases; retained output and assembly bound to certificate."
FINITE-branch_mix-merge_tolerable-gcc-O0,FINITE_EXHAUSTIVE_COMPILER_CELL,branch_mix,merge_tolerable,gcc,-O0,gcc -std=c11 -Wall -Wextra -Werror -O0 artifact/benchmark/generated/branch_mix/merge_tolerable/kernel.c -o artifact/results/raw/branch_mix/merge_tolerable/gcc_o0,gcc (Debian 14.2.0-19) 14.2.0,source=4ddb1a19fa70c8002b9e9c0929869f104a7a6b6bdb9f506dc7d91c39365a8bb9;reference=808cb4895ed32670f8bab344f9c7116f2ebf9c2ecbcdd8f15095b911a83b24ff;manifest=7c38de5cfa7beb528163e23c8b980e94949c3359c8d2f08a44a0e57305fa96ac,artifact/results/raw/branch_mix/merge_tolerable/gcc_o0.out,808cb4895ed32670f8bab344f9c7116f2ebf9c2ecbcdd8f15095b911a83b24ff,artifact/results/raw/branch_mix/merge_tolerable/gcc_o0.s,04d980c557bc1de65e0b1aa0b37592445a183c903d1fa737e81bfae8b1c0244b,artifact/results/independent_recheck.json,EXECUTED,"65,536 ordered byte-pair cases; retained output and assembly bound to certificate."
FINITE-branch_mix-merge_tolerable-gcc-O2,FINITE_EXHAUSTIVE_COMPILER_CELL,branch_mix,merge_tolerable,gcc,-O2,gcc -std=c11 -Wall -Wextra -Werror -O2 artifact/benchmark/generated/branch_mix/merge_tolerable/kernel.c -o artifact/results/raw/branch_mix/merge_tolerable/gcc_o2,gcc (Debian 14.2.0-19) 14.2.0,source=4ddb1a19fa70c8002b9e9c0929869f104a7a6b6bdb9f506dc7d91c39365a8bb9;reference=808cb4895ed32670f8bab344f9c7116f2ebf9c2ecbcdd8f15095b911a83b24ff;manifest=7c38de5cfa7beb528163e23c8b980e94949c3359c8d2f08a44a0e57305fa96ac,artifact/results/raw/branch_mix/merge_tolerable/gcc_o2.out,808cb4895ed32670f8bab344f9c7116f2ebf9c2ecbcdd8f15095b911a83b24ff,artifact/results/raw/branch_mix/merge_tolerable/gcc_o2.s,ae47a56580276c32293b9a1f830d5409e2ffcf5e599d293263f752c55b000cd0,artifact/results/independent_recheck.json,EXECUTED,"65,536 ordered byte-pair cases; retained output and assembly bound to certificate."
FINITE-branch_mix-merge_tolerable-clang-O0,FINITE_EXHAUSTIVE_COMPILER_CELL,branch_mix,merge_tolerable,clang,-O0,clang -std=c11 -Wall -Wextra -Werror -O0 artifact/benchmark/generated/branch_mix/merge_tolerable/kernel.c -o artifact/results/raw/branch_mix/merge_tolerable/clang_o0,clang version 17.0.0 (https://github.com/swiftlang/llvm-project.git 10999b6d034fe318f3d56c83bddb6572593a8bb0),source=4ddb1a19fa70c8002b9e9c0929869f104a7a6b6bdb9f506dc7d91c39365a8bb9;reference=808cb4895ed32670f8bab344f9c7116f2ebf9c2ecbcdd8f15095b911a83b24ff;manifest=7c38de5cfa7beb528163e23c8b980e94949c3359c8d2f08a44a0e57305fa96ac,artifact/results/raw/branch_mix/merge_tolerable/clang_o0.out,808cb4895ed32670f8bab344f9c7116f2ebf9c2ecbcdd8f15095b911a83b24ff,artifact/results/raw/branch_mix/merge_tolerable/clang_o0.s,c45b1a61e50ef2bc96da9fcdd90807ca842380e19a1852fb1fcb52d819af2271,artifact/results/independent_recheck.json,EXECUTED,"65,536 ordered byte-pair cases; retained output and assembly bound to certificate."
FINITE-branch_mix-merge_tolerable-clang-O2,FINITE_EXHAUSTIVE_COMPILER_CELL,branch_mix,merge_tolerable,clang,-O2,clang -std=c11 -Wall -Wextra -Werror -O2 artifact/benchmark/generated/branch_mix/merge_tolerable/kernel.c -o artifact/results/raw/branch_mix/merge_tolerable/clang_o2,clang version 17.0.0 (https://github.com/swiftlang/llvm-project.git 10999b6d034fe318f3d56c83bddb6572593a8bb0),source=4ddb1a19fa70c8002b9e9c0929869f104a7a6b6bdb9f506dc7d91c39365a8bb9;reference=808cb4895ed32670f8bab344f9c7116f2ebf9c2ecbcdd8f15095b911a83b24ff;manifest=7c38de5cfa7beb528163e23c8b980e94949c3359c8d2f08a44a0e57305fa96ac,artifact/results/raw/branch_mix/merge_tolerable/clang_o2.out,808cb4895ed32670f8bab344f9c7116f2ebf9c2ecbcdd8f15095b911a83b24ff,artifact/results/raw/branch_mix/merge_tolerable/clang_o2.s,123342f7402b56c43b7813adbf934e200a0e3eb27e414a8ff440d21ca4ce61d4,artifact/results/independent_recheck.json,EXECUTED,"65,536 ordered byte-pair cases; retained output and assembly bound to certificate."
FINITE-branch_mix-flip_tolerable-gcc-O0,FINITE_EXHAUSTIVE_COMPILER_CELL,branch_mix,flip_tolerable,gcc,-O0,gcc -std=c11 -Wall -Wextra -Werror -O0 artifact/benchmark/generated/branch_mix/flip_tolerable/kernel.c -o artifact/results/raw/branch_mix/flip_tolerable/gcc_o0,gcc (Debian 14.2.0-19) 14.2.0,source=9f13c44a53ed490a48f9ddb844638ef56177fe6b174096bc4e21ab11efa43673;reference=808cb4895ed32670f8bab344f9c7116f2ebf9c2ecbcdd8f15095b911a83b24ff;manifest=7c38de5cfa7beb528163e23c8b980e94949c3359c8d2f08a44a0e57305fa96ac,artifact/results/raw/branch_mix/flip_tolerable/gcc_o0.out,808cb4895ed32670f8bab344f9c7116f2ebf9c2ecbcdd8f15095b911a83b24ff,artifact/results/raw/branch_mix/flip_tolerable/gcc_o0.s,9285fb95cfdfe4fdbcffb419850a99169339b2c5c9081e7b81b1e2220553ba8e,artifact/results/independent_recheck.json,EXECUTED,"65,536 ordered byte-pair cases; retained output and assembly bound to certificate."
FINITE-branch_mix-flip_tolerable-gcc-O2,FINITE_EXHAUSTIVE_COMPILER_CELL,branch_mix,flip_tolerable,gcc,-O2,gcc -std=c11 -Wall -Wextra -Werror -O2 artifact/benchmark/generated/branch_mix/flip_tolerable/kernel.c -o artifact/results/raw/branch_mix/flip_tolerable/gcc_o2,gcc (Debian 14.2.0-19) 14.2.0,source=9f13c44a53ed490a48f9ddb844638ef56177fe6b174096bc4e21ab11efa43673;reference=808cb4895ed32670f8bab344f9c7116f2ebf9c2ecbcdd8f15095b911a83b24ff;manifest=7c38de5cfa7beb528163e23c8b980e94949c3359c8d2f08a44a0e57305fa96ac,artifact/results/raw/branch_mix/flip_tolerable/gcc_o2.out,808cb4895ed32670f8bab344f9c7116f2ebf9c2ecbcdd8f15095b911a83b24ff,artifact/results/raw/branch_mix/flip_tolerable/gcc_o2.s,ae47a56580276c32293b9a1f830d5409e2ffcf5e599d293263f752c55b000cd0,artifact/results/independent_recheck.json,EXECUTED,"65,536 ordered byte-pair cases; retained output and assembly bound to certificate."
FINITE-branch_mix-flip_tolerable-clang-O0,FINITE_EXHAUSTIVE_COMPILER_CELL,branch_mix,flip_tolerable,clang,-O0,clang -std=c11 -Wall -Wextra -Werror -O0 artifact/benchmark/generated/branch_mix/flip_tolerable/kernel.c -o artifact/results/raw/branch_mix/flip_tolerable/clang_o0,clang version 17.0.0 (https://github.com/swiftlang/llvm-project.git 10999b6d034fe318f3d56c83bddb6572593a8bb0),source=9f13c44a53ed490a48f9ddb844638ef56177fe6b174096bc4e21ab11efa43673;reference=808cb4895ed32670f8bab344f9c7116f2ebf9c2ecbcdd8f15095b911a83b24ff;manifest=7c38de5cfa7beb528163e23c8b980e94949c3359c8d2f08a44a0e57305fa96ac,artifact/results/raw/branch_mix/flip_tolerable/clang_o0.out,808cb4895ed32670f8bab344f9c7116f2ebf9c2ecbcdd8f15095b911a83b24ff,artifact/results/raw/branch_mix/flip_tolerable/clang_o0.s,5cb5dde76bb189dc306554d0f2fdedeff13d88e31fbfe2458c4fb7a229d3dbd4,artifact/results/independent_recheck.json,EXECUTED,"65,536 ordered byte-pair cases; retained output and assembly bound to certificate."
FINITE-branch_mix-flip_tolerable-clang-O2,FINITE_EXHAUSTIVE_COMPILER_CELL,branch_mix,flip_tolerable,clang,-O2,clang -std=c11 -Wall -Wextra -Werror -O2 artifact/benchmark/generated/branch_mix/flip_tolerable/kernel.c -o artifact/results/raw/branch_mix/flip_tolerable/clang_o2,clang version 17.0.0 (https://github.com/swiftlang/llvm-project.git 10999b6d034fe318f3d56c83bddb6572593a8bb0),source=9f13c44a53ed490a48f9ddb844638ef56177fe6b174096bc4e21ab11efa43673;reference=808cb4895ed32670f8bab344f9c7116f2ebf9c2ecbcdd8f15095b911a83b24ff;manifest=7c38de5cfa7beb528163e23c8b980e94949c3359c8d2f08a44a0e57305fa96ac,artifact/results/raw/branch_mix/flip_tolerable/clang_o2.out,808cb4895ed32670f8bab344f9c7116f2ebf9c2ecbcdd8f15095b911a83b24ff,artifact/results/raw/branch_mix/flip_tolerable/clang_o2.s,123342f7402b56c43b7813adbf934e200a0e3eb27e414a8ff440d21ca4ce61d4,artifact/results/independent_recheck.json,EXECUTED,"65,536 ordered byte-pair cases; retained output and assembly bound to certificate."
FINITE-branch_mix-recovery_break-gcc-O0,FINITE_EXHAUSTIVE_COMPILER_CELL,branch_mix,recovery_break,gcc,-O0,gcc -std=c11 -Wall -Wextra -Werror -O0 artifact/benchmark/generated/branch_mix/recovery_break/kernel.c -o artifact/results/raw/branch_mix/recovery_break/gcc_o0,gcc (Debian 14.2.0-19) 14.2.0,source=db7ebb466fe0408c603e66dced166ae0dac60b74805d4468da1d171961d6d270;reference=808cb4895ed32670f8bab344f9c7116f2ebf9c2ecbcdd8f15095b911a83b24ff;manifest=7c38de5cfa7beb528163e23c8b980e94949c3359c8d2f08a44a0e57305fa96ac,artifact/results/raw/branch_mix/recovery_break/gcc_o0.out,808cb4895ed32670f8bab344f9c7116f2ebf9c2ecbcdd8f15095b911a83b24ff,artifact/results/raw/branch_mix/recovery_break/gcc_o0.s,2cb9d9fb97631f8fd8f0fb098bcb877d13acc9255942d2c1e7de211dc72adbd6,artifact/results/independent_recheck.json,EXECUTED,"65,536 ordered byte-pair cases; retained output and assembly bound to certificate."
FINITE-branch_mix-recovery_break-gcc-O2,FINITE_EXHAUSTIVE_COMPILER_CELL,branch_mix,recovery_break,gcc,-O2,gcc -std=c11 -Wall -Wextra -Werror -O2 artifact/benchmark/generated/branch_mix/recovery_break/kernel.c -o artifact/results/raw/branch_mix/recovery_break/gcc_o2,gcc (Debian 14.2.0-19) 14.2.0,source=db7ebb466fe0408c603e66dced166ae0dac60b74805d4468da1d171961d6d270;reference=808cb4895ed32670f8bab344f9c7116f2ebf9c2ecbcdd8f15095b911a83b24ff;manifest=7c38de5cfa7beb528163e23c8b980e94949c3359c8d2f08a44a0e57305fa96ac,artifact/results/raw/branch_mix/recovery_break/gcc_o2.out,808cb4895ed32670f8bab344f9c7116f2ebf9c2ecbcdd8f15095b911a83b24ff,artifact/results/raw/branch_mix/recovery_break/gcc_o2.s,8d88fa2204d8cd843b2dcc58046c5f835909d91c7df875e7aa003472707cbd48,artifact/results/independent_recheck.json,EXECUTED,"65,536 ordered byte-pair cases; retained output and assembly bound to certificate."
FINITE-branch_mix-recovery_break-clang-O0,FINITE_EXHAUSTIVE_COMPILER_CELL,branch_mix,recovery_break,clang,-O0,clang -std=c11 -Wall -Wextra -Werror -O0 artifact/benchmark/generated/branch_mix/recovery_break/kernel.c -o artifact/results/raw/branch_mix/recovery_break/clang_o0,clang version 17.0.0 (https://github.com/swiftlang/llvm-project.git 10999b6d034fe318f3d56c83bddb6572593a8bb0),source=db7ebb466fe0408c603e66dced166ae0dac60b74805d4468da1d171961d6d270;reference=808cb4895ed32670f8bab344f9c7116f2ebf9c2ecbcdd8f15095b911a83b24ff;manifest=7c38de5cfa7beb528163e23c8b980e94949c3359c8d2f08a44a0e57305fa96ac,artifact/results/raw/branch_mix/recovery_break/clang_o0.out,808cb4895ed32670f8bab344f9c7116f2ebf9c2ecbcdd8f15095b911a83b24ff,artifact/results/raw/branch_mix/recovery_break/clang_o0.s,3c6328ef7401cb76b05229a71d8539c8e3c01c972c873121c3f1aeb33826c9c5,artifact/results/independent_recheck.json,EXECUTED,"65,536 ordered byte-pair cases; retained output and assembly bound to certificate."
FINITE-branch_mix-recovery_break-clang-O2,FINITE_EXHAUSTIVE_COMPILER_CELL,branch_mix,recovery_break,clang,-O2,clang -std=c11 -Wall -Wextra -Werror -O2 artifact/benchmark/generated/branch_mix/recovery_break/kernel.c -o artifact/results/raw/branch_mix/recovery_break/clang_o2,clang version 17.0.0 (https://github.com/swiftlang/llvm-project.git 10999b6d034fe318f3d56c83bddb6572593a8bb0),source=db7ebb466fe0408c603e66dced166ae0dac60b74805d4468da1d171961d6d270;reference=808cb4895ed32670f8bab344f9c7116f2ebf9c2ecbcdd8f15095b911a83b24ff;manifest=7c38de5cfa7beb528163e23c8b980e94949c3359c8d2f08a44a0e57305fa96ac,artifact/results/raw/branch_mix/recovery_break/clang_o2.out,808cb4895ed32670f8bab344f9c7116f2ebf9c2ecbcdd8f15095b911a83b24ff,artifact/results/raw/branch_mix/recovery_break/clang_o2.s,123342f7402b56c43b7813adbf934e200a0e3eb27e414a8ff440d21ca4ce61d4,artifact/results/independent_recheck.json,EXECUTED,"65,536 ordered byte-pair cases; retained output and assembly bound to certificate."
FINITE-branch_mix-reseed-gcc-O0,FINITE_EXHAUSTIVE_COMPILER_CELL,branch_mix,reseed,gcc,-O0,gcc -std=c11 -Wall -Wextra -Werror -O0 artifact/benchmark/generated/branch_mix/reseed/kernel.c -o artifact/results/raw/branch_mix/reseed/gcc_o0,gcc (Debian 14.2.0-19) 14.2.0,source=4f10c9fdaf765edaa4ef7fd533ed6a47591582bdde3c11c1749bf8947f32d7ae;reference=808cb4895ed32670f8bab344f9c7116f2ebf9c2ecbcdd8f15095b911a83b24ff;manifest=961f59d3ef38e06f7e2cabd4be4c4ed2816eccf19c2768c7ab6f60d61909b3ad,artifact/results/raw/branch_mix/reseed/gcc_o0.out,808cb4895ed32670f8bab344f9c7116f2ebf9c2ecbcdd8f15095b911a83b24ff,artifact/results/raw/branch_mix/reseed/gcc_o0.s,69304aa445c27437b1a900ab5fda42fea189f0e44cc3ad3c9b4ba7f2661df701,artifact/results/independent_recheck.json,EXECUTED,"65,536 ordered byte-pair cases; retained output and assembly bound to certificate."
FINITE-branch_mix-reseed-gcc-O2,FINITE_EXHAUSTIVE_COMPILER_CELL,branch_mix,reseed,gcc,-O2,gcc -std=c11 -Wall -Wextra -Werror -O2 artifact/benchmark/generated/branch_mix/reseed/kernel.c -o artifact/results/raw/branch_mix/reseed/gcc_o2,gcc (Debian 14.2.0-19) 14.2.0,source=4f10c9fdaf765edaa4ef7fd533ed6a47591582bdde3c11c1749bf8947f32d7ae;reference=808cb4895ed32670f8bab344f9c7116f2ebf9c2ecbcdd8f15095b911a83b24ff;manifest=961f59d3ef38e06f7e2cabd4be4c4ed2816eccf19c2768c7ab6f60d61909b3ad,artifact/results/raw/branch_mix/reseed/gcc_o2.out,808cb4895ed32670f8bab344f9c7116f2ebf9c2ecbcdd8f15095b911a83b24ff,artifact/results/raw/branch_mix/reseed/gcc_o2.s,6a0afb2d9e275300071b57a5b84f2ac503582289ee7b9b05841e7180fa245cbe,artifact/results/independent_recheck.json,EXECUTED,"65,536 ordered byte-pair cases; retained output and assembly bound to certificate."
FINITE-branch_mix-reseed-clang-O0,FINITE_EXHAUSTIVE_COMPILER_CELL,branch_mix,reseed,clang,-O0,clang -std=c11 -Wall -Wextra -Werror -O0 artifact/benchmark/generated/branch_mix/reseed/kernel.c -o artifact/results/raw/branch_mix/reseed/clang_o0,clang version 17.0.0 (https://github.com/swiftlang/llvm-project.git 10999b6d034fe318f3d56c83bddb6572593a8bb0),source=4f10c9fdaf765edaa4ef7fd533ed6a47591582bdde3c11c1749bf8947f32d7ae;reference=808cb4895ed32670f8bab344f9c7116f2ebf9c2ecbcdd8f15095b911a83b24ff;manifest=961f59d3ef38e06f7e2cabd4be4c4ed2816eccf19c2768c7ab6f60d61909b3ad,artifact/results/raw/branch_mix/reseed/clang_o0.out,808cb4895ed32670f8bab344f9c7116f2ebf9c2ecbcdd8f15095b911a83b24ff,artifact/results/raw/branch_mix/reseed/clang_o0.s,58a8e889f7d84a44e9e978b41ef24b01a447206231797e2e0324dbb6587a4915,artifact/results/independent_recheck.json,EXECUTED,"65,536 ordered byte-pair cases; retained output and assembly bound to certificate."
FINITE-branch_mix-reseed-clang-O2,FINITE_EXHAUSTIVE_COMPILER_CELL,branch_mix,reseed,clang,-O2,clang -std=c11 -Wall -Wextra -Werror -O2 artifact/benchmark/generated/branch_mix/reseed/kernel.c -o artifact/results/raw/branch_mix/reseed/clang_o2,clang version 17.0.0 (https://github.com/swiftlang/llvm-project.git 10999b6d034fe318f3d56c83bddb6572593a8bb0),source=4f10c9fdaf765edaa4ef7fd533ed6a47591582bdde3c11c1749bf8947f32d7ae;reference=808cb4895ed32670f8bab344f9c7116f2ebf9c2ecbcdd8f15095b911a83b24ff;manifest=961f59d3ef38e06f7e2cabd4be4c4ed2816eccf19c2768c7ab6f60d61909b3ad,artifact/results/raw/branch_mix/reseed/clang_o2.out,808cb4895ed32670f8bab344f9c7116f2ebf9c2ecbcdd8f15095b911a83b24ff,artifact/results/raw/branch_mix/reseed/clang_o2.s,123342f7402b56c43b7813adbf934e200a0e3eb27e414a8ff440d21ca4ce61d4,artifact/results/independent_recheck.json,EXECUTED,"65,536 ordered byte-pair cases; retained output and assembly bound to certificate."
FINITE-branch_mix-behavior_drift-gcc-O0,FINITE_EXHAUSTIVE_COMPILER_CELL,branch_mix,behavior_drift,gcc,-O0,gcc -std=c11 -Wall -Wextra -Werror -O0 artifact/benchmark/generated/branch_mix/behavior_drift/kernel.c -o artifact/results/raw/branch_mix/behavior_drift/gcc_o0,gcc (Debian 14.2.0-19) 14.2.0,source=e3ff6853735760ca1a6e137a0a82041036b5a3ffd239f7c87d8d36791ab310ae;reference=808cb4895ed32670f8bab344f9c7116f2ebf9c2ecbcdd8f15095b911a83b24ff;manifest=7c38de5cfa7beb528163e23c8b980e94949c3359c8d2f08a44a0e57305fa96ac,artifact/results/raw/branch_mix/behavior_drift/gcc_o0.out,a7ca1b42859f00982989dde82e9722635e10add54d2749052be7e53789e30427,artifact/results/raw/branch_mix/behavior_drift/gcc_o0.s,a783bd1556c5ec9bc841a990231681825323684c1d92dd920fa556a82a8bb437,artifact/results/independent_recheck.json,EXECUTED,"65,536 ordered byte-pair cases; retained output and assembly bound to certificate."
FINITE-branch_mix-behavior_drift-gcc-O2,FINITE_EXHAUSTIVE_COMPILER_CELL,branch_mix,behavior_drift,gcc,-O2,gcc -std=c11 -Wall -Wextra -Werror -O2 artifact/benchmark/generated/branch_mix/behavior_drift/kernel.c -o artifact/results/raw/branch_mix/behavior_drift/gcc_o2,gcc (Debian 14.2.0-19) 14.2.0,source=e3ff6853735760ca1a6e137a0a82041036b5a3ffd239f7c87d8d36791ab310ae;reference=808cb4895ed32670f8bab344f9c7116f2ebf9c2ecbcdd8f15095b911a83b24ff;manifest=7c38de5cfa7beb528163e23c8b980e94949c3359c8d2f08a44a0e57305fa96ac,artifact/results/raw/branch_mix/behavior_drift/gcc_o2.out,a7ca1b42859f00982989dde82e9722635e10add54d2749052be7e53789e30427,artifact/results/raw/branch_mix/behavior_drift/gcc_o2.s,647b1c73d22d5988c754a540df18040105b522f33af1a7e8ccdd59b2e3670de2,artifact/results/independent_recheck.json,EXECUTED,"65,536 ordered byte-pair cases; retained output and assembly bound to certificate."
FINITE-branch_mix-behavior_drift-clang-O0,FINITE_EXHAUSTIVE_COMPILER_CELL,branch_mix,behavior_drift,clang,-O0,clang -std=c11 -Wall -Wextra -Werror -O0 artifact/benchmark/generated/branch_mix/behavior_drift/kernel.c -o artifact/results/raw/branch_mix/behavior_drift/clang_o0,clang version 17.0.0 (https://github.com/swiftlang/llvm-project.git 10999b6d034fe318f3d56c83bddb6572593a8bb0),source=e3ff6853735760ca1a6e137a0a82041036b5a3ffd239f7c87d8d36791ab310ae;reference=808cb4895ed32670f8bab344f9c7116f2ebf9c2ecbcdd8f15095b911a83b24ff;manifest=7c38de5cfa7beb528163e23c8b980e94949c3359c8d2f08a44a0e57305fa96ac,artifact/results/raw/branch_mix/behavior_drift/clang_o0.out,a7ca1b42859f00982989dde82e9722635e10add54d2749052be7e53789e30427,artifact/results/raw/branch_mix/behavior_drift/clang_o0.s,812c2109d875c117f13121deeaf43a32d455c5281106b4fda688c84a12eae9fa,artifact/results/independent_recheck.json,EXECUTED,"65,536 ordered byte-pair cases; retained output and assembly bound to certificate."
FINITE-branch_mix-behavior_drift-clang-O2,FINITE_EXHAUSTIVE_COMPILER_CELL,branch_mix,behavior_drift,clang,-O2,clang -std=c11 -Wall -Wextra -Werror -O2 artifact/benchmark/generated/branch_mix/behavior_drift/kernel.c -o artifact/results/raw/branch_mix/behavior_drift/clang_o2,clang version 17.0.0 (https://github.com/swiftlang/llvm-project.git 10999b6d034fe318f3d56c83bddb6572593a8bb0),source=e3ff6853735760ca1a6e137a0a82041036b5a3ffd239f7c87d8d36791ab310ae;reference=808cb4895ed32670f8bab344f9c7116f2ebf9c2ecbcdd8f15095b911a83b24ff;manifest=7c38de5cfa7beb528163e23c8b980e94949c3359c8d2f08a44a0e57305fa96ac,artifact/results/raw/branch_mix/behavior_drift/clang_o2.out,a7ca1b42859f00982989dde82e9722635e10add54d2749052be7e53789e30427,artifact/results/raw/branch_mix/behavior_drift/clang_o2.s,77d1657b3b3a62e4ad0794b44561dd102dff28666c690153e9b2e0799f41196b,artifact/results/independent_recheck.json,EXECUTED,"65,536 ordered byte-pair cases; retained output and assembly bound to certificate."
PROJECT-A-before-gcc-O0,COMMIT_DERIVED_COMPILER_CELL,A,before,gcc,-O0,gcc -std=gnu11 -O0 artifact/commit-replay/sources/A/before.c,"{""clang"": ""clang version 17.0.0 (https://github.com/swiftlang/llvm-project.git 10999b6d034fe318f3d56c83bddb6572593a8bb0)"", ""gcc"": ""gcc (Debian 14.2.0-19) 14.2.0"", ""machine"": ""x86_64"", ""python"": ""3.13.5"", ""system"": ""Linux"", ""toolchains"": [{""compiler"": ""gcc"", ""optimization"": ""-O0""}, {""compiler"": ""gcc"", ""optimization"": ""-O2""}, {""compiler"": ""clang"", ""optimization"": ""-O0""}, {""compiler"": ""clang"", ""optimization"": ""-O2""}]}",source=c81ea9416b69fde9939dbc8fe4cae3775963af2807f728b0a6fd1b93c5b76a0a;reference=4ba693b54d2c342548c6209f48bc85dd831aafdde61d30bf80cff23e44449043,artifact/commit-replay/build/A/before/gcc_O0/stdout.bin,4ba693b54d2c342548c6209f48bc85dd831aafdde61d30bf80cff23e44449043,artifact/commit-replay/build/A/before/gcc_O0/adapter.s,3c19444eb938b313d912070f366fbe59f3dba7de6b9be64234d93c45f3091b22,artifact/commit-replay/results/independent_recheck.json,EXECUTED,16 deterministic contract cases; byte-level executable reproduction=True.
PROJECT-A-before-gcc-O2,COMMIT_DERIVED_COMPILER_CELL,A,before,gcc,-O2,gcc -std=gnu11 -O2 artifact/commit-replay/sources/A/before.c,"{""clang"": ""clang version 17.0.0 (https://github.com/swiftlang/llvm-project.git 10999b6d034fe318f3d56c83bddb6572593a8bb0)"", ""gcc"": ""gcc (Debian 14.2.0-19) 14.2.0"", ""machine"": ""x86_64"", ""python"": ""3.13.5"", ""system"": ""Linux"", ""toolchains"": [{""compiler"": ""gcc"", ""optimization"": ""-O0""}, {""compiler"": ""gcc"", ""optimization"": ""-O2""}, {""compiler"": ""clang"", ""optimization"": ""-O0""}, {""compiler"": ""clang"", ""optimization"": ""-O2""}]}",source=c81ea9416b69fde9939dbc8fe4cae3775963af2807f728b0a6fd1b93c5b76a0a;reference=4ba693b54d2c342548c6209f48bc85dd831aafdde61d30bf80cff23e44449043,artifact/commit-replay/build/A/before/gcc_O2/stdout.bin,4ba693b54d2c342548c6209f48bc85dd831aafdde61d30bf80cff23e44449043,artifact/commit-replay/build/A/before/gcc_O2/adapter.s,36f1acebd134a84e715f86dcf011476db2701256cc3bb6503736abe0224e43fd,artifact/commit-replay/results/independent_recheck.json,EXECUTED,16 deterministic contract cases; byte-level executable reproduction=True.
PROJECT-A-before-clang-O0,COMMIT_DERIVED_COMPILER_CELL,A,before,clang,-O0,clang -std=gnu11 -O0 artifact/commit-replay/sources/A/before.c,"{""clang"": ""clang version 17.0.0 (https://github.com/swiftlang/llvm-project.git 10999b6d034fe318f3d56c83bddb6572593a8bb0)"", ""gcc"": ""gcc (Debian 14.2.0-19) 14.2.0"", ""machine"": ""x86_64"", ""python"": ""3.13.5"", ""system"": ""Linux"", ""toolchains"": [{""compiler"": ""gcc"", ""optimization"": ""-O0""}, {""compiler"": ""gcc"", ""optimization"": ""-O2""}, {""compiler"": ""clang"", ""optimization"": ""-O0""}, {""compiler"": ""clang"", ""optimization"": ""-O2""}]}",source=c81ea9416b69fde9939dbc8fe4cae3775963af2807f728b0a6fd1b93c5b76a0a;reference=4ba693b54d2c342548c6209f48bc85dd831aafdde61d30bf80cff23e44449043,artifact/commit-replay/build/A/before/clang_O0/stdout.bin,4ba693b54d2c342548c6209f48bc85dd831aafdde61d30bf80cff23e44449043,artifact/commit-replay/build/A/before/clang_O0/adapter.s,a130e0cc6cd52598a4409d4a45b8d68f5d9772bf6965c56b3a582c87244a5f36,artifact/commit-replay/results/independent_recheck.json,EXECUTED,16 deterministic contract cases; byte-level executable reproduction=True.
PROJECT-A-before-clang-O2,COMMIT_DERIVED_COMPILER_CELL,A,before,clang,-O2,clang -std=gnu11 -O2 artifact/commit-replay/sources/A/before.c,"{""clang"": ""clang version 17.0.0 (https://github.com/swiftlang/llvm-project.git 10999b6d034fe318f3d56c83bddb6572593a8bb0)"", ""gcc"": ""gcc (Debian 14.2.0-19) 14.2.0"", ""machine"": ""x86_64"", ""python"": ""3.13.5"", ""system"": ""Linux"", ""toolchains"": [{""compiler"": ""gcc"", ""optimization"": ""-O0""}, {""compiler"": ""gcc"", ""optimization"": ""-O2""}, {""compiler"": ""clang"", ""optimization"": ""-O0""}, {""compiler"": ""clang"", ""optimization"": ""-O2""}]}",source=c81ea9416b69fde9939dbc8fe4cae3775963af2807f728b0a6fd1b93c5b76a0a;reference=4ba693b54d2c342548c6209f48bc85dd831aafdde61d30bf80cff23e44449043,artifact/commit-replay/build/A/before/clang_O2/stdout.bin,4ba693b54d2c342548c6209f48bc85dd831aafdde61d30bf80cff23e44449043,artifact/commit-replay/build/A/before/clang_O2/adapter.s,603b175d391c2b67b91215096b086d07454a4cd2e0b42a55c592a238e38a4376,artifact/commit-replay/results/independent_recheck.json,EXECUTED,16 deterministic contract cases; byte-level executable reproduction=True.
PROJECT-A-after-gcc-O0,COMMIT_DERIVED_COMPILER_CELL,A,after,gcc,-O0,gcc -std=gnu11 -O0 artifact/commit-replay/sources/A/after.c,"{""clang"": ""clang version 17.0.0 (https://github.com/swiftlang/llvm-project.git 10999b6d034fe318f3d56c83bddb6572593a8bb0)"", ""gcc"": ""gcc (Debian 14.2.0-19) 14.2.0"", ""machine"": ""x86_64"", ""python"": ""3.13.5"", ""system"": ""Linux"", ""toolchains"": [{""compiler"": ""gcc"", ""optimization"": ""-O0""}, {""compiler"": ""gcc"", ""optimization"": ""-O2""}, {""compiler"": ""clang"", ""optimization"": ""-O0""}, {""compiler"": ""clang"", ""optimization"": ""-O2""}]}",source=ac792c2dcc5b31287a7d2ec30ce055513489b823866c9a71cf8d4fedc0cfca5c;reference=4ba693b54d2c342548c6209f48bc85dd831aafdde61d30bf80cff23e44449043,artifact/commit-replay/build/A/after/gcc_O0/stdout.bin,4ba693b54d2c342548c6209f48bc85dd831aafdde61d30bf80cff23e44449043,artifact/commit-replay/build/A/after/gcc_O0/adapter.s,01eeda28a89c7145c60c979470d715900acec5f4516e8042438878861b8cc662,artifact/commit-replay/results/independent_recheck.json,EXECUTED,16 deterministic contract cases; byte-level executable reproduction=True.
PROJECT-A-after-gcc-O2,COMMIT_DERIVED_COMPILER_CELL,A,after,gcc,-O2,gcc -std=gnu11 -O2 artifact/commit-replay/sources/A/after.c,"{""clang"": ""clang version 17.0.0 (https://github.com/swiftlang/llvm-project.git 10999b6d034fe318f3d56c83bddb6572593a8bb0)"", ""gcc"": ""gcc (Debian 14.2.0-19) 14.2.0"", ""machine"": ""x86_64"", ""python"": ""3.13.5"", ""system"": ""Linux"", ""toolchains"": [{""compiler"": ""gcc"", ""optimization"": ""-O0""}, {""compiler"": ""gcc"", ""optimization"": ""-O2""}, {""compiler"": ""clang"", ""optimization"": ""-O0""}, {""compiler"": ""clang"", ""optimization"": ""-O2""}]}",source=ac792c2dcc5b31287a7d2ec30ce055513489b823866c9a71cf8d4fedc0cfca5c;reference=4ba693b54d2c342548c6209f48bc85dd831aafdde61d30bf80cff23e44449043,artifact/commit-replay/build/A/after/gcc_O2/stdout.bin,4ba693b54d2c342548c6209f48bc85dd831aafdde61d30bf80cff23e44449043,artifact/commit-replay/build/A/after/gcc_O2/adapter.s,70a9e3bce063981cad206991bddc45b34b3d1570899cf481d1803df902410b5b,artifact/commit-replay/results/independent_recheck.json,EXECUTED,16 deterministic contract cases; byte-level executable reproduction=True.
PROJECT-A-after-clang-O0,COMMIT_DERIVED_COMPILER_CELL,A,after,clang,-O0,clang -std=gnu11 -O0 artifact/commit-replay/sources/A/after.c,"{""clang"": ""clang version 17.0.0 (https://github.com/swiftlang/llvm-project.git 10999b6d034fe318f3d56c83bddb6572593a8bb0)"", ""gcc"": ""gcc (Debian 14.2.0-19) 14.2.0"", ""machine"": ""x86_64"", ""python"": ""3.13.5"", ""system"": ""Linux"", ""toolchains"": [{""compiler"": ""gcc"", ""optimization"": ""-O0""}, {""compiler"": ""gcc"", ""optimization"": ""-O2""}, {""compiler"": ""clang"", ""optimization"": ""-O0""}, {""compiler"": ""clang"", ""optimization"": ""-O2""}]}",source=ac792c2dcc5b31287a7d2ec30ce055513489b823866c9a71cf8d4fedc0cfca5c;reference=4ba693b54d2c342548c6209f48bc85dd831aafdde61d30bf80cff23e44449043,artifact/commit-replay/build/A/after/clang_O0/stdout.bin,4ba693b54d2c342548c6209f48bc85dd831aafdde61d30bf80cff23e44449043,artifact/commit-replay/build/A/after/clang_O0/adapter.s,939a0e4ce41dc917db0c1044740d0f0e09596fccbd3763f3c961e942e1c56a80,artifact/commit-replay/results/independent_recheck.json,EXECUTED,16 deterministic contract cases; byte-level executable reproduction=True.
PROJECT-A-after-clang-O2,COMMIT_DERIVED_COMPILER_CELL,A,after,clang,-O2,clang -std=gnu11 -O2 artifact/commit-replay/sources/A/after.c,"{""clang"": ""clang version 17.0.0 (https://github.com/swiftlang/llvm-project.git 10999b6d034fe318f3d56c83bddb6572593a8bb0)"", ""gcc"": ""gcc (Debian 14.2.0-19) 14.2.0"", ""machine"": ""x86_64"", ""python"": ""3.13.5"", ""system"": ""Linux"", ""toolchains"": [{""compiler"": ""gcc"", ""optimization"": ""-O0""}, {""compiler"": ""gcc"", ""optimization"": ""-O2""}, {""compiler"": ""clang"", ""optimization"": ""-O0""}, {""compiler"": ""clang"", ""optimization"": ""-O2""}]}",source=ac792c2dcc5b31287a7d2ec30ce055513489b823866c9a71cf8d4fedc0cfca5c;reference=4ba693b54d2c342548c6209f48bc85dd831aafdde61d30bf80cff23e44449043,artifact/commit-replay/build/A/after/clang_O2/stdout.bin,4ba693b54d2c342548c6209f48bc85dd831aafdde61d30bf80cff23e44449043,artifact/commit-replay/build/A/after/clang_O2/adapter.s,61703ee6ce0af499c1f7da3c7669837ad46985c20e2bc8c06dd42a0ed4b28e7c,artifact/commit-replay/results/independent_recheck.json,EXECUTED,16 deterministic contract cases; byte-level executable reproduction=True.
PROJECT-A-tolerated-gcc-O0,COMMIT_DERIVED_COMPILER_CELL,A,tolerated,gcc,-O0,gcc -std=gnu11 -O0 artifact/commit-replay/sources/A/tolerated.c,"{""clang"": ""clang version 17.0.0 (https://github.com/swiftlang/llvm-project.git 10999b6d034fe318f3d56c83bddb6572593a8bb0)"", ""gcc"": ""gcc (Debian 14.2.0-19) 14.2.0"", ""machine"": ""x86_64"", ""python"": ""3.13.5"", ""system"": ""Linux"", ""toolchains"": [{""compiler"": ""gcc"", ""optimization"": ""-O0""}, {""compiler"": ""gcc"", ""optimization"": ""-O2""}, {""compiler"": ""clang"", ""optimization"": ""-O0""}, {""compiler"": ""clang"", ""optimization"": ""-O2""}]}",source=8804f027cda0c06bf5f3ed3801bd969c75cb58c42bcfd21216d2c775f84235f1;reference=4ba693b54d2c342548c6209f48bc85dd831aafdde61d30bf80cff23e44449043,artifact/commit-replay/build/A/tolerated/gcc_O0/stdout.bin,4ba693b54d2c342548c6209f48bc85dd831aafdde61d30bf80cff23e44449043,artifact/commit-replay/build/A/tolerated/gcc_O0/adapter.s,fb9db7fce04aad4f79226cd09dddfb4dc635010018d149e5a913742732c0eba8,artifact/commit-replay/results/independent_recheck.json,EXECUTED,16 deterministic contract cases; byte-level executable reproduction=True.
PROJECT-A-tolerated-gcc-O2,COMMIT_DERIVED_COMPILER_CELL,A,tolerated,gcc,-O2,gcc -std=gnu11 -O2 artifact/commit-replay/sources/A/tolerated.c,"{""clang"": ""clang version 17.0.0 (https://github.com/swiftlang/llvm-project.git 10999b6d034fe318f3d56c83bddb6572593a8bb0)"", ""gcc"": ""gcc (Debian 14.2.0-19) 14.2.0"", ""machine"": ""x86_64"", ""python"": ""3.13.5"", ""system"": ""Linux"", ""toolchains"": [{""compiler"": ""gcc"", ""optimization"": ""-O0""}, {""compiler"": ""gcc"", ""optimization"": ""-O2""}, {""compiler"": ""clang"", ""optimization"": ""-O0""}, {""compiler"": ""clang"", ""optimization"": ""-O2""}]}",source=8804f027cda0c06bf5f3ed3801bd969c75cb58c42bcfd21216d2c775f84235f1;reference=4ba693b54d2c342548c6209f48bc85dd831aafdde61d30bf80cff23e44449043,artifact/commit-replay/build/A/tolerated/gcc_O2/stdout.bin,4ba693b54d2c342548c6209f48bc85dd831aafdde61d30bf80cff23e44449043,artifact/commit-replay/build/A/tolerated/gcc_O2/adapter.s,71cf2abef4971bbc8b440d07be33513a9d1486ef068f3427b3053dabb8728db6,artifact/commit-replay/results/independent_recheck.json,EXECUTED,16 deterministic contract cases; byte-level executable reproduction=True.
PROJECT-A-tolerated-clang-O0,COMMIT_DERIVED_COMPILER_CELL,A,tolerated,clang,-O0,clang -std=gnu11 -O0 artifact/commit-replay/sources/A/tolerated.c,"{""clang"": ""clang version 17.0.0 (https://github.com/swiftlang/llvm-project.git 10999b6d034fe318f3d56c83bddb6572593a8bb0)"", ""gcc"": ""gcc (Debian 14.2.0-19) 14.2.0"", ""machine"": ""x86_64"", ""python"": ""3.13.5"", ""system"": ""Linux"", ""toolchains"": [{""compiler"": ""gcc"", ""optimization"": ""-O0""}, {""compiler"": ""gcc"", ""optimization"": ""-O2""}, {""compiler"": ""clang"", ""optimization"": ""-O0""}, {""compiler"": ""clang"", ""optimization"": ""-O2""}]}",source=8804f027cda0c06bf5f3ed3801bd969c75cb58c42bcfd21216d2c775f84235f1;reference=4ba693b54d2c342548c6209f48bc85dd831aafdde61d30bf80cff23e44449043,artifact/commit-replay/build/A/tolerated/clang_O0/stdout.bin,4ba693b54d2c342548c6209f48bc85dd831aafdde61d30bf80cff23e44449043,artifact/commit-replay/build/A/tolerated/clang_O0/adapter.s,ccc701120c52a94b448a902b957653135ee9ccb4f978e7fc5d9c4c3b2fe4dc25,artifact/commit-replay/results/independent_recheck.json,EXECUTED,16 deterministic contract cases; byte-level executable reproduction=True.
PROJECT-A-tolerated-clang-O2,COMMIT_DERIVED_COMPILER_CELL,A,tolerated,clang,-O2,clang -std=gnu11 -O2 artifact/commit-replay/sources/A/tolerated.c,"{""clang"": ""clang version 17.0.0 (https://github.com/swiftlang/llvm-project.git 10999b6d034fe318f3d56c83bddb6572593a8bb0)"", ""gcc"": ""gcc (Debian 14.2.0-19) 14.2.0"", ""machine"": ""x86_64"", ""python"": ""3.13.5"", ""system"": ""Linux"", ""toolchains"": [{""compiler"": ""gcc"", ""optimization"": ""-O0""}, {""compiler"": ""gcc"", ""optimization"": ""-O2""}, {""compiler"": ""clang"", ""optimization"": ""-O0""}, {""compiler"": ""clang"", ""optimization"": ""-O2""}]}",source=8804f027cda0c06bf5f3ed3801bd969c75cb58c42bcfd21216d2c775f84235f1;reference=4ba693b54d2c342548c6209f48bc85dd831aafdde61d30bf80cff23e44449043,artifact/commit-replay/build/A/tolerated/clang_O2/stdout.bin,4ba693b54d2c342548c6209f48bc85dd831aafdde61d30bf80cff23e44449043,artifact/commit-replay/build/A/tolerated/clang_O2/adapter.s,bbc09996203f55cfddfd5fc3d66a8fd620fdf762312b247928854009795812ba,artifact/commit-replay/results/independent_recheck.json,EXECUTED,16 deterministic contract cases; byte-level executable reproduction=True.
PROJECT-A-adverse-gcc-O0,COMMIT_DERIVED_COMPILER_CELL,A,adverse,gcc,-O0,gcc -std=gnu11 -O0 artifact/commit-replay/sources/A/adverse.c,"{""clang"": ""clang version 17.0.0 (https://github.com/swiftlang/llvm-project.git 10999b6d034fe318f3d56c83bddb6572593a8bb0)"", ""gcc"": ""gcc (Debian 14.2.0-19) 14.2.0"", ""machine"": ""x86_64"", ""python"": ""3.13.5"", ""system"": ""Linux"", ""toolchains"": [{""compiler"": ""gcc"", ""optimization"": ""-O0""}, {""compiler"": ""gcc"", ""optimization"": ""-O2""}, {""compiler"": ""clang"", ""optimization"": ""-O0""}, {""compiler"": ""clang"", ""optimization"": ""-O2""}]}",source=369ac59f16e70c5cbfb39220b5fd7f1ce48c2c60150bd30f5cf91ccf941a89e6;reference=4ba693b54d2c342548c6209f48bc85dd831aafdde61d30bf80cff23e44449043,artifact/commit-replay/build/A/adverse/gcc_O0/stdout.bin,4ba693b54d2c342548c6209f48bc85dd831aafdde61d30bf80cff23e44449043,artifact/commit-replay/build/A/adverse/gcc_O0/adapter.s,8d3a3a48e4f0643cba7c57051fb06b70d00c426424c97cadd37a0f14bc90937a,artifact/commit-replay/results/independent_recheck.json,EXECUTED,16 deterministic contract cases; byte-level executable reproduction=True.
PROJECT-A-adverse-gcc-O2,COMMIT_DERIVED_COMPILER_CELL,A,adverse,gcc,-O2,gcc -std=gnu11 -O2 artifact/commit-replay/sources/A/adverse.c,"{""clang"": ""clang version 17.0.0 (https://github.com/swiftlang/llvm-project.git 10999b6d034fe318f3d56c83bddb6572593a8bb0)"", ""gcc"": ""gcc (Debian 14.2.0-19) 14.2.0"", ""machine"": ""x86_64"", ""python"": ""3.13.5"", ""system"": ""Linux"", ""toolchains"": [{""compiler"": ""gcc"", ""optimization"": ""-O0""}, {""compiler"": ""gcc"", ""optimization"": ""-O2""}, {""compiler"": ""clang"", ""optimization"": ""-O0""}, {""compiler"": ""clang"", ""optimization"": ""-O2""}]}",source=369ac59f16e70c5cbfb39220b5fd7f1ce48c2c60150bd30f5cf91ccf941a89e6;reference=4ba693b54d2c342548c6209f48bc85dd831aafdde61d30bf80cff23e44449043,artifact/commit-replay/build/A/adverse/gcc_O2/stdout.bin,4ba693b54d2c342548c6209f48bc85dd831aafdde61d30bf80cff23e44449043,artifact/commit-replay/build/A/adverse/gcc_O2/adapter.s,6b0e6d53fe2598fd9227f6654411f5f7fa116577cd5d8ef9c2b0542eb1db2441,artifact/commit-replay/results/independent_recheck.json,EXECUTED,16 deterministic contract cases; byte-level executable reproduction=True.
PROJECT-A-adverse-clang-O0,COMMIT_DERIVED_COMPILER_CELL,A,adverse,clang,-O0,clang -std=gnu11 -O0 artifact/commit-replay/sources/A/adverse.c,"{""clang"": ""clang version 17.0.0 (https://github.com/swiftlang/llvm-project.git 10999b6d034fe318f3d56c83bddb6572593a8bb0)"", ""gcc"": ""gcc (Debian 14.2.0-19) 14.2.0"", ""machine"": ""x86_64"", ""python"": ""3.13.5"", ""system"": ""Linux"", ""toolchains"": [{""compiler"": ""gcc"", ""optimization"": ""-O0""}, {""compiler"": ""gcc"", ""optimization"": ""-O2""}, {""compiler"": ""clang"", ""optimization"": ""-O0""}, {""compiler"": ""clang"", ""optimization"": ""-O2""}]}",source=369ac59f16e70c5cbfb39220b5fd7f1ce48c2c60150bd30f5cf91ccf941a89e6;reference=4ba693b54d2c342548c6209f48bc85dd831aafdde61d30bf80cff23e44449043,artifact/commit-replay/build/A/adverse/clang_O0/stdout.bin,4ba693b54d2c342548c6209f48bc85dd831aafdde61d30bf80cff23e44449043,artifact/commit-replay/build/A/adverse/clang_O0/adapter.s,25e1c1c06d9b036bba26cdbdce71b3a43bb50d24ca61eaaca5342c483b54675b,artifact/commit-replay/results/independent_recheck.json,EXECUTED,16 deterministic contract cases; byte-level executable reproduction=True.
PROJECT-A-adverse-clang-O2,COMMIT_DERIVED_COMPILER_CELL,A,adverse,clang,-O2,clang -std=gnu11 -O2 artifact/commit-replay/sources/A/adverse.c,"{""clang"": ""clang version 17.0.0 (https://github.com/swiftlang/llvm-project.git 10999b6d034fe318f3d56c83bddb6572593a8bb0)"", ""gcc"": ""gcc (Debian 14.2.0-19) 14.2.0"", ""machine"": ""x86_64"", ""python"": ""3.13.5"", ""system"": ""Linux"", ""toolchains"": [{""compiler"": ""gcc"", ""optimization"": ""-O0""}, {""compiler"": ""gcc"", ""optimization"": ""-O2""}, {""compiler"": ""clang"", ""optimization"": ""-O0""}, {""compiler"": ""clang"", ""optimization"": ""-O2""}]}",source=369ac59f16e70c5cbfb39220b5fd7f1ce48c2c60150bd30f5cf91ccf941a89e6;reference=4ba693b54d2c342548c6209f48bc85dd831aafdde61d30bf80cff23e44449043,artifact/commit-replay/build/A/adverse/clang_O2/stdout.bin,4ba693b54d2c342548c6209f48bc85dd831aafdde61d30bf80cff23e44449043,artifact/commit-replay/build/A/adverse/clang_O2/adapter.s,61703ee6ce0af499c1f7da3c7669837ad46985c20e2bc8c06dd42a0ed4b28e7c,artifact/commit-replay/results/independent_recheck.json,EXECUTED,16 deterministic contract cases; byte-level executable reproduction=True.
PROJECT-B-before-gcc-O0,COMMIT_DERIVED_COMPILER_CELL,B,before,gcc,-O0,gcc -std=gnu11 -O0 artifact/commit-replay/sources/B/before.c,"{""clang"": ""clang version 17.0.0 (https://github.com/swiftlang/llvm-project.git 10999b6d034fe318f3d56c83bddb6572593a8bb0)"", ""gcc"": ""gcc (Debian 14.2.0-19) 14.2.0"", ""machine"": ""x86_64"", ""python"": ""3.13.5"", ""system"": ""Linux"", ""toolchains"": [{""compiler"": ""gcc"", ""optimization"": ""-O0""}, {""compiler"": ""gcc"", ""optimization"": ""-O2""}, {""compiler"": ""clang"", ""optimization"": ""-O0""}, {""compiler"": ""clang"", ""optimization"": ""-O2""}]}",source=6f6b50bcd104db25eba13d2743eac756946e0702c0e2a64c31674cbaa74543a8;reference=b90470fe2724c6a29b56438b38222a5d45a1ac13f48bff4cecfc1166f43b2324,artifact/commit-replay/build/B/before/gcc_O0/stdout.bin,b90470fe2724c6a29b56438b38222a5d45a1ac13f48bff4cecfc1166f43b2324,artifact/commit-replay/build/B/before/gcc_O0/adapter.s,5da18415931e669155000f38fde9fda9755125eb05f6aef1a0a6ef6a94fa330b,artifact/commit-replay/results/independent_recheck.json,EXECUTED,65536 deterministic contract cases; byte-level executable reproduction=True.
PROJECT-B-before-gcc-O2,COMMIT_DERIVED_COMPILER_CELL,B,before,gcc,-O2,gcc -std=gnu11 -O2 artifact/commit-replay/sources/B/before.c,"{""clang"": ""clang version 17.0.0 (https://github.com/swiftlang/llvm-project.git 10999b6d034fe318f3d56c83bddb6572593a8bb0)"", ""gcc"": ""gcc (Debian 14.2.0-19) 14.2.0"", ""machine"": ""x86_64"", ""python"": ""3.13.5"", ""system"": ""Linux"", ""toolchains"": [{""compiler"": ""gcc"", ""optimization"": ""-O0""}, {""compiler"": ""gcc"", ""optimization"": ""-O2""}, {""compiler"": ""clang"", ""optimization"": ""-O0""}, {""compiler"": ""clang"", ""optimization"": ""-O2""}]}",source=6f6b50bcd104db25eba13d2743eac756946e0702c0e2a64c31674cbaa74543a8;reference=b90470fe2724c6a29b56438b38222a5d45a1ac13f48bff4cecfc1166f43b2324,artifact/commit-replay/build/B/before/gcc_O2/stdout.bin,b90470fe2724c6a29b56438b38222a5d45a1ac13f48bff4cecfc1166f43b2324,artifact/commit-replay/build/B/before/gcc_O2/adapter.s,483c6ac9ab178df569ddd3664c23ea1cc501a13e685233715037c8688b4989aa,artifact/commit-replay/results/independent_recheck.json,EXECUTED,65536 deterministic contract cases; byte-level executable reproduction=True.
PROJECT-B-before-clang-O0,COMMIT_DERIVED_COMPILER_CELL,B,before,clang,-O0,clang -std=gnu11 -O0 artifact/commit-replay/sources/B/before.c,"{""clang"": ""clang version 17.0.0 (https://github.com/swiftlang/llvm-project.git 10999b6d034fe318f3d56c83bddb6572593a8bb0)"", ""gcc"": ""gcc (Debian 14.2.0-19) 14.2.0"", ""machine"": ""x86_64"", ""python"": ""3.13.5"", ""system"": ""Linux"", ""toolchains"": [{""compiler"": ""gcc"", ""optimization"": ""-O0""}, {""compiler"": ""gcc"", ""optimization"": ""-O2""}, {""compiler"": ""clang"", ""optimization"": ""-O0""}, {""compiler"": ""clang"", ""optimization"": ""-O2""}]}",source=6f6b50bcd104db25eba13d2743eac756946e0702c0e2a64c31674cbaa74543a8;reference=b90470fe2724c6a29b56438b38222a5d45a1ac13f48bff4cecfc1166f43b2324,artifact/commit-replay/build/B/before/clang_O0/stdout.bin,b90470fe2724c6a29b56438b38222a5d45a1ac13f48bff4cecfc1166f43b2324,artifact/commit-replay/build/B/before/clang_O0/adapter.s,7fd2f169dd317aaf5e45795cc287ae2af43575a5b288c4c49a6d7cee08389134,artifact/commit-replay/results/independent_recheck.json,EXECUTED,65536 deterministic contract cases; byte-level executable reproduction=True.
PROJECT-B-before-clang-O2,COMMIT_DERIVED_COMPILER_CELL,B,before,clang,-O2,clang -std=gnu11 -O2 artifact/commit-replay/sources/B/before.c,"{""clang"": ""clang version 17.0.0 (https://github.com/swiftlang/llvm-project.git 10999b6d034fe318f3d56c83bddb6572593a8bb0)"", ""gcc"": ""gcc (Debian 14.2.0-19) 14.2.0"", ""machine"": ""x86_64"", ""python"": ""3.13.5"", ""system"": ""Linux"", ""toolchains"": [{""compiler"": ""gcc"", ""optimization"": ""-O0""}, {""compiler"": ""gcc"", ""optimization"": ""-O2""}, {""compiler"": ""clang"", ""optimization"": ""-O0""}, {""compiler"": ""clang"", ""optimization"": ""-O2""}]}",source=6f6b50bcd104db25eba13d2743eac756946e0702c0e2a64c31674cbaa74543a8;reference=b90470fe2724c6a29b56438b38222a5d45a1ac13f48bff4cecfc1166f43b2324,artifact/commit-replay/build/B/before/clang_O2/stdout.bin,b90470fe2724c6a29b56438b38222a5d45a1ac13f48bff4cecfc1166f43b2324,artifact/commit-replay/build/B/before/clang_O2/adapter.s,47efe2c4c2bf64176bccda555cd52fb6fd5c433c8417834896b32239423074aa,artifact/commit-replay/results/independent_recheck.json,EXECUTED,65536 deterministic contract cases; byte-level executable reproduction=True.
PROJECT-B-after-gcc-O0,COMMIT_DERIVED_COMPILER_CELL,B,after,gcc,-O0,gcc -std=gnu11 -O0 artifact/commit-replay/sources/B/after.c,"{""clang"": ""clang version 17.0.0 (https://github.com/swiftlang/llvm-project.git 10999b6d034fe318f3d56c83bddb6572593a8bb0)"", ""gcc"": ""gcc (Debian 14.2.0-19) 14.2.0"", ""machine"": ""x86_64"", ""python"": ""3.13.5"", ""system"": ""Linux"", ""toolchains"": [{""compiler"": ""gcc"", ""optimization"": ""-O0""}, {""compiler"": ""gcc"", ""optimization"": ""-O2""}, {""compiler"": ""clang"", ""optimization"": ""-O0""}, {""compiler"": ""clang"", ""optimization"": ""-O2""}]}",source=4e300c80ed26cae99773c0a8ca71136cbd2121372303e9e16bee1e7e845a3d21;reference=b90470fe2724c6a29b56438b38222a5d45a1ac13f48bff4cecfc1166f43b2324,artifact/commit-replay/build/B/after/gcc_O0/stdout.bin,b90470fe2724c6a29b56438b38222a5d45a1ac13f48bff4cecfc1166f43b2324,artifact/commit-replay/build/B/after/gcc_O0/adapter.s,d5f43a7b16c76b72a562626884d22598fabdfe1f2d7d7f5a7d7620fa5f78ee2d,artifact/commit-replay/results/independent_recheck.json,EXECUTED,65536 deterministic contract cases; byte-level executable reproduction=True.
PROJECT-B-after-gcc-O2,COMMIT_DERIVED_COMPILER_CELL,B,after,gcc,-O2,gcc -std=gnu11 -O2 artifact/commit-replay/sources/B/after.c,"{""clang"": ""clang version 17.0.0 (https://github.com/swiftlang/llvm-project.git 10999b6d034fe318f3d56c83bddb6572593a8bb0)"", ""gcc"": ""gcc (Debian 14.2.0-19) 14.2.0"", ""machine"": ""x86_64"", ""python"": ""3.13.5"", ""system"": ""Linux"", ""toolchains"": [{""compiler"": ""gcc"", ""optimization"": ""-O0""}, {""compiler"": ""gcc"", ""optimization"": ""-O2""}, {""compiler"": ""clang"", ""optimization"": ""-O0""}, {""compiler"": ""clang"", ""optimization"": ""-O2""}]}",source=4e300c80ed26cae99773c0a8ca71136cbd2121372303e9e16bee1e7e845a3d21;reference=b90470fe2724c6a29b56438b38222a5d45a1ac13f48bff4cecfc1166f43b2324,artifact/commit-replay/build/B/after/gcc_O2/stdout.bin,b90470fe2724c6a29b56438b38222a5d45a1ac13f48bff4cecfc1166f43b2324,artifact/commit-replay/build/B/after/gcc_O2/adapter.s,6472c145301d001021eb626172d7f610ee3304620f7164cf923352cb79e1b19e,artifact/commit-replay/results/independent_recheck.json,EXECUTED,65536 deterministic contract cases; byte-level executable reproduction=True.
PROJECT-B-after-clang-O0,COMMIT_DERIVED_COMPILER_CELL,B,after,clang,-O0,clang -std=gnu11 -O0 artifact/commit-replay/sources/B/after.c,"{""clang"": ""clang version 17.0.0 (https://github.com/swiftlang/llvm-project.git 10999b6d034fe318f3d56c83bddb6572593a8bb0)"", ""gcc"": ""gcc (Debian 14.2.0-19) 14.2.0"", ""machine"": ""x86_64"", ""python"": ""3.13.5"", ""system"": ""Linux"", ""toolchains"": [{""compiler"": ""gcc"", ""optimization"": ""-O0""}, {""compiler"": ""gcc"", ""optimization"": ""-O2""}, {""compiler"": ""clang"", ""optimization"": ""-O0""}, {""compiler"": ""clang"", ""optimization"": ""-O2""}]}",source=4e300c80ed26cae99773c0a8ca71136cbd2121372303e9e16bee1e7e845a3d21;reference=b90470fe2724c6a29b56438b38222a5d45a1ac13f48bff4cecfc1166f43b2324,artifact/commit-replay/build/B/after/clang_O0/stdout.bin,b90470fe2724c6a29b56438b38222a5d45a1ac13f48bff4cecfc1166f43b2324,artifact/commit-replay/build/B/after/clang_O0/adapter.s,af57188d4809853d1fdae21867c61fd832359ae6629dd9d890f7d18cca391d25,artifact/commit-replay/results/independent_recheck.json,EXECUTED,65536 deterministic contract cases; byte-level executable reproduction=True.
PROJECT-B-after-clang-O2,COMMIT_DERIVED_COMPILER_CELL,B,after,clang,-O2,clang -std=gnu11 -O2 artifact/commit-replay/sources/B/after.c,"{""clang"": ""clang version 17.0.0 (https://github.com/swiftlang/llvm-project.git 10999b6d034fe318f3d56c83bddb6572593a8bb0)"", ""gcc"": ""gcc (Debian 14.2.0-19) 14.2.0"", ""machine"": ""x86_64"", ""python"": ""3.13.5"", ""system"": ""Linux"", ""toolchains"": [{""compiler"": ""gcc"", ""optimization"": ""-O0""}, {""compiler"": ""gcc"", ""optimization"": ""-O2""}, {""compiler"": ""clang"", ""optimization"": ""-O0""}, {""compiler"": ""clang"", ""optimization"": ""-O2""}]}",source=4e300c80ed26cae99773c0a8ca71136cbd2121372303e9e16bee1e7e845a3d21;reference=b90470fe2724c6a29b56438b38222a5d45a1ac13f48bff4cecfc1166f43b2324,artifact/commit-replay/build/B/after/clang_O2/stdout.bin,b90470fe2724c6a29b56438b38222a5d45a1ac13f48bff4cecfc1166f43b2324,artifact/commit-replay/build/B/after/clang_O2/adapter.s,47efe2c4c2bf64176bccda555cd52fb6fd5c433c8417834896b32239423074aa,artifact/commit-replay/results/independent_recheck.json,EXECUTED,65536 deterministic contract cases; byte-level executable reproduction=True.
PROJECT-B-tolerated-gcc-O0,COMMIT_DERIVED_COMPILER_CELL,B,tolerated,gcc,-O0,gcc -std=gnu11 -O0 artifact/commit-replay/sources/B/tolerated.c,"{""clang"": ""clang version 17.0.0 (https://github.com/swiftlang/llvm-project.git 10999b6d034fe318f3d56c83bddb6572593a8bb0)"", ""gcc"": ""gcc (Debian 14.2.0-19) 14.2.0"", ""machine"": ""x86_64"", ""python"": ""3.13.5"", ""system"": ""Linux"", ""toolchains"": [{""compiler"": ""gcc"", ""optimization"": ""-O0""}, {""compiler"": ""gcc"", ""optimization"": ""-O2""}, {""compiler"": ""clang"", ""optimization"": ""-O0""}, {""compiler"": ""clang"", ""optimization"": ""-O2""}]}",source=a34b404789fb0fcb2e6db52d509def5b608ae1a99509af9d388412aa18fdef03;reference=b90470fe2724c6a29b56438b38222a5d45a1ac13f48bff4cecfc1166f43b2324,artifact/commit-replay/build/B/tolerated/gcc_O0/stdout.bin,b90470fe2724c6a29b56438b38222a5d45a1ac13f48bff4cecfc1166f43b2324,artifact/commit-replay/build/B/tolerated/gcc_O0/adapter.s,3d22e07dd68e6064ac201f1ad2174887d825fdd39c74641bf2ddf5f9747dcf29,artifact/commit-replay/results/independent_recheck.json,EXECUTED,65536 deterministic contract cases; byte-level executable reproduction=True.
PROJECT-B-tolerated-gcc-O2,COMMIT_DERIVED_COMPILER_CELL,B,tolerated,gcc,-O2,gcc -std=gnu11 -O2 artifact/commit-replay/sources/B/tolerated.c,"{""clang"": ""clang version 17.0.0 (https://github.com/swiftlang/llvm-project.git 10999b6d034fe318f3d56c83bddb6572593a8bb0)"", ""gcc"": ""gcc (Debian 14.2.0-19) 14.2.0"", ""machine"": ""x86_64"", ""python"": ""3.13.5"", ""system"": ""Linux"", ""toolchains"": [{""compiler"": ""gcc"", ""optimization"": ""-O0""}, {""compiler"": ""gcc"", ""optimization"": ""-O2""}, {""compiler"": ""clang"", ""optimization"": ""-O0""}, {""compiler"": ""clang"", ""optimization"": ""-O2""}]}",source=a34b404789fb0fcb2e6db52d509def5b608ae1a99509af9d388412aa18fdef03;reference=b90470fe2724c6a29b56438b38222a5d45a1ac13f48bff4cecfc1166f43b2324,artifact/commit-replay/build/B/tolerated/gcc_O2/stdout.bin,b90470fe2724c6a29b56438b38222a5d45a1ac13f48bff4cecfc1166f43b2324,artifact/commit-replay/build/B/tolerated/gcc_O2/adapter.s,1242c18186595c642c6adc06587708c39e44480484ce10839988b2223b7df197,artifact/commit-replay/results/independent_recheck.json,EXECUTED,65536 deterministic contract cases; byte-level executable reproduction=True.
PROJECT-B-tolerated-clang-O0,COMMIT_DERIVED_COMPILER_CELL,B,tolerated,clang,-O0,clang -std=gnu11 -O0 artifact/commit-replay/sources/B/tolerated.c,"{""clang"": ""clang version 17.0.0 (https://github.com/swiftlang/llvm-project.git 10999b6d034fe318f3d56c83bddb6572593a8bb0)"", ""gcc"": ""gcc (Debian 14.2.0-19) 14.2.0"", ""machine"": ""x86_64"", ""python"": ""3.13.5"", ""system"": ""Linux"", ""toolchains"": [{""compiler"": ""gcc"", ""optimization"": ""-O0""}, {""compiler"": ""gcc"", ""optimization"": ""-O2""}, {""compiler"": ""clang"", ""optimization"": ""-O0""}, {""compiler"": ""clang"", ""optimization"": ""-O2""}]}",source=a34b404789fb0fcb2e6db52d509def5b608ae1a99509af9d388412aa18fdef03;reference=b90470fe2724c6a29b56438b38222a5d45a1ac13f48bff4cecfc1166f43b2324,artifact/commit-replay/build/B/tolerated/clang_O0/stdout.bin,b90470fe2724c6a29b56438b38222a5d45a1ac13f48bff4cecfc1166f43b2324,artifact/commit-replay/build/B/tolerated/clang_O0/adapter.s,4e8a1c3ae3a4783fe81e90e56005fcbb9ef2a4b71d20cae0ffce8fc1dd8f44b0,artifact/commit-replay/results/independent_recheck.json,EXECUTED,65536 deterministic contract cases; byte-level executable reproduction=True.
PROJECT-B-tolerated-clang-O2,COMMIT_DERIVED_COMPILER_CELL,B,tolerated,clang,-O2,clang -std=gnu11 -O2 artifact/commit-replay/sources/B/tolerated.c,"{""clang"": ""clang version 17.0.0 (https://github.com/swiftlang/llvm-project.git 10999b6d034fe318f3d56c83bddb6572593a8bb0)"", ""gcc"": ""gcc (Debian 14.2.0-19) 14.2.0"", ""machine"": ""x86_64"", ""python"": ""3.13.5"", ""system"": ""Linux"", ""toolchains"": [{""compiler"": ""gcc"", ""optimization"": ""-O0""}, {""compiler"": ""gcc"", ""optimization"": ""-O2""}, {""compiler"": ""clang"", ""optimization"": ""-O0""}, {""compiler"": ""clang"", ""optimization"": ""-O2""}]}",source=a34b404789fb0fcb2e6db52d509def5b608ae1a99509af9d388412aa18fdef03;reference=b90470fe2724c6a29b56438b38222a5d45a1ac13f48bff4cecfc1166f43b2324,artifact/commit-replay/build/B/tolerated/clang_O2/stdout.bin,b90470fe2724c6a29b56438b38222a5d45a1ac13f48bff4cecfc1166f43b2324,artifact/commit-replay/build/B/tolerated/clang_O2/adapter.s,96ccdac720c1c666b5093941175d71098c34da7a28ea0982a589f60de309227d,artifact/commit-replay/results/independent_recheck.json,EXECUTED,65536 deterministic contract cases; byte-level executable reproduction=True.
PROJECT-B-adverse-gcc-O0,COMMIT_DERIVED_COMPILER_CELL,B,adverse,gcc,-O0,gcc -std=gnu11 -O0 artifact/commit-replay/sources/B/adverse.c,"{""clang"": ""clang version 17.0.0 (https://github.com/swiftlang/llvm-project.git 10999b6d034fe318f3d56c83bddb6572593a8bb0)"", ""gcc"": ""gcc (Debian 14.2.0-19) 14.2.0"", ""machine"": ""x86_64"", ""python"": ""3.13.5"", ""system"": ""Linux"", ""toolchains"": [{""compiler"": ""gcc"", ""optimization"": ""-O0""}, {""compiler"": ""gcc"", ""optimization"": ""-O2""}, {""compiler"": ""clang"", ""optimization"": ""-O0""}, {""compiler"": ""clang"", ""optimization"": ""-O2""}]}",source=9a6bab2514848c16aa48e329600fce1019e4c932d9b7c1e4e7f4fc181b1e1645;reference=b90470fe2724c6a29b56438b38222a5d45a1ac13f48bff4cecfc1166f43b2324,artifact/commit-replay/build/B/adverse/gcc_O0/stdout.bin,b90470fe2724c6a29b56438b38222a5d45a1ac13f48bff4cecfc1166f43b2324,artifact/commit-replay/build/B/adverse/gcc_O0/adapter.s,6676822a12d8255a02a4fe842c3ed37b97a2ab139e20b6fe2f4f7975391647a4,artifact/commit-replay/results/independent_recheck.json,EXECUTED,65536 deterministic contract cases; byte-level executable reproduction=True.
PROJECT-B-adverse-gcc-O2,COMMIT_DERIVED_COMPILER_CELL,B,adverse,gcc,-O2,gcc -std=gnu11 -O2 artifact/commit-replay/sources/B/adverse.c,"{""clang"": ""clang version 17.0.0 (https://github.com/swiftlang/llvm-project.git 10999b6d034fe318f3d56c83bddb6572593a8bb0)"", ""gcc"": ""gcc (Debian 14.2.0-19) 14.2.0"", ""machine"": ""x86_64"", ""python"": ""3.13.5"", ""system"": ""Linux"", ""toolchains"": [{""compiler"": ""gcc"", ""optimization"": ""-O0""}, {""compiler"": ""gcc"", ""optimization"": ""-O2""}, {""compiler"": ""clang"", ""optimization"": ""-O0""}, {""compiler"": ""clang"", ""optimization"": ""-O2""}]}",source=9a6bab2514848c16aa48e329600fce1019e4c932d9b7c1e4e7f4fc181b1e1645;reference=b90470fe2724c6a29b56438b38222a5d45a1ac13f48bff4cecfc1166f43b2324,artifact/commit-replay/build/B/adverse/gcc_O2/stdout.bin,b90470fe2724c6a29b56438b38222a5d45a1ac13f48bff4cecfc1166f43b2324,artifact/commit-replay/build/B/adverse/gcc_O2/adapter.s,6472c145301d001021eb626172d7f610ee3304620f7164cf923352cb79e1b19e,artifact/commit-replay/results/independent_recheck.json,EXECUTED,65536 deterministic contract cases; byte-level executable reproduction=True.
PROJECT-B-adverse-clang-O0,COMMIT_DERIVED_COMPILER_CELL,B,adverse,clang,-O0,clang -std=gnu11 -O0 artifact/commit-replay/sources/B/adverse.c,"{""clang"": ""clang version 17.0.0 (https://github.com/swiftlang/llvm-project.git 10999b6d034fe318f3d56c83bddb6572593a8bb0)"", ""gcc"": ""gcc (Debian 14.2.0-19) 14.2.0"", ""machine"": ""x86_64"", ""python"": ""3.13.5"", ""system"": ""Linux"", ""toolchains"": [{""compiler"": ""gcc"", ""optimization"": ""-O0""}, {""compiler"": ""gcc"", ""optimization"": ""-O2""}, {""compiler"": ""clang"", ""optimization"": ""-O0""}, {""compiler"": ""clang"", ""optimization"": ""-O2""}]}",source=9a6bab2514848c16aa48e329600fce1019e4c932d9b7c1e4e7f4fc181b1e1645;reference=b90470fe2724c6a29b56438b38222a5d45a1ac13f48bff4cecfc1166f43b2324,artifact/commit-replay/build/B/adverse/clang_O0/stdout.bin,b90470fe2724c6a29b56438b38222a5d45a1ac13f48bff4cecfc1166f43b2324,artifact/commit-replay/build/B/adverse/clang_O0/adapter.s,fbc9ec334c9fe67efd347f954c79de6bbf82d6cb9fd959a019444844ae53ea2d,artifact/commit-replay/results/independent_recheck.json,EXECUTED,65536 deterministic contract cases; byte-level executable reproduction=True.
PROJECT-B-adverse-clang-O2,COMMIT_DERIVED_COMPILER_CELL,B,adverse,clang,-O2,clang -std=gnu11 -O2 artifact/commit-replay/sources/B/adverse.c,"{""clang"": ""clang version 17.0.0 (https://github.com/swiftlang/llvm-project.git 10999b6d034fe318f3d56c83bddb6572593a8bb0)"", ""gcc"": ""gcc (Debian 14.2.0-19) 14.2.0"", ""machine"": ""x86_64"", ""python"": ""3.13.5"", ""system"": ""Linux"", ""toolchains"": [{""compiler"": ""gcc"", ""optimization"": ""-O0""}, {""compiler"": ""gcc"", ""optimization"": ""-O2""}, {""compiler"": ""clang"", ""optimization"": ""-O0""}, {""compiler"": ""clang"", ""optimization"": ""-O2""}]}",source=9a6bab2514848c16aa48e329600fce1019e4c932d9b7c1e4e7f4fc181b1e1645;reference=b90470fe2724c6a29b56438b38222a5d45a1ac13f48bff4cecfc1166f43b2324,artifact/commit-replay/build/B/adverse/clang_O2/stdout.bin,b90470fe2724c6a29b56438b38222a5d45a1ac13f48bff4cecfc1166f43b2324,artifact/commit-replay/build/B/adverse/clang_O2/adapter.s,47efe2c4c2bf64176bccda555cd52fb6fd5c433c8417834896b32239423074aa,artifact/commit-replay/results/independent_recheck.json,EXECUTED,65536 deterministic contract cases; byte-level executable reproduction=True.
PROJECT-C-before-gcc-O0,COMMIT_DERIVED_COMPILER_CELL,C,before,gcc,-O0,gcc -std=gnu11 -O0 artifact/commit-replay/sources/C/before.c,"{""clang"": ""clang version 17.0.0 (https://github.com/swiftlang/llvm-project.git 10999b6d034fe318f3d56c83bddb6572593a8bb0)"", ""gcc"": ""gcc (Debian 14.2.0-19) 14.2.0"", ""machine"": ""x86_64"", ""python"": ""3.13.5"", ""system"": ""Linux"", ""toolchains"": [{""compiler"": ""gcc"", ""optimization"": ""-O0""}, {""compiler"": ""gcc"", ""optimization"": ""-O2""}, {""compiler"": ""clang"", ""optimization"": ""-O0""}, {""compiler"": ""clang"", ""optimization"": ""-O2""}]}",source=9711d8d3198ce7956a3c91e0dddf84e5d6ba6df3e359939e9e6971dfedd6a5c8;reference=8b392b7c6375d93bd946c18b642aa853895da353b7fb0a2c860635b634a155a0,artifact/commit-replay/build/C/before/gcc_O0/stdout.bin,8b392b7c6375d93bd946c18b642aa853895da353b7fb0a2c860635b634a155a0,artifact/commit-replay/build/C/before/gcc_O0/adapter.s,8988f017cca8e4f03561268591ebb3e42e9392901aa3c54a00812afddac786e5,artifact/commit-replay/results/independent_recheck.json,EXECUTED,144 deterministic contract cases; byte-level executable reproduction=True.
PROJECT-C-before-gcc-O2,COMMIT_DERIVED_COMPILER_CELL,C,before,gcc,-O2,gcc -std=gnu11 -O2 artifact/commit-replay/sources/C/before.c,"{""clang"": ""clang version 17.0.0 (https://github.com/swiftlang/llvm-project.git 10999b6d034fe318f3d56c83bddb6572593a8bb0)"", ""gcc"": ""gcc (Debian 14.2.0-19) 14.2.0"", ""machine"": ""x86_64"", ""python"": ""3.13.5"", ""system"": ""Linux"", ""toolchains"": [{""compiler"": ""gcc"", ""optimization"": ""-O0""}, {""compiler"": ""gcc"", ""optimization"": ""-O2""}, {""compiler"": ""clang"", ""optimization"": ""-O0""}, {""compiler"": ""clang"", ""optimization"": ""-O2""}]}",source=9711d8d3198ce7956a3c91e0dddf84e5d6ba6df3e359939e9e6971dfedd6a5c8;reference=8b392b7c6375d93bd946c18b642aa853895da353b7fb0a2c860635b634a155a0,artifact/commit-replay/build/C/before/gcc_O2/stdout.bin,8b392b7c6375d93bd946c18b642aa853895da353b7fb0a2c860635b634a155a0,artifact/commit-replay/build/C/before/gcc_O2/adapter.s,4db79655a2929372c729806200cfc17c04b6ad125ac665f6c40a46e9bde8426e,artifact/commit-replay/results/independent_recheck.json,EXECUTED,144 deterministic contract cases; byte-level executable reproduction=True.
PROJECT-C-before-clang-O0,COMMIT_DERIVED_COMPILER_CELL,C,before,clang,-O0,clang -std=gnu11 -O0 artifact/commit-replay/sources/C/before.c,"{""clang"": ""clang version 17.0.0 (https://github.com/swiftlang/llvm-project.git 10999b6d034fe318f3d56c83bddb6572593a8bb0)"", ""gcc"": ""gcc (Debian 14.2.0-19) 14.2.0"", ""machine"": ""x86_64"", ""python"": ""3.13.5"", ""system"": ""Linux"", ""toolchains"": [{""compiler"": ""gcc"", ""optimization"": ""-O0""}, {""compiler"": ""gcc"", ""optimization"": ""-O2""}, {""compiler"": ""clang"", ""optimization"": ""-O0""}, {""compiler"": ""clang"", ""optimization"": ""-O2""}]}",source=9711d8d3198ce7956a3c91e0dddf84e5d6ba6df3e359939e9e6971dfedd6a5c8;reference=8b392b7c6375d93bd946c18b642aa853895da353b7fb0a2c860635b634a155a0,artifact/commit-replay/build/C/before/clang_O0/stdout.bin,8b392b7c6375d93bd946c18b642aa853895da353b7fb0a2c860635b634a155a0,artifact/commit-replay/build/C/before/clang_O0/adapter.s,c123a2a938509eeb688ed49b7d8440cf0f01147aae6f0d339cc6d251f7634d1e,artifact/commit-replay/results/independent_recheck.json,EXECUTED,144 deterministic contract cases; byte-level executable reproduction=True.
PROJECT-C-before-clang-O2,COMMIT_DERIVED_COMPILER_CELL,C,before,clang,-O2,clang -std=gnu11 -O2 artifact/commit-replay/sources/C/before.c,"{""clang"": ""clang version 17.0.0 (https://github.com/swiftlang/llvm-project.git 10999b6d034fe318f3d56c83bddb6572593a8bb0)"", ""gcc"": ""gcc (Debian 14.2.0-19) 14.2.0"", ""machine"": ""x86_64"", ""python"": ""3.13.5"", ""system"": ""Linux"", ""toolchains"": [{""compiler"": ""gcc"", ""optimization"": ""-O0""}, {""compiler"": ""gcc"", ""optimization"": ""-O2""}, {""compiler"": ""clang"", ""optimization"": ""-O0""}, {""compiler"": ""clang"", ""optimization"": ""-O2""}]}",source=9711d8d3198ce7956a3c91e0dddf84e5d6ba6df3e359939e9e6971dfedd6a5c8;reference=8b392b7c6375d93bd946c18b642aa853895da353b7fb0a2c860635b634a155a0,artifact/commit-replay/build/C/before/clang_O2/stdout.bin,8b392b7c6375d93bd946c18b642aa853895da353b7fb0a2c860635b634a155a0,artifact/commit-replay/build/C/before/clang_O2/adapter.s,fedd3628a71c624005915fe17bc530c278cf216e8e7b2b9e61513a57057c1e46,artifact/commit-replay/results/independent_recheck.json,EXECUTED,144 deterministic contract cases; byte-level executable reproduction=True.
PROJECT-C-after-gcc-O0,COMMIT_DERIVED_COMPILER_CELL,C,after,gcc,-O0,gcc -std=gnu11 -O0 artifact/commit-replay/sources/C/after.c,"{""clang"": ""clang version 17.0.0 (https://github.com/swiftlang/llvm-project.git 10999b6d034fe318f3d56c83bddb6572593a8bb0)"", ""gcc"": ""gcc (Debian 14.2.0-19) 14.2.0"", ""machine"": ""x86_64"", ""python"": ""3.13.5"", ""system"": ""Linux"", ""toolchains"": [{""compiler"": ""gcc"", ""optimization"": ""-O0""}, {""compiler"": ""gcc"", ""optimization"": ""-O2""}, {""compiler"": ""clang"", ""optimization"": ""-O0""}, {""compiler"": ""clang"", ""optimization"": ""-O2""}]}",source=3604f8149b1016c6175cac396d5b37be854cead129d4f34438b986cc96423885;reference=8b392b7c6375d93bd946c18b642aa853895da353b7fb0a2c860635b634a155a0,artifact/commit-replay/build/C/after/gcc_O0/stdout.bin,8b392b7c6375d93bd946c18b642aa853895da353b7fb0a2c860635b634a155a0,artifact/commit-replay/build/C/after/gcc_O0/adapter.s,3f313f68c166f5f73e52c9862b535121590a6dac680044f948ecc883b472464d,artifact/commit-replay/results/independent_recheck.json,EXECUTED,144 deterministic contract cases; byte-level executable reproduction=True.
PROJECT-C-after-gcc-O2,COMMIT_DERIVED_COMPILER_CELL,C,after,gcc,-O2,gcc -std=gnu11 -O2 artifact/commit-replay/sources/C/after.c,"{""clang"": ""clang version 17.0.0 (https://github.com/swiftlang/llvm-project.git 10999b6d034fe318f3d56c83bddb6572593a8bb0)"", ""gcc"": ""gcc (Debian 14.2.0-19) 14.2.0"", ""machine"": ""x86_64"", ""python"": ""3.13.5"", ""system"": ""Linux"", ""toolchains"": [{""compiler"": ""gcc"", ""optimization"": ""-O0""}, {""compiler"": ""gcc"", ""optimization"": ""-O2""}, {""compiler"": ""clang"", ""optimization"": ""-O0""}, {""compiler"": ""clang"", ""optimization"": ""-O2""}]}",source=3604f8149b1016c6175cac396d5b37be854cead129d4f34438b986cc96423885;reference=8b392b7c6375d93bd946c18b642aa853895da353b7fb0a2c860635b634a155a0,artifact/commit-replay/build/C/after/gcc_O2/stdout.bin,8b392b7c6375d93bd946c18b642aa853895da353b7fb0a2c860635b634a155a0,artifact/commit-replay/build/C/after/gcc_O2/adapter.s,12c04d2484d1c633c6b2e11f4eed1d4c7d519fed5d329b921ae77c18c6229daf,artifact/commit-replay/results/independent_recheck.json,EXECUTED,144 deterministic contract cases; byte-level executable reproduction=True.
PROJECT-C-after-clang-O0,COMMIT_DERIVED_COMPILER_CELL,C,after,clang,-O0,clang -std=gnu11 -O0 artifact/commit-replay/sources/C/after.c,"{""clang"": ""clang version 17.0.0 (https://github.com/swiftlang/llvm-project.git 10999b6d034fe318f3d56c83bddb6572593a8bb0)"", ""gcc"": ""gcc (Debian 14.2.0-19) 14.2.0"", ""machine"": ""x86_64"", ""python"": ""3.13.5"", ""system"": ""Linux"", ""toolchains"": [{""compiler"": ""gcc"", ""optimization"": ""-O0""}, {""compiler"": ""gcc"", ""optimization"": ""-O2""}, {""compiler"": ""clang"", ""optimization"": ""-O0""}, {""compiler"": ""clang"", ""optimization"": ""-O2""}]}",source=3604f8149b1016c6175cac396d5b37be854cead129d4f34438b986cc96423885;reference=8b392b7c6375d93bd946c18b642aa853895da353b7fb0a2c860635b634a155a0,artifact/commit-replay/build/C/after/clang_O0/stdout.bin,8b392b7c6375d93bd946c18b642aa853895da353b7fb0a2c860635b634a155a0,artifact/commit-replay/build/C/after/clang_O0/adapter.s,83801ef5288492c2252f486cf5fd35083361714611329bf61d1763a6f9227d3a,artifact/commit-replay/results/independent_recheck.json,EXECUTED,144 deterministic contract cases; byte-level executable reproduction=True.
PROJECT-C-after-clang-O2,COMMIT_DERIVED_COMPILER_CELL,C,after,clang,-O2,clang -std=gnu11 -O2 artifact/commit-replay/sources/C/after.c,"{""clang"": ""clang version 17.0.0 (https://github.com/swiftlang/llvm-project.git 10999b6d034fe318f3d56c83bddb6572593a8bb0)"", ""gcc"": ""gcc (Debian 14.2.0-19) 14.2.0"", ""machine"": ""x86_64"", ""python"": ""3.13.5"", ""system"": ""Linux"", ""toolchains"": [{""compiler"": ""gcc"", ""optimization"": ""-O0""}, {""compiler"": ""gcc"", ""optimization"": ""-O2""}, {""compiler"": ""clang"", ""optimization"": ""-O0""}, {""compiler"": ""clang"", ""optimization"": ""-O2""}]}",source=3604f8149b1016c6175cac396d5b37be854cead129d4f34438b986cc96423885;reference=8b392b7c6375d93bd946c18b642aa853895da353b7fb0a2c860635b634a155a0,artifact/commit-replay/build/C/after/clang_O2/stdout.bin,8b392b7c6375d93bd946c18b642aa853895da353b7fb0a2c860635b634a155a0,artifact/commit-replay/build/C/after/clang_O2/adapter.s,fedd3628a71c624005915fe17bc530c278cf216e8e7b2b9e61513a57057c1e46,artifact/commit-replay/results/independent_recheck.json,EXECUTED,144 deterministic contract cases; byte-level executable reproduction=True.
PROJECT-C-tolerated-gcc-O0,COMMIT_DERIVED_COMPILER_CELL,C,tolerated,gcc,-O0,gcc -std=gnu11 -O0 artifact/commit-replay/sources/C/tolerated.c,"{""clang"": ""clang version 17.0.0 (https://github.com/swiftlang/llvm-project.git 10999b6d034fe318f3d56c83bddb6572593a8bb0)"", ""gcc"": ""gcc (Debian 14.2.0-19) 14.2.0"", ""machine"": ""x86_64"", ""python"": ""3.13.5"", ""system"": ""Linux"", ""toolchains"": [{""compiler"": ""gcc"", ""optimization"": ""-O0""}, {""compiler"": ""gcc"", ""optimization"": ""-O2""}, {""compiler"": ""clang"", ""optimization"": ""-O0""}, {""compiler"": ""clang"", ""optimization"": ""-O2""}]}",source=72cd1e6252b55ad05d38aaa9c42d8cf43030ef8091819b14d31e99fd64ebb8bd;reference=8b392b7c6375d93bd946c18b642aa853895da353b7fb0a2c860635b634a155a0,artifact/commit-replay/build/C/tolerated/gcc_O0/stdout.bin,8b392b7c6375d93bd946c18b642aa853895da353b7fb0a2c860635b634a155a0,artifact/commit-replay/build/C/tolerated/gcc_O0/adapter.s,cf3e5cb2db47570e725626dd30678952f815b46116637c232b721266b6741571,artifact/commit-replay/results/independent_recheck.json,EXECUTED,144 deterministic contract cases; byte-level executable reproduction=True.
PROJECT-C-tolerated-gcc-O2,COMMIT_DERIVED_COMPILER_CELL,C,tolerated,gcc,-O2,gcc -std=gnu11 -O2 artifact/commit-replay/sources/C/tolerated.c,"{""clang"": ""clang version 17.0.0 (https://github.com/swiftlang/llvm-project.git 10999b6d034fe318f3d56c83bddb6572593a8bb0)"", ""gcc"": ""gcc (Debian 14.2.0-19) 14.2.0"", ""machine"": ""x86_64"", ""python"": ""3.13.5"", ""system"": ""Linux"", ""toolchains"": [{""compiler"": ""gcc"", ""optimization"": ""-O0""}, {""compiler"": ""gcc"", ""optimization"": ""-O2""}, {""compiler"": ""clang"", ""optimization"": ""-O0""}, {""compiler"": ""clang"", ""optimization"": ""-O2""}]}",source=72cd1e6252b55ad05d38aaa9c42d8cf43030ef8091819b14d31e99fd64ebb8bd;reference=8b392b7c6375d93bd946c18b642aa853895da353b7fb0a2c860635b634a155a0,artifact/commit-replay/build/C/tolerated/gcc_O2/stdout.bin,8b392b7c6375d93bd946c18b642aa853895da353b7fb0a2c860635b634a155a0,artifact/commit-replay/build/C/tolerated/gcc_O2/adapter.s,19aa8ccfd47e7c143983ed5ec4d589bc46034094885ee20e2118fa63db667238,artifact/commit-replay/results/independent_recheck.json,EXECUTED,144 deterministic contract cases; byte-level executable reproduction=True.
PROJECT-C-tolerated-clang-O0,COMMIT_DERIVED_COMPILER_CELL,C,tolerated,clang,-O0,clang -std=gnu11 -O0 artifact/commit-replay/sources/C/tolerated.c,"{""clang"": ""clang version 17.0.0 (https://github.com/swiftlang/llvm-project.git 10999b6d034fe318f3d56c83bddb6572593a8bb0)"", ""gcc"": ""gcc (Debian 14.2.0-19) 14.2.0"", ""machine"": ""x86_64"", ""python"": ""3.13.5"", ""system"": ""Linux"", ""toolchains"": [{""compiler"": ""gcc"", ""optimization"": ""-O0""}, {""compiler"": ""gcc"", ""optimization"": ""-O2""}, {""compiler"": ""clang"", ""optimization"": ""-O0""}, {""compiler"": ""clang"", ""optimization"": ""-O2""}]}",source=72cd1e6252b55ad05d38aaa9c42d8cf43030ef8091819b14d31e99fd64ebb8bd;reference=8b392b7c6375d93bd946c18b642aa853895da353b7fb0a2c860635b634a155a0,artifact/commit-replay/build/C/tolerated/clang_O0/stdout.bin,8b392b7c6375d93bd946c18b642aa853895da353b7fb0a2c860635b634a155a0,artifact/commit-replay/build/C/tolerated/clang_O0/adapter.s,b93c7c73d5905a71af14fb0981c6134fa276c6c9d387b6ecdea5b2750a426c38,artifact/commit-replay/results/independent_recheck.json,EXECUTED,144 deterministic contract cases; byte-level executable reproduction=True.
PROJECT-C-tolerated-clang-O2,COMMIT_DERIVED_COMPILER_CELL,C,tolerated,clang,-O2,clang -std=gnu11 -O2 artifact/commit-replay/sources/C/tolerated.c,"{""clang"": ""clang version 17.0.0 (https://github.com/swiftlang/llvm-project.git 10999b6d034fe318f3d56c83bddb6572593a8bb0)"", ""gcc"": ""gcc (Debian 14.2.0-19) 14.2.0"", ""machine"": ""x86_64"", ""python"": ""3.13.5"", ""system"": ""Linux"", ""toolchains"": [{""compiler"": ""gcc"", ""optimization"": ""-O0""}, {""compiler"": ""gcc"", ""optimization"": ""-O2""}, {""compiler"": ""clang"", ""optimization"": ""-O0""}, {""compiler"": ""clang"", ""optimization"": ""-O2""}]}",source=72cd1e6252b55ad05d38aaa9c42d8cf43030ef8091819b14d31e99fd64ebb8bd;reference=8b392b7c6375d93bd946c18b642aa853895da353b7fb0a2c860635b634a155a0,artifact/commit-replay/build/C/tolerated/clang_O2/stdout.bin,8b392b7c6375d93bd946c18b642aa853895da353b7fb0a2c860635b634a155a0,artifact/commit-replay/build/C/tolerated/clang_O2/adapter.s,59062e010936cf998a5b0a3800d5553ef10ac7e94c1ab37cc3b28dd2dc1f53a2,artifact/commit-replay/results/independent_recheck.json,EXECUTED,144 deterministic contract cases; byte-level executable reproduction=True.
PROJECT-C-adverse-gcc-O0,COMMIT_DERIVED_COMPILER_CELL,C,adverse,gcc,-O0,gcc -std=gnu11 -O0 artifact/commit-replay/sources/C/adverse.c,"{""clang"": ""clang version 17.0.0 (https://github.com/swiftlang/llvm-project.git 10999b6d034fe318f3d56c83bddb6572593a8bb0)"", ""gcc"": ""gcc (Debian 14.2.0-19) 14.2.0"", ""machine"": ""x86_64"", ""python"": ""3.13.5"", ""system"": ""Linux"", ""toolchains"": [{""compiler"": ""gcc"", ""optimization"": ""-O0""}, {""compiler"": ""gcc"", ""optimization"": ""-O2""}, {""compiler"": ""clang"", ""optimization"": ""-O0""}, {""compiler"": ""clang"", ""optimization"": ""-O2""}]}",source=422bdc37d7ef595af7b1c45ad50a48d3b47de50625bc352b8667a74e65955419;reference=8b392b7c6375d93bd946c18b642aa853895da353b7fb0a2c860635b634a155a0,artifact/commit-replay/build/C/adverse/gcc_O0/stdout.bin,074af9d44fa2f938b442a36e25e492732d97549cef66989b37f0a4d8084c7ea2,artifact/commit-replay/build/C/adverse/gcc_O0/adapter.s,b93845d9d048d938793f76b9426030cbdc4a05487de42e4128d4d74e4e9fdb82,artifact/commit-replay/results/independent_recheck.json,EXECUTED,144 deterministic contract cases; byte-level executable reproduction=True.
PROJECT-C-adverse-gcc-O2,COMMIT_DERIVED_COMPILER_CELL,C,adverse,gcc,-O2,gcc -std=gnu11 -O2 artifact/commit-replay/sources/C/adverse.c,"{""clang"": ""clang version 17.0.0 (https://github.com/swiftlang/llvm-project.git 10999b6d034fe318f3d56c83bddb6572593a8bb0)"", ""gcc"": ""gcc (Debian 14.2.0-19) 14.2.0"", ""machine"": ""x86_64"", ""python"": ""3.13.5"", ""system"": ""Linux"", ""toolchains"": [{""compiler"": ""gcc"", ""optimization"": ""-O0""}, {""compiler"": ""gcc"", ""optimization"": ""-O2""}, {""compiler"": ""clang"", ""optimization"": ""-O0""}, {""compiler"": ""clang"", ""optimization"": ""-O2""}]}",source=422bdc37d7ef595af7b1c45ad50a48d3b47de50625bc352b8667a74e65955419;reference=8b392b7c6375d93bd946c18b642aa853895da353b7fb0a2c860635b634a155a0,artifact/commit-replay/build/C/adverse/gcc_O2/stdout.bin,074af9d44fa2f938b442a36e25e492732d97549cef66989b37f0a4d8084c7ea2,artifact/commit-replay/build/C/adverse/gcc_O2/adapter.s,22b3ef38f2b0fc15acc0c49a55e50bbf8e3b9c3d1ac5a57490173efaa9848c66,artifact/commit-replay/results/independent_recheck.json,EXECUTED,144 deterministic contract cases; byte-level executable reproduction=True.
PROJECT-C-adverse-clang-O0,COMMIT_DERIVED_COMPILER_CELL,C,adverse,clang,-O0,clang -std=gnu11 -O0 artifact/commit-replay/sources/C/adverse.c,"{""clang"": ""clang version 17.0.0 (https://github.com/swiftlang/llvm-project.git 10999b6d034fe318f3d56c83bddb6572593a8bb0)"", ""gcc"": ""gcc (Debian 14.2.0-19) 14.2.0"", ""machine"": ""x86_64"", ""python"": ""3.13.5"", ""system"": ""Linux"", ""toolchains"": [{""compiler"": ""gcc"", ""optimization"": ""-O0""}, {""compiler"": ""gcc"", ""optimization"": ""-O2""}, {""compiler"": ""clang"", ""optimization"": ""-O0""}, {""compiler"": ""clang"", ""optimization"": ""-O2""}]}",source=422bdc37d7ef595af7b1c45ad50a48d3b47de50625bc352b8667a74e65955419;reference=8b392b7c6375d93bd946c18b642aa853895da353b7fb0a2c860635b634a155a0,artifact/commit-replay/build/C/adverse/clang_O0/stdout.bin,074af9d44fa2f938b442a36e25e492732d97549cef66989b37f0a4d8084c7ea2,artifact/commit-replay/build/C/adverse/clang_O0/adapter.s,2cf69e6a8bfb0938dcc1c03457deb6fbbba36c5a215b24a4ac329002d1d35b57,artifact/commit-replay/results/independent_recheck.json,EXECUTED,144 deterministic contract cases; byte-level executable reproduction=True.
PROJECT-C-adverse-clang-O2,COMMIT_DERIVED_COMPILER_CELL,C,adverse,clang,-O2,clang -std=gnu11 -O2 artifact/commit-replay/sources/C/adverse.c,"{""clang"": ""clang version 17.0.0 (https://github.com/swiftlang/llvm-project.git 10999b6d034fe318f3d56c83bddb6572593a8bb0)"", ""gcc"": ""gcc (Debian 14.2.0-19) 14.2.0"", ""machine"": ""x86_64"", ""python"": ""3.13.5"", ""system"": ""Linux"", ""toolchains"": [{""compiler"": ""gcc"", ""optimization"": ""-O0""}, {""compiler"": ""gcc"", ""optimization"": ""-O2""}, {""compiler"": ""clang"", ""optimization"": ""-O0""}, {""compiler"": ""clang"", ""optimization"": ""-O2""}]}",source=422bdc37d7ef595af7b1c45ad50a48d3b47de50625bc352b8667a74e65955419;reference=8b392b7c6375d93bd946c18b642aa853895da353b7fb0a2c860635b634a155a0,artifact/commit-replay/build/C/adverse/clang_O2/stdout.bin,074af9d44fa2f938b442a36e25e492732d97549cef66989b37f0a4d8084c7ea2,artifact/commit-replay/build/C/adverse/clang_O2/adapter.s,145791380a08e1c8977cb0ce282510ad3f389746c50853045c3ac5e576ca04ee,artifact/commit-replay/results/independent_recheck.json,EXECUTED,144 deterministic contract cases; byte-level executable reproduction=True.
PROJECT-D-before-gcc-O0,COMMIT_DERIVED_COMPILER_CELL,D,before,gcc,-O0,gcc -std=gnu11 -O0 artifact/commit-replay/sources/D/before.c,"{""clang"": ""clang version 17.0.0 (https://github.com/swiftlang/llvm-project.git 10999b6d034fe318f3d56c83bddb6572593a8bb0)"", ""gcc"": ""gcc (Debian 14.2.0-19) 14.2.0"", ""machine"": ""x86_64"", ""python"": ""3.13.5"", ""system"": ""Linux"", ""toolchains"": [{""compiler"": ""gcc"", ""optimization"": ""-O0""}, {""compiler"": ""gcc"", ""optimization"": ""-O2""}, {""compiler"": ""clang"", ""optimization"": ""-O0""}, {""compiler"": ""clang"", ""optimization"": ""-O2""}]}",source=d5d6fab414a1e58a73d585c6e7068276c8c38503404fddaa5d48d474e599a55c;reference=366f6a1c75c7e7438dbe87df03d1fcc9db358a7df1cc9bb90f352fed753d5b8b,artifact/commit-replay/build/D/before/gcc_O0/stdout.bin,366f6a1c75c7e7438dbe87df03d1fcc9db358a7df1cc9bb90f352fed753d5b8b,artifact/commit-replay/build/D/before/gcc_O0/adapter.s,de59c4a72716713ec7ca56c8c0e012f244c56171738248e732281dd23e166718,artifact/commit-replay/results/independent_recheck.json,EXECUTED,65 deterministic contract cases; byte-level executable reproduction=True.
PROJECT-D-before-gcc-O2,COMMIT_DERIVED_COMPILER_CELL,D,before,gcc,-O2,gcc -std=gnu11 -O2 artifact/commit-replay/sources/D/before.c,"{""clang"": ""clang version 17.0.0 (https://github.com/swiftlang/llvm-project.git 10999b6d034fe318f3d56c83bddb6572593a8bb0)"", ""gcc"": ""gcc (Debian 14.2.0-19) 14.2.0"", ""machine"": ""x86_64"", ""python"": ""3.13.5"", ""system"": ""Linux"", ""toolchains"": [{""compiler"": ""gcc"", ""optimization"": ""-O0""}, {""compiler"": ""gcc"", ""optimization"": ""-O2""}, {""compiler"": ""clang"", ""optimization"": ""-O0""}, {""compiler"": ""clang"", ""optimization"": ""-O2""}]}",source=d5d6fab414a1e58a73d585c6e7068276c8c38503404fddaa5d48d474e599a55c;reference=366f6a1c75c7e7438dbe87df03d1fcc9db358a7df1cc9bb90f352fed753d5b8b,artifact/commit-replay/build/D/before/gcc_O2/stdout.bin,366f6a1c75c7e7438dbe87df03d1fcc9db358a7df1cc9bb90f352fed753d5b8b,artifact/commit-replay/build/D/before/gcc_O2/adapter.s,b81fe25964e8057c04415f693f04577b9b67c607f6ddab9f12a67b195e15ada1,artifact/commit-replay/results/independent_recheck.json,EXECUTED,65 deterministic contract cases; byte-level executable reproduction=True.
PROJECT-D-before-clang-O0,COMMIT_DERIVED_COMPILER_CELL,D,before,clang,-O0,clang -std=gnu11 -O0 artifact/commit-replay/sources/D/before.c,"{""clang"": ""clang version 17.0.0 (https://github.com/swiftlang/llvm-project.git 10999b6d034fe318f3d56c83bddb6572593a8bb0)"", ""gcc"": ""gcc (Debian 14.2.0-19) 14.2.0"", ""machine"": ""x86_64"", ""python"": ""3.13.5"", ""system"": ""Linux"", ""toolchains"": [{""compiler"": ""gcc"", ""optimization"": ""-O0""}, {""compiler"": ""gcc"", ""optimization"": ""-O2""}, {""compiler"": ""clang"", ""optimization"": ""-O0""}, {""compiler"": ""clang"", ""optimization"": ""-O2""}]}",source=d5d6fab414a1e58a73d585c6e7068276c8c38503404fddaa5d48d474e599a55c;reference=366f6a1c75c7e7438dbe87df03d1fcc9db358a7df1cc9bb90f352fed753d5b8b,artifact/commit-replay/build/D/before/clang_O0/stdout.bin,366f6a1c75c7e7438dbe87df03d1fcc9db358a7df1cc9bb90f352fed753d5b8b,artifact/commit-replay/build/D/before/clang_O0/adapter.s,d5e64b30b63425b6c927edc54aa0cf7a1a4250faef6d70faeb2482c8fc2ede8b,artifact/commit-replay/results/independent_recheck.json,EXECUTED,65 deterministic contract cases; byte-level executable reproduction=True.
PROJECT-D-before-clang-O2,COMMIT_DERIVED_COMPILER_CELL,D,before,clang,-O2,clang -std=gnu11 -O2 artifact/commit-replay/sources/D/before.c,"{""clang"": ""clang version 17.0.0 (https://github.com/swiftlang/llvm-project.git 10999b6d034fe318f3d56c83bddb6572593a8bb0)"", ""gcc"": ""gcc (Debian 14.2.0-19) 14.2.0"", ""machine"": ""x86_64"", ""python"": ""3.13.5"", ""system"": ""Linux"", ""toolchains"": [{""compiler"": ""gcc"", ""optimization"": ""-O0""}, {""compiler"": ""gcc"", ""optimization"": ""-O2""}, {""compiler"": ""clang"", ""optimization"": ""-O0""}, {""compiler"": ""clang"", ""optimization"": ""-O2""}]}",source=d5d6fab414a1e58a73d585c6e7068276c8c38503404fddaa5d48d474e599a55c;reference=366f6a1c75c7e7438dbe87df03d1fcc9db358a7df1cc9bb90f352fed753d5b8b,artifact/commit-replay/build/D/before/clang_O2/stdout.bin,366f6a1c75c7e7438dbe87df03d1fcc9db358a7df1cc9bb90f352fed753d5b8b,artifact/commit-replay/build/D/before/clang_O2/adapter.s,233e48f32768eb1f86b6e83d14d765bcfdce99ab8e3a226ba92961cb834136a0,artifact/commit-replay/results/independent_recheck.json,EXECUTED,65 deterministic contract cases; byte-level executable reproduction=True.
PROJECT-D-after-gcc-O0,COMMIT_DERIVED_COMPILER_CELL,D,after,gcc,-O0,gcc -std=gnu11 -O0 artifact/commit-replay/sources/D/after.c,"{""clang"": ""clang version 17.0.0 (https://github.com/swiftlang/llvm-project.git 10999b6d034fe318f3d56c83bddb6572593a8bb0)"", ""gcc"": ""gcc (Debian 14.2.0-19) 14.2.0"", ""machine"": ""x86_64"", ""python"": ""3.13.5"", ""system"": ""Linux"", ""toolchains"": [{""compiler"": ""gcc"", ""optimization"": ""-O0""}, {""compiler"": ""gcc"", ""optimization"": ""-O2""}, {""compiler"": ""clang"", ""optimization"": ""-O0""}, {""compiler"": ""clang"", ""optimization"": ""-O2""}]}",source=a772b850fe287d788fb19c41855b30215e495cf38ca048059f67d22b9800ae43;reference=366f6a1c75c7e7438dbe87df03d1fcc9db358a7df1cc9bb90f352fed753d5b8b,artifact/commit-replay/build/D/after/gcc_O0/stdout.bin,366f6a1c75c7e7438dbe87df03d1fcc9db358a7df1cc9bb90f352fed753d5b8b,artifact/commit-replay/build/D/after/gcc_O0/adapter.s,3de2d6841a6427429dbbdc7af8e943e5670f18865773dcbac96b1b31b9ac2d03,artifact/commit-replay/results/independent_recheck.json,EXECUTED,65 deterministic contract cases; byte-level executable reproduction=True.
PROJECT-D-after-gcc-O2,COMMIT_DERIVED_COMPILER_CELL,D,after,gcc,-O2,gcc -std=gnu11 -O2 artifact/commit-replay/sources/D/after.c,"{""clang"": ""clang version 17.0.0 (https://github.com/swiftlang/llvm-project.git 10999b6d034fe318f3d56c83bddb6572593a8bb0)"", ""gcc"": ""gcc (Debian 14.2.0-19) 14.2.0"", ""machine"": ""x86_64"", ""python"": ""3.13.5"", ""system"": ""Linux"", ""toolchains"": [{""compiler"": ""gcc"", ""optimization"": ""-O0""}, {""compiler"": ""gcc"", ""optimization"": ""-O2""}, {""compiler"": ""clang"", ""optimization"": ""-O0""}, {""compiler"": ""clang"", ""optimization"": ""-O2""}]}",source=a772b850fe287d788fb19c41855b30215e495cf38ca048059f67d22b9800ae43;reference=366f6a1c75c7e7438dbe87df03d1fcc9db358a7df1cc9bb90f352fed753d5b8b,artifact/commit-replay/build/D/after/gcc_O2/stdout.bin,366f6a1c75c7e7438dbe87df03d1fcc9db358a7df1cc9bb90f352fed753d5b8b,artifact/commit-replay/build/D/after/gcc_O2/adapter.s,2606ce64e2caac382471f19051fead7c4d1a05cff609452d5832e3d36729cf37,artifact/commit-replay/results/independent_recheck.json,EXECUTED,65 deterministic contract cases; byte-level executable reproduction=True.
PROJECT-D-after-clang-O0,COMMIT_DERIVED_COMPILER_CELL,D,after,clang,-O0,clang -std=gnu11 -O0 artifact/commit-replay/sources/D/after.c,"{""clang"": ""clang version 17.0.0 (https://github.com/swiftlang/llvm-project.git 10999b6d034fe318f3d56c83bddb6572593a8bb0)"", ""gcc"": ""gcc (Debian 14.2.0-19) 14.2.0"", ""machine"": ""x86_64"", ""python"": ""3.13.5"", ""system"": ""Linux"", ""toolchains"": [{""compiler"": ""gcc"", ""optimization"": ""-O0""}, {""compiler"": ""gcc"", ""optimization"": ""-O2""}, {""compiler"": ""clang"", ""optimization"": ""-O0""}, {""compiler"": ""clang"", ""optimization"": ""-O2""}]}",source=a772b850fe287d788fb19c41855b30215e495cf38ca048059f67d22b9800ae43;reference=366f6a1c75c7e7438dbe87df03d1fcc9db358a7df1cc9bb90f352fed753d5b8b,artifact/commit-replay/build/D/after/clang_O0/stdout.bin,366f6a1c75c7e7438dbe87df03d1fcc9db358a7df1cc9bb90f352fed753d5b8b,artifact/commit-replay/build/D/after/clang_O0/adapter.s,a670a8069d037bd93795bf948588c54bbcccd47ef64ecf57db47c343a443f837,artifact/commit-replay/results/independent_recheck.json,EXECUTED,65 deterministic contract cases; byte-level executable reproduction=True.
PROJECT-D-after-clang-O2,COMMIT_DERIVED_COMPILER_CELL,D,after,clang,-O2,clang -std=gnu11 -O2 artifact/commit-replay/sources/D/after.c,"{""clang"": ""clang version 17.0.0 (https://github.com/swiftlang/llvm-project.git 10999b6d034fe318f3d56c83bddb6572593a8bb0)"", ""gcc"": ""gcc (Debian 14.2.0-19) 14.2.0"", ""machine"": ""x86_64"", ""python"": ""3.13.5"", ""system"": ""Linux"", ""toolchains"": [{""compiler"": ""gcc"", ""optimization"": ""-O0""}, {""compiler"": ""gcc"", ""optimization"": ""-O2""}, {""compiler"": ""clang"", ""optimization"": ""-O0""}, {""compiler"": ""clang"", ""optimization"": ""-O2""}]}",source=a772b850fe287d788fb19c41855b30215e495cf38ca048059f67d22b9800ae43;reference=366f6a1c75c7e7438dbe87df03d1fcc9db358a7df1cc9bb90f352fed753d5b8b,artifact/commit-replay/build/D/after/clang_O2/stdout.bin,366f6a1c75c7e7438dbe87df03d1fcc9db358a7df1cc9bb90f352fed753d5b8b,artifact/commit-replay/build/D/after/clang_O2/adapter.s,18e26acf0767778a788078713941cce440edecbfc55d88ff2b2d9bb1521ce2df,artifact/commit-replay/results/independent_recheck.json,EXECUTED,65 deterministic contract cases; byte-level executable reproduction=True.
PROJECT-D-tolerated-gcc-O0,COMMIT_DERIVED_COMPILER_CELL,D,tolerated,gcc,-O0,gcc -std=gnu11 -O0 artifact/commit-replay/sources/D/tolerated.c,"{""clang"": ""clang version 17.0.0 (https://github.com/swiftlang/llvm-project.git 10999b6d034fe318f3d56c83bddb6572593a8bb0)"", ""gcc"": ""gcc (Debian 14.2.0-19) 14.2.0"", ""machine"": ""x86_64"", ""python"": ""3.13.5"", ""system"": ""Linux"", ""toolchains"": [{""compiler"": ""gcc"", ""optimization"": ""-O0""}, {""compiler"": ""gcc"", ""optimization"": ""-O2""}, {""compiler"": ""clang"", ""optimization"": ""-O0""}, {""compiler"": ""clang"", ""optimization"": ""-O2""}]}",source=980f80578a0e62f3318c2a1f5f536b15ab28d6d8bff6f85be64dce70024fe17a;reference=366f6a1c75c7e7438dbe87df03d1fcc9db358a7df1cc9bb90f352fed753d5b8b,artifact/commit-replay/build/D/tolerated/gcc_O0/stdout.bin,366f6a1c75c7e7438dbe87df03d1fcc9db358a7df1cc9bb90f352fed753d5b8b,artifact/commit-replay/build/D/tolerated/gcc_O0/adapter.s,762b031243345d822a5944aca79f429bbdc0bdc84701c49388245db24bcfcd19,artifact/commit-replay/results/independent_recheck.json,EXECUTED,65 deterministic contract cases; byte-level executable reproduction=True.
PROJECT-D-tolerated-gcc-O2,COMMIT_DERIVED_COMPILER_CELL,D,tolerated,gcc,-O2,gcc -std=gnu11 -O2 artifact/commit-replay/sources/D/tolerated.c,"{""clang"": ""clang version 17.0.0 (https://github.com/swiftlang/llvm-project.git 10999b6d034fe318f3d56c83bddb6572593a8bb0)"", ""gcc"": ""gcc (Debian 14.2.0-19) 14.2.0"", ""machine"": ""x86_64"", ""python"": ""3.13.5"", ""system"": ""Linux"", ""toolchains"": [{""compiler"": ""gcc"", ""optimization"": ""-O0""}, {""compiler"": ""gcc"", ""optimization"": ""-O2""}, {""compiler"": ""clang"", ""optimization"": ""-O0""}, {""compiler"": ""clang"", ""optimization"": ""-O2""}]}",source=980f80578a0e62f3318c2a1f5f536b15ab28d6d8bff6f85be64dce70024fe17a;reference=366f6a1c75c7e7438dbe87df03d1fcc9db358a7df1cc9bb90f352fed753d5b8b,artifact/commit-replay/build/D/tolerated/gcc_O2/stdout.bin,366f6a1c75c7e7438dbe87df03d1fcc9db358a7df1cc9bb90f352fed753d5b8b,artifact/commit-replay/build/D/tolerated/gcc_O2/adapter.s,eacdb1a0f5bb1012520f90ffc349e02f2c6187443b52aea3a4a48aa11ea8be9f,artifact/commit-replay/results/independent_recheck.json,EXECUTED,65 deterministic contract cases; byte-level executable reproduction=True.
PROJECT-D-tolerated-clang-O0,COMMIT_DERIVED_COMPILER_CELL,D,tolerated,clang,-O0,clang -std=gnu11 -O0 artifact/commit-replay/sources/D/tolerated.c,"{""clang"": ""clang version 17.0.0 (https://github.com/swiftlang/llvm-project.git 10999b6d034fe318f3d56c83bddb6572593a8bb0)"", ""gcc"": ""gcc (Debian 14.2.0-19) 14.2.0"", ""machine"": ""x86_64"", ""python"": ""3.13.5"", ""system"": ""Linux"", ""toolchains"": [{""compiler"": ""gcc"", ""optimization"": ""-O0""}, {""compiler"": ""gcc"", ""optimization"": ""-O2""}, {""compiler"": ""clang"", ""optimization"": ""-O0""}, {""compiler"": ""clang"", ""optimization"": ""-O2""}]}",source=980f80578a0e62f3318c2a1f5f536b15ab28d6d8bff6f85be64dce70024fe17a;reference=366f6a1c75c7e7438dbe87df03d1fcc9db358a7df1cc9bb90f352fed753d5b8b,artifact/commit-replay/build/D/tolerated/clang_O0/stdout.bin,366f6a1c75c7e7438dbe87df03d1fcc9db358a7df1cc9bb90f352fed753d5b8b,artifact/commit-replay/build/D/tolerated/clang_O0/adapter.s,5fa1a9e5e601240e0491ab21a04108a05a98eab2a112caac4fbd30e3e573ddd5,artifact/commit-replay/results/independent_recheck.json,EXECUTED,65 deterministic contract cases; byte-level executable reproduction=True.
PROJECT-D-tolerated-clang-O2,COMMIT_DERIVED_COMPILER_CELL,D,tolerated,clang,-O2,clang -std=gnu11 -O2 artifact/commit-replay/sources/D/tolerated.c,"{""clang"": ""clang version 17.0.0 (https://github.com/swiftlang/llvm-project.git 10999b6d034fe318f3d56c83bddb6572593a8bb0)"", ""gcc"": ""gcc (Debian 14.2.0-19) 14.2.0"", ""machine"": ""x86_64"", ""python"": ""3.13.5"", ""system"": ""Linux"", ""toolchains"": [{""compiler"": ""gcc"", ""optimization"": ""-O0""}, {""compiler"": ""gcc"", ""optimization"": ""-O2""}, {""compiler"": ""clang"", ""optimization"": ""-O0""}, {""compiler"": ""clang"", ""optimization"": ""-O2""}]}",source=980f80578a0e62f3318c2a1f5f536b15ab28d6d8bff6f85be64dce70024fe17a;reference=366f6a1c75c7e7438dbe87df03d1fcc9db358a7df1cc9bb90f352fed753d5b8b,artifact/commit-replay/build/D/tolerated/clang_O2/stdout.bin,366f6a1c75c7e7438dbe87df03d1fcc9db358a7df1cc9bb90f352fed753d5b8b,artifact/commit-replay/build/D/tolerated/clang_O2/adapter.s,c737155fa55264bb713bb494a5ccba02c2d80f2f4362b1ae4fd6fd1ebe93dd54,artifact/commit-replay/results/independent_recheck.json,EXECUTED,65 deterministic contract cases; byte-level executable reproduction=True.
PROJECT-D-adverse-gcc-O0,COMMIT_DERIVED_COMPILER_CELL,D,adverse,gcc,-O0,gcc -std=gnu11 -O0 artifact/commit-replay/sources/D/adverse.c,"{""clang"": ""clang version 17.0.0 (https://github.com/swiftlang/llvm-project.git 10999b6d034fe318f3d56c83bddb6572593a8bb0)"", ""gcc"": ""gcc (Debian 14.2.0-19) 14.2.0"", ""machine"": ""x86_64"", ""python"": ""3.13.5"", ""system"": ""Linux"", ""toolchains"": [{""compiler"": ""gcc"", ""optimization"": ""-O0""}, {""compiler"": ""gcc"", ""optimization"": ""-O2""}, {""compiler"": ""clang"", ""optimization"": ""-O0""}, {""compiler"": ""clang"", ""optimization"": ""-O2""}]}",source=82b00019ef75890c937352b71c7b7b08a5952789a9aeac9e13a81f519708643d;reference=366f6a1c75c7e7438dbe87df03d1fcc9db358a7df1cc9bb90f352fed753d5b8b,artifact/commit-replay/build/D/adverse/gcc_O0/stdout.bin,366f6a1c75c7e7438dbe87df03d1fcc9db358a7df1cc9bb90f352fed753d5b8b,artifact/commit-replay/build/D/adverse/gcc_O0/adapter.s,687b405fd7a3b5b06ca07ab2c898add791b09314082760258555f214b80dfe71,artifact/commit-replay/results/independent_recheck.json,EXECUTED,65 deterministic contract cases; byte-level executable reproduction=True.
PROJECT-D-adverse-gcc-O2,COMMIT_DERIVED_COMPILER_CELL,D,adverse,gcc,-O2,gcc -std=gnu11 -O2 artifact/commit-replay/sources/D/adverse.c,"{""clang"": ""clang version 17.0.0 (https://github.com/swiftlang/llvm-project.git 10999b6d034fe318f3d56c83bddb6572593a8bb0)"", ""gcc"": ""gcc (Debian 14.2.0-19) 14.2.0"", ""machine"": ""x86_64"", ""python"": ""3.13.5"", ""system"": ""Linux"", ""toolchains"": [{""compiler"": ""gcc"", ""optimization"": ""-O0""}, {""compiler"": ""gcc"", ""optimization"": ""-O2""}, {""compiler"": ""clang"", ""optimization"": ""-O0""}, {""compiler"": ""clang"", ""optimization"": ""-O2""}]}",source=82b00019ef75890c937352b71c7b7b08a5952789a9aeac9e13a81f519708643d;reference=366f6a1c75c7e7438dbe87df03d1fcc9db358a7df1cc9bb90f352fed753d5b8b,artifact/commit-replay/build/D/adverse/gcc_O2/stdout.bin,366f6a1c75c7e7438dbe87df03d1fcc9db358a7df1cc9bb90f352fed753d5b8b,artifact/commit-replay/build/D/adverse/gcc_O2/adapter.s,5f864b936e3ad2cad27be3e4d16b0514ccd829156f1421de54b6078c364ba167,artifact/commit-replay/results/independent_recheck.json,EXECUTED,65 deterministic contract cases; byte-level executable reproduction=True.
PROJECT-D-adverse-clang-O0,COMMIT_DERIVED_COMPILER_CELL,D,adverse,clang,-O0,clang -std=gnu11 -O0 artifact/commit-replay/sources/D/adverse.c,"{""clang"": ""clang version 17.0.0 (https://github.com/swiftlang/llvm-project.git 10999b6d034fe318f3d56c83bddb6572593a8bb0)"", ""gcc"": ""gcc (Debian 14.2.0-19) 14.2.0"", ""machine"": ""x86_64"", ""python"": ""3.13.5"", ""system"": ""Linux"", ""toolchains"": [{""compiler"": ""gcc"", ""optimization"": ""-O0""}, {""compiler"": ""gcc"", ""optimization"": ""-O2""}, {""compiler"": ""clang"", ""optimization"": ""-O0""}, {""compiler"": ""clang"", ""optimization"": ""-O2""}]}",source=82b00019ef75890c937352b71c7b7b08a5952789a9aeac9e13a81f519708643d;reference=366f6a1c75c7e7438dbe87df03d1fcc9db358a7df1cc9bb90f352fed753d5b8b,artifact/commit-replay/build/D/adverse/clang_O0/stdout.bin,366f6a1c75c7e7438dbe87df03d1fcc9db358a7df1cc9bb90f352fed753d5b8b,artifact/commit-replay/build/D/adverse/clang_O0/adapter.s,3315a566e51c90011a73da7b2c834ac536304d680040d1885b0c6062abaf4f0f,artifact/commit-replay/results/independent_recheck.json,EXECUTED,65 deterministic contract cases; byte-level executable reproduction=True.
PROJECT-D-adverse-clang-O2,COMMIT_DERIVED_COMPILER_CELL,D,adverse,clang,-O2,clang -std=gnu11 -O2 artifact/commit-replay/sources/D/adverse.c,"{""clang"": ""clang version 17.0.0 (https://github.com/swiftlang/llvm-project.git 10999b6d034fe318f3d56c83bddb6572593a8bb0)"", ""gcc"": ""gcc (Debian 14.2.0-19) 14.2.0"", ""machine"": ""x86_64"", ""python"": ""3.13.5"", ""system"": ""Linux"", ""toolchains"": [{""compiler"": ""gcc"", ""optimization"": ""-O0""}, {""compiler"": ""gcc"", ""optimization"": ""-O2""}, {""compiler"": ""clang"", ""optimization"": ""-O0""}, {""compiler"": ""clang"", ""optimization"": ""-O2""}]}",source=82b00019ef75890c937352b71c7b7b08a5952789a9aeac9e13a81f519708643d;reference=366f6a1c75c7e7438dbe87df03d1fcc9db358a7df1cc9bb90f352fed753d5b8b,artifact/commit-replay/build/D/adverse/clang_O2/stdout.bin,366f6a1c75c7e7438dbe87df03d1fcc9db358a7df1cc9bb90f352fed753d5b8b,artifact/commit-replay/build/D/adverse/clang_O2/adapter.s,75a424b331c241ca159f07d70e8ec24808df0348beb54b50e8bff4860eeccfd9,artifact/commit-replay/results/independent_recheck.json,EXECUTED,65 deterministic contract cases; byte-level executable reproduction=True.
PROJECT-E-before-gcc-O0,COMMIT_DERIVED_COMPILER_CELL,E,before,gcc,-O0,gcc -std=gnu11 -O0 artifact/commit-replay/sources/E/before.c,"{""clang"": ""clang version 17.0.0 (https://github.com/swiftlang/llvm-project.git 10999b6d034fe318f3d56c83bddb6572593a8bb0)"", ""gcc"": ""gcc (Debian 14.2.0-19) 14.2.0"", ""machine"": ""x86_64"", ""python"": ""3.13.5"", ""system"": ""Linux"", ""toolchains"": [{""compiler"": ""gcc"", ""optimization"": ""-O0""}, {""compiler"": ""gcc"", ""optimization"": ""-O2""}, {""compiler"": ""clang"", ""optimization"": ""-O0""}, {""compiler"": ""clang"", ""optimization"": ""-O2""}]}",source=00bd00f8141a30cf96c60180be5e5853e287401440921ba9e11bf4428d63cf26;reference=18984762cfada2d814b7484433bef71bdf9cc802d1bcb6e12a33e8f5134cb217,artifact/commit-replay/build/E/before/gcc_O0/stdout.bin,18984762cfada2d814b7484433bef71bdf9cc802d1bcb6e12a33e8f5134cb217,artifact/commit-replay/build/E/before/gcc_O0/adapter.s,5ebc6fd893e78a033cb39695c2c3978f8923d6e61e4253c22d7ffb1a78d4a49c,artifact/commit-replay/results/independent_recheck.json,EXECUTED,4112 deterministic contract cases; byte-level executable reproduction=True.
PROJECT-E-before-gcc-O2,COMMIT_DERIVED_COMPILER_CELL,E,before,gcc,-O2,gcc -std=gnu11 -O2 artifact/commit-replay/sources/E/before.c,"{""clang"": ""clang version 17.0.0 (https://github.com/swiftlang/llvm-project.git 10999b6d034fe318f3d56c83bddb6572593a8bb0)"", ""gcc"": ""gcc (Debian 14.2.0-19) 14.2.0"", ""machine"": ""x86_64"", ""python"": ""3.13.5"", ""system"": ""Linux"", ""toolchains"": [{""compiler"": ""gcc"", ""optimization"": ""-O0""}, {""compiler"": ""gcc"", ""optimization"": ""-O2""}, {""compiler"": ""clang"", ""optimization"": ""-O0""}, {""compiler"": ""clang"", ""optimization"": ""-O2""}]}",source=00bd00f8141a30cf96c60180be5e5853e287401440921ba9e11bf4428d63cf26;reference=18984762cfada2d814b7484433bef71bdf9cc802d1bcb6e12a33e8f5134cb217,artifact/commit-replay/build/E/before/gcc_O2/stdout.bin,18984762cfada2d814b7484433bef71bdf9cc802d1bcb6e12a33e8f5134cb217,artifact/commit-replay/build/E/before/gcc_O2/adapter.s,71f48534fc7c9578c6c98f763ae459a03dac9bd04813717786450477c90e17b7,artifact/commit-replay/results/independent_recheck.json,EXECUTED,4112 deterministic contract cases; byte-level executable reproduction=True.
PROJECT-E-before-clang-O0,COMMIT_DERIVED_COMPILER_CELL,E,before,clang,-O0,clang -std=gnu11 -O0 artifact/commit-replay/sources/E/before.c,"{""clang"": ""clang version 17.0.0 (https://github.com/swiftlang/llvm-project.git 10999b6d034fe318f3d56c83bddb6572593a8bb0)"", ""gcc"": ""gcc (Debian 14.2.0-19) 14.2.0"", ""machine"": ""x86_64"", ""python"": ""3.13.5"", ""system"": ""Linux"", ""toolchains"": [{""compiler"": ""gcc"", ""optimization"": ""-O0""}, {""compiler"": ""gcc"", ""optimization"": ""-O2""}, {""compiler"": ""clang"", ""optimization"": ""-O0""}, {""compiler"": ""clang"", ""optimization"": ""-O2""}]}",source=00bd00f8141a30cf96c60180be5e5853e287401440921ba9e11bf4428d63cf26;reference=18984762cfada2d814b7484433bef71bdf9cc802d1bcb6e12a33e8f5134cb217,artifact/commit-replay/build/E/before/clang_O0/stdout.bin,18984762cfada2d814b7484433bef71bdf9cc802d1bcb6e12a33e8f5134cb217,artifact/commit-replay/build/E/before/clang_O0/adapter.s,2f780c1011b0d2de71337b60e24d154691d00cba2cee70285f4266f67f784e2e,artifact/commit-replay/results/independent_recheck.json,EXECUTED,4112 deterministic contract cases; byte-level executable reproduction=True.
PROJECT-E-before-clang-O2,COMMIT_DERIVED_COMPILER_CELL,E,before,clang,-O2,clang -std=gnu11 -O2 artifact/commit-replay/sources/E/before.c,"{""clang"": ""clang version 17.0.0 (https://github.com/swiftlang/llvm-project.git 10999b6d034fe318f3d56c83bddb6572593a8bb0)"", ""gcc"": ""gcc (Debian 14.2.0-19) 14.2.0"", ""machine"": ""x86_64"", ""python"": ""3.13.5"", ""system"": ""Linux"", ""toolchains"": [{""compiler"": ""gcc"", ""optimization"": ""-O0""}, {""compiler"": ""gcc"", ""optimization"": ""-O2""}, {""compiler"": ""clang"", ""optimization"": ""-O0""}, {""compiler"": ""clang"", ""optimization"": ""-O2""}]}",source=00bd00f8141a30cf96c60180be5e5853e287401440921ba9e11bf4428d63cf26;reference=18984762cfada2d814b7484433bef71bdf9cc802d1bcb6e12a33e8f5134cb217,artifact/commit-replay/build/E/before/clang_O2/stdout.bin,18984762cfada2d814b7484433bef71bdf9cc802d1bcb6e12a33e8f5134cb217,artifact/commit-replay/build/E/before/clang_O2/adapter.s,01104673a8a8229c050544bf711801bbaafd758aff2deaa3bfad8ea8b9f5bf0b,artifact/commit-replay/results/independent_recheck.json,EXECUTED,4112 deterministic contract cases; byte-level executable reproduction=True.
PROJECT-E-after-gcc-O0,COMMIT_DERIVED_COMPILER_CELL,E,after,gcc,-O0,gcc -std=gnu11 -O0 artifact/commit-replay/sources/E/after.c,"{""clang"": ""clang version 17.0.0 (https://github.com/swiftlang/llvm-project.git 10999b6d034fe318f3d56c83bddb6572593a8bb0)"", ""gcc"": ""gcc (Debian 14.2.0-19) 14.2.0"", ""machine"": ""x86_64"", ""python"": ""3.13.5"", ""system"": ""Linux"", ""toolchains"": [{""compiler"": ""gcc"", ""optimization"": ""-O0""}, {""compiler"": ""gcc"", ""optimization"": ""-O2""}, {""compiler"": ""clang"", ""optimization"": ""-O0""}, {""compiler"": ""clang"", ""optimization"": ""-O2""}]}",source=dd55ee953fb757e2b31760eaa99254ebbf353f6c9445fdad7b91dc5bd64fc87c;reference=18984762cfada2d814b7484433bef71bdf9cc802d1bcb6e12a33e8f5134cb217,artifact/commit-replay/build/E/after/gcc_O0/stdout.bin,18984762cfada2d814b7484433bef71bdf9cc802d1bcb6e12a33e8f5134cb217,artifact/commit-replay/build/E/after/gcc_O0/adapter.s,3feccc5de5e3cf1df59b813f0b34cf40e869d606d1b2371bb139338d8b864dbc,artifact/commit-replay/results/independent_recheck.json,EXECUTED,4112 deterministic contract cases; byte-level executable reproduction=True.
PROJECT-E-after-gcc-O2,COMMIT_DERIVED_COMPILER_CELL,E,after,gcc,-O2,gcc -std=gnu11 -O2 artifact/commit-replay/sources/E/after.c,"{""clang"": ""clang version 17.0.0 (https://github.com/swiftlang/llvm-project.git 10999b6d034fe318f3d56c83bddb6572593a8bb0)"", ""gcc"": ""gcc (Debian 14.2.0-19) 14.2.0"", ""machine"": ""x86_64"", ""python"": ""3.13.5"", ""system"": ""Linux"", ""toolchains"": [{""compiler"": ""gcc"", ""optimization"": ""-O0""}, {""compiler"": ""gcc"", ""optimization"": ""-O2""}, {""compiler"": ""clang"", ""optimization"": ""-O0""}, {""compiler"": ""clang"", ""optimization"": ""-O2""}]}",source=dd55ee953fb757e2b31760eaa99254ebbf353f6c9445fdad7b91dc5bd64fc87c;reference=18984762cfada2d814b7484433bef71bdf9cc802d1bcb6e12a33e8f5134cb217,artifact/commit-replay/build/E/after/gcc_O2/stdout.bin,18984762cfada2d814b7484433bef71bdf9cc802d1bcb6e12a33e8f5134cb217,artifact/commit-replay/build/E/after/gcc_O2/adapter.s,603eae665c870796bd33843f2c96bca0a615698170ef9324845309d5fefa1e1c,artifact/commit-replay/results/independent_recheck.json,EXECUTED,4112 deterministic contract cases; byte-level executable reproduction=True.
PROJECT-E-after-clang-O0,COMMIT_DERIVED_COMPILER_CELL,E,after,clang,-O0,clang -std=gnu11 -O0 artifact/commit-replay/sources/E/after.c,"{""clang"": ""clang version 17.0.0 (https://github.com/swiftlang/llvm-project.git 10999b6d034fe318f3d56c83bddb6572593a8bb0)"", ""gcc"": ""gcc (Debian 14.2.0-19) 14.2.0"", ""machine"": ""x86_64"", ""python"": ""3.13.5"", ""system"": ""Linux"", ""toolchains"": [{""compiler"": ""gcc"", ""optimization"": ""-O0""}, {""compiler"": ""gcc"", ""optimization"": ""-O2""}, {""compiler"": ""clang"", ""optimization"": ""-O0""}, {""compiler"": ""clang"", ""optimization"": ""-O2""}]}",source=dd55ee953fb757e2b31760eaa99254ebbf353f6c9445fdad7b91dc5bd64fc87c;reference=18984762cfada2d814b7484433bef71bdf9cc802d1bcb6e12a33e8f5134cb217,artifact/commit-replay/build/E/after/clang_O0/stdout.bin,18984762cfada2d814b7484433bef71bdf9cc802d1bcb6e12a33e8f5134cb217,artifact/commit-replay/build/E/after/clang_O0/adapter.s,a333d985d036e90cac2cb0892b06a3be5b595d60893266510bd5cbbd4da7efbe,artifact/commit-replay/results/independent_recheck.json,EXECUTED,4112 deterministic contract cases; byte-level executable reproduction=True.
PROJECT-E-after-clang-O2,COMMIT_DERIVED_COMPILER_CELL,E,after,clang,-O2,clang -std=gnu11 -O2 artifact/commit-replay/sources/E/after.c,"{""clang"": ""clang version 17.0.0 (https://github.com/swiftlang/llvm-project.git 10999b6d034fe318f3d56c83bddb6572593a8bb0)"", ""gcc"": ""gcc (Debian 14.2.0-19) 14.2.0"", ""machine"": ""x86_64"", ""python"": ""3.13.5"", ""system"": ""Linux"", ""toolchains"": [{""compiler"": ""gcc"", ""optimization"": ""-O0""}, {""compiler"": ""gcc"", ""optimization"": ""-O2""}, {""compiler"": ""clang"", ""optimization"": ""-O0""}, {""compiler"": ""clang"", ""optimization"": ""-O2""}]}",source=dd55ee953fb757e2b31760eaa99254ebbf353f6c9445fdad7b91dc5bd64fc87c;reference=18984762cfada2d814b7484433bef71bdf9cc802d1bcb6e12a33e8f5134cb217,artifact/commit-replay/build/E/after/clang_O2/stdout.bin,18984762cfada2d814b7484433bef71bdf9cc802d1bcb6e12a33e8f5134cb217,artifact/commit-replay/build/E/after/clang_O2/adapter.s,01104673a8a8229c050544bf711801bbaafd758aff2deaa3bfad8ea8b9f5bf0b,artifact/commit-replay/results/independent_recheck.json,EXECUTED,4112 deterministic contract cases; byte-level executable reproduction=True.
PROJECT-E-tolerated-gcc-O0,COMMIT_DERIVED_COMPILER_CELL,E,tolerated,gcc,-O0,gcc -std=gnu11 -O0 artifact/commit-replay/sources/E/tolerated.c,"{""clang"": ""clang version 17.0.0 (https://github.com/swiftlang/llvm-project.git 10999b6d034fe318f3d56c83bddb6572593a8bb0)"", ""gcc"": ""gcc (Debian 14.2.0-19) 14.2.0"", ""machine"": ""x86_64"", ""python"": ""3.13.5"", ""system"": ""Linux"", ""toolchains"": [{""compiler"": ""gcc"", ""optimization"": ""-O0""}, {""compiler"": ""gcc"", ""optimization"": ""-O2""}, {""compiler"": ""clang"", ""optimization"": ""-O0""}, {""compiler"": ""clang"", ""optimization"": ""-O2""}]}",source=47c4bb2bf704dbf90660c4e36fe6d53f51a62afc50bc027becdf1cce25e279d1;reference=18984762cfada2d814b7484433bef71bdf9cc802d1bcb6e12a33e8f5134cb217,artifact/commit-replay/build/E/tolerated/gcc_O0/stdout.bin,18984762cfada2d814b7484433bef71bdf9cc802d1bcb6e12a33e8f5134cb217,artifact/commit-replay/build/E/tolerated/gcc_O0/adapter.s,2c9c3a34ccb1e8e2c95232b164531bbef44f54d1be6f9351994a97561b650b99,artifact/commit-replay/results/independent_recheck.json,EXECUTED,4112 deterministic contract cases; byte-level executable reproduction=True.
PROJECT-E-tolerated-gcc-O2,COMMIT_DERIVED_COMPILER_CELL,E,tolerated,gcc,-O2,gcc -std=gnu11 -O2 artifact/commit-replay/sources/E/tolerated.c,"{""clang"": ""clang version 17.0.0 (https://github.com/swiftlang/llvm-project.git 10999b6d034fe318f3d56c83bddb6572593a8bb0)"", ""gcc"": ""gcc (Debian 14.2.0-19) 14.2.0"", ""machine"": ""x86_64"", ""python"": ""3.13.5"", ""system"": ""Linux"", ""toolchains"": [{""compiler"": ""gcc"", ""optimization"": ""-O0""}, {""compiler"": ""gcc"", ""optimization"": ""-O2""}, {""compiler"": ""clang"", ""optimization"": ""-O0""}, {""compiler"": ""clang"", ""optimization"": ""-O2""}]}",source=47c4bb2bf704dbf90660c4e36fe6d53f51a62afc50bc027becdf1cce25e279d1;reference=18984762cfada2d814b7484433bef71bdf9cc802d1bcb6e12a33e8f5134cb217,artifact/commit-replay/build/E/tolerated/gcc_O2/stdout.bin,18984762cfada2d814b7484433bef71bdf9cc802d1bcb6e12a33e8f5134cb217,artifact/commit-replay/build/E/tolerated/gcc_O2/adapter.s,bcc1b3aecc4bb3e0440adc9a409a9a8bf8c547de385139b2d66a350783f2cdda,artifact/commit-replay/results/independent_recheck.json,EXECUTED,4112 deterministic contract cases; byte-level executable reproduction=True.
PROJECT-E-tolerated-clang-O0,COMMIT_DERIVED_COMPILER_CELL,E,tolerated,clang,-O0,clang -std=gnu11 -O0 artifact/commit-replay/sources/E/tolerated.c,"{""clang"": ""clang version 17.0.0 (https://github.com/swiftlang/llvm-project.git 10999b6d034fe318f3d56c83bddb6572593a8bb0)"", ""gcc"": ""gcc (Debian 14.2.0-19) 14.2.0"", ""machine"": ""x86_64"", ""python"": ""3.13.5"", ""system"": ""Linux"", ""toolchains"": [{""compiler"": ""gcc"", ""optimization"": ""-O0""}, {""compiler"": ""gcc"", ""optimization"": ""-O2""}, {""compiler"": ""clang"", ""optimization"": ""-O0""}, {""compiler"": ""clang"", ""optimization"": ""-O2""}]}",source=47c4bb2bf704dbf90660c4e36fe6d53f51a62afc50bc027becdf1cce25e279d1;reference=18984762cfada2d814b7484433bef71bdf9cc802d1bcb6e12a33e8f5134cb217,artifact/commit-replay/build/E/tolerated/clang_O0/stdout.bin,18984762cfada2d814b7484433bef71bdf9cc802d1bcb6e12a33e8f5134cb217,artifact/commit-replay/build/E/tolerated/clang_O0/adapter.s,b18938108d353caa5b505994b331b21d14f3aa1df0fa05383add6711a61ef882,artifact/commit-replay/results/independent_recheck.json,EXECUTED,4112 deterministic contract cases; byte-level executable reproduction=True.
PROJECT-E-tolerated-clang-O2,COMMIT_DERIVED_COMPILER_CELL,E,tolerated,clang,-O2,clang -std=gnu11 -O2 artifact/commit-replay/sources/E/tolerated.c,"{""clang"": ""clang version 17.0.0 (https://github.com/swiftlang/llvm-project.git 10999b6d034fe318f3d56c83bddb6572593a8bb0)"", ""gcc"": ""gcc (Debian 14.2.0-19) 14.2.0"", ""machine"": ""x86_64"", ""python"": ""3.13.5"", ""system"": ""Linux"", ""toolchains"": [{""compiler"": ""gcc"", ""optimization"": ""-O0""}, {""compiler"": ""gcc"", ""optimization"": ""-O2""}, {""compiler"": ""clang"", ""optimization"": ""-O0""}, {""compiler"": ""clang"", ""optimization"": ""-O2""}]}",source=47c4bb2bf704dbf90660c4e36fe6d53f51a62afc50bc027becdf1cce25e279d1;reference=18984762cfada2d814b7484433bef71bdf9cc802d1bcb6e12a33e8f5134cb217,artifact/commit-replay/build/E/tolerated/clang_O2/stdout.bin,18984762cfada2d814b7484433bef71bdf9cc802d1bcb6e12a33e8f5134cb217,artifact/commit-replay/build/E/tolerated/clang_O2/adapter.s,ed803e23b6fc600bd9b10781ed4fc4f77cc129148df3edf349d2e01baaaf6fbe,artifact/commit-replay/results/independent_recheck.json,EXECUTED,4112 deterministic contract cases; byte-level executable reproduction=True.
PROJECT-E-adverse-gcc-O0,COMMIT_DERIVED_COMPILER_CELL,E,adverse,gcc,-O0,gcc -std=gnu11 -O0 artifact/commit-replay/sources/E/adverse.c,"{""clang"": ""clang version 17.0.0 (https://github.com/swiftlang/llvm-project.git 10999b6d034fe318f3d56c83bddb6572593a8bb0)"", ""gcc"": ""gcc (Debian 14.2.0-19) 14.2.0"", ""machine"": ""x86_64"", ""python"": ""3.13.5"", ""system"": ""Linux"", ""toolchains"": [{""compiler"": ""gcc"", ""optimization"": ""-O0""}, {""compiler"": ""gcc"", ""optimization"": ""-O2""}, {""compiler"": ""clang"", ""optimization"": ""-O0""}, {""compiler"": ""clang"", ""optimization"": ""-O2""}]}",source=605b8b59f40554b59964816d3d84da090f6b733fd37b10026a2cd9733ef4acc8;reference=18984762cfada2d814b7484433bef71bdf9cc802d1bcb6e12a33e8f5134cb217,artifact/commit-replay/build/E/adverse/gcc_O0/stdout.bin,18984762cfada2d814b7484433bef71bdf9cc802d1bcb6e12a33e8f5134cb217,artifact/commit-replay/build/E/adverse/gcc_O0/adapter.s,4d8884e781b0a0a4d07c7db60953b219814457474cc827e977363476e061bcbc,artifact/commit-replay/results/independent_recheck.json,EXECUTED,4112 deterministic contract cases; byte-level executable reproduction=False.
PROJECT-E-adverse-gcc-O2,COMMIT_DERIVED_COMPILER_CELL,E,adverse,gcc,-O2,gcc -std=gnu11 -O2 artifact/commit-replay/sources/E/adverse.c,"{""clang"": ""clang version 17.0.0 (https://github.com/swiftlang/llvm-project.git 10999b6d034fe318f3d56c83bddb6572593a8bb0)"", ""gcc"": ""gcc (Debian 14.2.0-19) 14.2.0"", ""machine"": ""x86_64"", ""python"": ""3.13.5"", ""system"": ""Linux"", ""toolchains"": [{""compiler"": ""gcc"", ""optimization"": ""-O0""}, {""compiler"": ""gcc"", ""optimization"": ""-O2""}, {""compiler"": ""clang"", ""optimization"": ""-O0""}, {""compiler"": ""clang"", ""optimization"": ""-O2""}]}",source=605b8b59f40554b59964816d3d84da090f6b733fd37b10026a2cd9733ef4acc8;reference=18984762cfada2d814b7484433bef71bdf9cc802d1bcb6e12a33e8f5134cb217,artifact/commit-replay/build/E/adverse/gcc_O2/stdout.bin,18984762cfada2d814b7484433bef71bdf9cc802d1bcb6e12a33e8f5134cb217,artifact/commit-replay/build/E/adverse/gcc_O2/adapter.s,97c1d3d30ead12c88f6662ab43d7f6452df57ad20b89f3569c90eb266d12cffe,artifact/commit-replay/results/independent_recheck.json,EXECUTED,4112 deterministic contract cases; byte-level executable reproduction=False.
PROJECT-E-adverse-clang-O0,COMMIT_DERIVED_COMPILER_CELL,E,adverse,clang,-O0,clang -std=gnu11 -O0 artifact/commit-replay/sources/E/adverse.c,"{""clang"": ""clang version 17.0.0 (https://github.com/swiftlang/llvm-project.git 10999b6d034fe318f3d56c83bddb6572593a8bb0)"", ""gcc"": ""gcc (Debian 14.2.0-19) 14.2.0"", ""machine"": ""x86_64"", ""python"": ""3.13.5"", ""system"": ""Linux"", ""toolchains"": [{""compiler"": ""gcc"", ""optimization"": ""-O0""}, {""compiler"": ""gcc"", ""optimization"": ""-O2""}, {""compiler"": ""clang"", ""optimization"": ""-O0""}, {""compiler"": ""clang"", ""optimization"": ""-O2""}]}",source=605b8b59f40554b59964816d3d84da090f6b733fd37b10026a2cd9733ef4acc8;reference=18984762cfada2d814b7484433bef71bdf9cc802d1bcb6e12a33e8f5134cb217,artifact/commit-replay/build/E/adverse/clang_O0/stdout.bin,18984762cfada2d814b7484433bef71bdf9cc802d1bcb6e12a33e8f5134cb217,artifact/commit-replay/build/E/adverse/clang_O0/adapter.s,594feca10901a9a4185fe0aebaa64f989a5b15327399f1a43be8f093ba20f0d4,artifact/commit-replay/results/independent_recheck.json,EXECUTED,4112 deterministic contract cases; byte-level executable reproduction=False.
PROJECT-E-adverse-clang-O2,COMMIT_DERIVED_COMPILER_CELL,E,adverse,clang,-O2,clang -std=gnu11 -O2 artifact/commit-replay/sources/E/adverse.c,"{""clang"": ""clang version 17.0.0 (https://github.com/swiftlang/llvm-project.git 10999b6d034fe318f3d56c83bddb6572593a8bb0)"", ""gcc"": ""gcc (Debian 14.2.0-19) 14.2.0"", ""machine"": ""x86_64"", ""python"": ""3.13.5"", ""system"": ""Linux"", ""toolchains"": [{""compiler"": ""gcc"", ""optimization"": ""-O0""}, {""compiler"": ""gcc"", ""optimization"": ""-O2""}, {""compiler"": ""clang"", ""optimization"": ""-O0""}, {""compiler"": ""clang"", ""optimization"": ""-O2""}]}",source=605b8b59f40554b59964816d3d84da090f6b733fd37b10026a2cd9733ef4acc8;reference=18984762cfada2d814b7484433bef71bdf9cc802d1bcb6e12a33e8f5134cb217,artifact/commit-replay/build/E/adverse/clang_O2/stdout.bin,18984762cfada2d814b7484433bef71bdf9cc802d1bcb6e12a33e8f5134cb217,artifact/commit-replay/build/E/adverse/clang_O2/adapter.s,58f47b46aa875c38cc83acba25d77409e9b78a162cc44b35169f5d9d4af1b790,artifact/commit-replay/results/independent_recheck.json,EXECUTED,4112 deterministic contract cases; byte-level executable reproduction=False.
PROJECT-F-before-gcc-O0,COMMIT_DERIVED_COMPILER_CELL,F,before,gcc,-O0,gcc -std=gnu11 -O0 artifact/commit-replay/sources/F/before.c,"{""clang"": ""clang version 17.0.0 (https://github.com/swiftlang/llvm-project.git 10999b6d034fe318f3d56c83bddb6572593a8bb0)"", ""gcc"": ""gcc (Debian 14.2.0-19) 14.2.0"", ""machine"": ""x86_64"", ""python"": ""3.13.5"", ""system"": ""Linux"", ""toolchains"": [{""compiler"": ""gcc"", ""optimization"": ""-O0""}, {""compiler"": ""gcc"", ""optimization"": ""-O2""}, {""compiler"": ""clang"", ""optimization"": ""-O0""}, {""compiler"": ""clang"", ""optimization"": ""-O2""}]}",source=2ec99bba509f5549017342faf8dacd287b33e13ad69d08cbd7f70fe8bd900490;reference=b0e25cdfc5b10b30b452a7b235eec72f9dd5cda1a0f3e12b3c7203e3d3c9d6eb,artifact/commit-replay/build/F/before/gcc_O0/stdout.bin,b0e25cdfc5b10b30b452a7b235eec72f9dd5cda1a0f3e12b3c7203e3d3c9d6eb,artifact/commit-replay/build/F/before/gcc_O0/adapter.s,243f2bd4d1bba5297d1ebef7eb8e0d9403eca9b7d510097d3d1bc767163c4d37,artifact/commit-replay/results/independent_recheck.json,EXECUTED,65536 deterministic contract cases; byte-level executable reproduction=True.
PROJECT-F-before-gcc-O2,COMMIT_DERIVED_COMPILER_CELL,F,before,gcc,-O2,gcc -std=gnu11 -O2 artifact/commit-replay/sources/F/before.c,"{""clang"": ""clang version 17.0.0 (https://github.com/swiftlang/llvm-project.git 10999b6d034fe318f3d56c83bddb6572593a8bb0)"", ""gcc"": ""gcc (Debian 14.2.0-19) 14.2.0"", ""machine"": ""x86_64"", ""python"": ""3.13.5"", ""system"": ""Linux"", ""toolchains"": [{""compiler"": ""gcc"", ""optimization"": ""-O0""}, {""compiler"": ""gcc"", ""optimization"": ""-O2""}, {""compiler"": ""clang"", ""optimization"": ""-O0""}, {""compiler"": ""clang"", ""optimization"": ""-O2""}]}",source=2ec99bba509f5549017342faf8dacd287b33e13ad69d08cbd7f70fe8bd900490;reference=b0e25cdfc5b10b30b452a7b235eec72f9dd5cda1a0f3e12b3c7203e3d3c9d6eb,artifact/commit-replay/build/F/before/gcc_O2/stdout.bin,b0e25cdfc5b10b30b452a7b235eec72f9dd5cda1a0f3e12b3c7203e3d3c9d6eb,artifact/commit-replay/build/F/before/gcc_O2/adapter.s,55cfbcddd29dbfb2dcfc79e88448984488fd49c7caefc4f8b46c56f1c3b21e0d,artifact/commit-replay/results/independent_recheck.json,EXECUTED,65536 deterministic contract cases; byte-level executable reproduction=True.
PROJECT-F-before-clang-O0,COMMIT_DERIVED_COMPILER_CELL,F,before,clang,-O0,clang -std=gnu11 -O0 artifact/commit-replay/sources/F/before.c,"{""clang"": ""clang version 17.0.0 (https://github.com/swiftlang/llvm-project.git 10999b6d034fe318f3d56c83bddb6572593a8bb0)"", ""gcc"": ""gcc (Debian 14.2.0-19) 14.2.0"", ""machine"": ""x86_64"", ""python"": ""3.13.5"", ""system"": ""Linux"", ""toolchains"": [{""compiler"": ""gcc"", ""optimization"": ""-O0""}, {""compiler"": ""gcc"", ""optimization"": ""-O2""}, {""compiler"": ""clang"", ""optimization"": ""-O0""}, {""compiler"": ""clang"", ""optimization"": ""-O2""}]}",source=2ec99bba509f5549017342faf8dacd287b33e13ad69d08cbd7f70fe8bd900490;reference=b0e25cdfc5b10b30b452a7b235eec72f9dd5cda1a0f3e12b3c7203e3d3c9d6eb,artifact/commit-replay/build/F/before/clang_O0/stdout.bin,b0e25cdfc5b10b30b452a7b235eec72f9dd5cda1a0f3e12b3c7203e3d3c9d6eb,artifact/commit-replay/build/F/before/clang_O0/adapter.s,a3996acb88c38197fe132af18c0abcca75053819dd067089381426601c8f1cbc,artifact/commit-replay/results/independent_recheck.json,EXECUTED,65536 deterministic contract cases; byte-level executable reproduction=True.
PROJECT-F-before-clang-O2,COMMIT_DERIVED_COMPILER_CELL,F,before,clang,-O2,clang -std=gnu11 -O2 artifact/commit-replay/sources/F/before.c,"{""clang"": ""clang version 17.0.0 (https://github.com/swiftlang/llvm-project.git 10999b6d034fe318f3d56c83bddb6572593a8bb0)"", ""gcc"": ""gcc (Debian 14.2.0-19) 14.2.0"", ""machine"": ""x86_64"", ""python"": ""3.13.5"", ""system"": ""Linux"", ""toolchains"": [{""compiler"": ""gcc"", ""optimization"": ""-O0""}, {""compiler"": ""gcc"", ""optimization"": ""-O2""}, {""compiler"": ""clang"", ""optimization"": ""-O0""}, {""compiler"": ""clang"", ""optimization"": ""-O2""}]}",source=2ec99bba509f5549017342faf8dacd287b33e13ad69d08cbd7f70fe8bd900490;reference=b0e25cdfc5b10b30b452a7b235eec72f9dd5cda1a0f3e12b3c7203e3d3c9d6eb,artifact/commit-replay/build/F/before/clang_O2/stdout.bin,b0e25cdfc5b10b30b452a7b235eec72f9dd5cda1a0f3e12b3c7203e3d3c9d6eb,artifact/commit-replay/build/F/before/clang_O2/adapter.s,fc98fb3801433ede963ae1387b9e11b936d46b6e9fba9ca7e7ec9942a88897f4,artifact/commit-replay/results/independent_recheck.json,EXECUTED,65536 deterministic contract cases; byte-level executable reproduction=True.
PROJECT-F-after-gcc-O0,COMMIT_DERIVED_COMPILER_CELL,F,after,gcc,-O0,gcc -std=gnu11 -O0 artifact/commit-replay/sources/F/after.c,"{""clang"": ""clang version 17.0.0 (https://github.com/swiftlang/llvm-project.git 10999b6d034fe318f3d56c83bddb6572593a8bb0)"", ""gcc"": ""gcc (Debian 14.2.0-19) 14.2.0"", ""machine"": ""x86_64"", ""python"": ""3.13.5"", ""system"": ""Linux"", ""toolchains"": [{""compiler"": ""gcc"", ""optimization"": ""-O0""}, {""compiler"": ""gcc"", ""optimization"": ""-O2""}, {""compiler"": ""clang"", ""optimization"": ""-O0""}, {""compiler"": ""clang"", ""optimization"": ""-O2""}]}",source=87b23796b06741e241e30389aa943efad6809bf3164cc97294f82cc8c3106c1f;reference=b0e25cdfc5b10b30b452a7b235eec72f9dd5cda1a0f3e12b3c7203e3d3c9d6eb,artifact/commit-replay/build/F/after/gcc_O0/stdout.bin,b0e25cdfc5b10b30b452a7b235eec72f9dd5cda1a0f3e12b3c7203e3d3c9d6eb,artifact/commit-replay/build/F/after/gcc_O0/adapter.s,07e416e060e49e9e012c61c4812eac391db8e0ea4f1e24f6caebbb2cc1f806e5,artifact/commit-replay/results/independent_recheck.json,EXECUTED,65536 deterministic contract cases; byte-level executable reproduction=True.
PROJECT-F-after-gcc-O2,COMMIT_DERIVED_COMPILER_CELL,F,after,gcc,-O2,gcc -std=gnu11 -O2 artifact/commit-replay/sources/F/after.c,"{""clang"": ""clang version 17.0.0 (https://github.com/swiftlang/llvm-project.git 10999b6d034fe318f3d56c83bddb6572593a8bb0)"", ""gcc"": ""gcc (Debian 14.2.0-19) 14.2.0"", ""machine"": ""x86_64"", ""python"": ""3.13.5"", ""system"": ""Linux"", ""toolchains"": [{""compiler"": ""gcc"", ""optimization"": ""-O0""}, {""compiler"": ""gcc"", ""optimization"": ""-O2""}, {""compiler"": ""clang"", ""optimization"": ""-O0""}, {""compiler"": ""clang"", ""optimization"": ""-O2""}]}",source=87b23796b06741e241e30389aa943efad6809bf3164cc97294f82cc8c3106c1f;reference=b0e25cdfc5b10b30b452a7b235eec72f9dd5cda1a0f3e12b3c7203e3d3c9d6eb,artifact/commit-replay/build/F/after/gcc_O2/stdout.bin,b0e25cdfc5b10b30b452a7b235eec72f9dd5cda1a0f3e12b3c7203e3d3c9d6eb,artifact/commit-replay/build/F/after/gcc_O2/adapter.s,0de0535b6b69a3d61bd8d27e2200f4fb5f8c79787bb321d204cf95c76eb9ef29,artifact/commit-replay/results/independent_recheck.json,EXECUTED,65536 deterministic contract cases; byte-level executable reproduction=True.
PROJECT-F-after-clang-O0,COMMIT_DERIVED_COMPILER_CELL,F,after,clang,-O0,clang -std=gnu11 -O0 artifact/commit-replay/sources/F/after.c,"{""clang"": ""clang version 17.0.0 (https://github.com/swiftlang/llvm-project.git 10999b6d034fe318f3d56c83bddb6572593a8bb0)"", ""gcc"": ""gcc (Debian 14.2.0-19) 14.2.0"", ""machine"": ""x86_64"", ""python"": ""3.13.5"", ""system"": ""Linux"", ""toolchains"": [{""compiler"": ""gcc"", ""optimization"": ""-O0""}, {""compiler"": ""gcc"", ""optimization"": ""-O2""}, {""compiler"": ""clang"", ""optimization"": ""-O0""}, {""compiler"": ""clang"", ""optimization"": ""-O2""}]}",source=87b23796b06741e241e30389aa943efad6809bf3164cc97294f82cc8c3106c1f;reference=b0e25cdfc5b10b30b452a7b235eec72f9dd5cda1a0f3e12b3c7203e3d3c9d6eb,artifact/commit-replay/build/F/after/clang_O0/stdout.bin,b0e25cdfc5b10b30b452a7b235eec72f9dd5cda1a0f3e12b3c7203e3d3c9d6eb,artifact/commit-replay/build/F/after/clang_O0/adapter.s,9c668464d3265ca31b1c121c6b343182e81904b49e4f489120ba7dde637c2fa6,artifact/commit-replay/results/independent_recheck.json,EXECUTED,65536 deterministic contract cases; byte-level executable reproduction=True.
PROJECT-F-after-clang-O2,COMMIT_DERIVED_COMPILER_CELL,F,after,clang,-O2,clang -std=gnu11 -O2 artifact/commit-replay/sources/F/after.c,"{""clang"": ""clang version 17.0.0 (https://github.com/swiftlang/llvm-project.git 10999b6d034fe318f3d56c83bddb6572593a8bb0)"", ""gcc"": ""gcc (Debian 14.2.0-19) 14.2.0"", ""machine"": ""x86_64"", ""python"": ""3.13.5"", ""system"": ""Linux"", ""toolchains"": [{""compiler"": ""gcc"", ""optimization"": ""-O0""}, {""compiler"": ""gcc"", ""optimization"": ""-O2""}, {""compiler"": ""clang"", ""optimization"": ""-O0""}, {""compiler"": ""clang"", ""optimization"": ""-O2""}]}",source=87b23796b06741e241e30389aa943efad6809bf3164cc97294f82cc8c3106c1f;reference=b0e25cdfc5b10b30b452a7b235eec72f9dd5cda1a0f3e12b3c7203e3d3c9d6eb,artifact/commit-replay/build/F/after/clang_O2/stdout.bin,b0e25cdfc5b10b30b452a7b235eec72f9dd5cda1a0f3e12b3c7203e3d3c9d6eb,artifact/commit-replay/build/F/after/clang_O2/adapter.s,8e2cc5663e3897be6115de73a16a24de0c3de1c9a732f7d1fd7ee2b1935e4585,artifact/commit-replay/results/independent_recheck.json,EXECUTED,65536 deterministic contract cases; byte-level executable reproduction=True.
PROJECT-F-tolerated-gcc-O0,COMMIT_DERIVED_COMPILER_CELL,F,tolerated,gcc,-O0,gcc -std=gnu11 -O0 artifact/commit-replay/sources/F/tolerated.c,"{""clang"": ""clang version 17.0.0 (https://github.com/swiftlang/llvm-project.git 10999b6d034fe318f3d56c83bddb6572593a8bb0)"", ""gcc"": ""gcc (Debian 14.2.0-19) 14.2.0"", ""machine"": ""x86_64"", ""python"": ""3.13.5"", ""system"": ""Linux"", ""toolchains"": [{""compiler"": ""gcc"", ""optimization"": ""-O0""}, {""compiler"": ""gcc"", ""optimization"": ""-O2""}, {""compiler"": ""clang"", ""optimization"": ""-O0""}, {""compiler"": ""clang"", ""optimization"": ""-O2""}]}",source=33e3c154de9702d25e568a106eb8ce087798985eb451af7addd758dff3556d38;reference=b0e25cdfc5b10b30b452a7b235eec72f9dd5cda1a0f3e12b3c7203e3d3c9d6eb,artifact/commit-replay/build/F/tolerated/gcc_O0/stdout.bin,b0e25cdfc5b10b30b452a7b235eec72f9dd5cda1a0f3e12b3c7203e3d3c9d6eb,artifact/commit-replay/build/F/tolerated/gcc_O0/adapter.s,c4556db9018f43048e134e44960b1b4b0d61338a7a6174be475568a661fc1b09,artifact/commit-replay/results/independent_recheck.json,EXECUTED,65536 deterministic contract cases; byte-level executable reproduction=True.
PROJECT-F-tolerated-gcc-O2,COMMIT_DERIVED_COMPILER_CELL,F,tolerated,gcc,-O2,gcc -std=gnu11 -O2 artifact/commit-replay/sources/F/tolerated.c,"{""clang"": ""clang version 17.0.0 (https://github.com/swiftlang/llvm-project.git 10999b6d034fe318f3d56c83bddb6572593a8bb0)"", ""gcc"": ""gcc (Debian 14.2.0-19) 14.2.0"", ""machine"": ""x86_64"", ""python"": ""3.13.5"", ""system"": ""Linux"", ""toolchains"": [{""compiler"": ""gcc"", ""optimization"": ""-O0""}, {""compiler"": ""gcc"", ""optimization"": ""-O2""}, {""compiler"": ""clang"", ""optimization"": ""-O0""}, {""compiler"": ""clang"", ""optimization"": ""-O2""}]}",source=33e3c154de9702d25e568a106eb8ce087798985eb451af7addd758dff3556d38;reference=b0e25cdfc5b10b30b452a7b235eec72f9dd5cda1a0f3e12b3c7203e3d3c9d6eb,artifact/commit-replay/build/F/tolerated/gcc_O2/stdout.bin,b0e25cdfc5b10b30b452a7b235eec72f9dd5cda1a0f3e12b3c7203e3d3c9d6eb,artifact/commit-replay/build/F/tolerated/gcc_O2/adapter.s,4bb687e54a66cefcdd988b0fdd5db5b5ff46902b69be7e090d5d7cc1d7641024,artifact/commit-replay/results/independent_recheck.json,EXECUTED,65536 deterministic contract cases; byte-level executable reproduction=True.
PROJECT-F-tolerated-clang-O0,COMMIT_DERIVED_COMPILER_CELL,F,tolerated,clang,-O0,clang -std=gnu11 -O0 artifact/commit-replay/sources/F/tolerated.c,"{""clang"": ""clang version 17.0.0 (https://github.com/swiftlang/llvm-project.git 10999b6d034fe318f3d56c83bddb6572593a8bb0)"", ""gcc"": ""gcc (Debian 14.2.0-19) 14.2.0"", ""machine"": ""x86_64"", ""python"": ""3.13.5"", ""system"": ""Linux"", ""toolchains"": [{""compiler"": ""gcc"", ""optimization"": ""-O0""}, {""compiler"": ""gcc"", ""optimization"": ""-O2""}, {""compiler"": ""clang"", ""optimization"": ""-O0""}, {""compiler"": ""clang"", ""optimization"": ""-O2""}]}",source=33e3c154de9702d25e568a106eb8ce087798985eb451af7addd758dff3556d38;reference=b0e25cdfc5b10b30b452a7b235eec72f9dd5cda1a0f3e12b3c7203e3d3c9d6eb,artifact/commit-replay/build/F/tolerated/clang_O0/stdout.bin,b0e25cdfc5b10b30b452a7b235eec72f9dd5cda1a0f3e12b3c7203e3d3c9d6eb,artifact/commit-replay/build/F/tolerated/clang_O0/adapter.s,1ac34b2aa12898f1de2fd886083e6695a6e5bdb55893a189fe46add6274f82f2,artifact/commit-replay/results/independent_recheck.json,EXECUTED,65536 deterministic contract cases; byte-level executable reproduction=True.
PROJECT-F-tolerated-clang-O2,COMMIT_DERIVED_COMPILER_CELL,F,tolerated,clang,-O2,clang -std=gnu11 -O2 artifact/commit-replay/sources/F/tolerated.c,"{""clang"": ""clang version 17.0.0 (https://github.com/swiftlang/llvm-project.git 10999b6d034fe318f3d56c83bddb6572593a8bb0)"", ""gcc"": ""gcc (Debian 14.2.0-19) 14.2.0"", ""machine"": ""x86_64"", ""python"": ""3.13.5"", ""system"": ""Linux"", ""toolchains"": [{""compiler"": ""gcc"", ""optimization"": ""-O0""}, {""compiler"": ""gcc"", ""optimization"": ""-O2""}, {""compiler"": ""clang"", ""optimization"": ""-O0""}, {""compiler"": ""clang"", ""optimization"": ""-O2""}]}",source=33e3c154de9702d25e568a106eb8ce087798985eb451af7addd758dff3556d38;reference=b0e25cdfc5b10b30b452a7b235eec72f9dd5cda1a0f3e12b3c7203e3d3c9d6eb,artifact/commit-replay/build/F/tolerated/clang_O2/stdout.bin,b0e25cdfc5b10b30b452a7b235eec72f9dd5cda1a0f3e12b3c7203e3d3c9d6eb,artifact/commit-replay/build/F/tolerated/clang_O2/adapter.s,d594e8d5520752dc93a0c25da954676b2e91457f4d58c9397ba6eecace96dc74,artifact/commit-replay/results/independent_recheck.json,EXECUTED,65536 deterministic contract cases; byte-level executable reproduction=True.
PROJECT-F-adverse-gcc-O0,COMMIT_DERIVED_COMPILER_CELL,F,adverse,gcc,-O0,gcc -std=gnu11 -O0 artifact/commit-replay/sources/F/adverse.c,"{""clang"": ""clang version 17.0.0 (https://github.com/swiftlang/llvm-project.git 10999b6d034fe318f3d56c83bddb6572593a8bb0)"", ""gcc"": ""gcc (Debian 14.2.0-19) 14.2.0"", ""machine"": ""x86_64"", ""python"": ""3.13.5"", ""system"": ""Linux"", ""toolchains"": [{""compiler"": ""gcc"", ""optimization"": ""-O0""}, {""compiler"": ""gcc"", ""optimization"": ""-O2""}, {""compiler"": ""clang"", ""optimization"": ""-O0""}, {""compiler"": ""clang"", ""optimization"": ""-O2""}]}",source=44a98d5bdf3863da5636341332e1c9b910a10d2117415a6aeaa304dbbac51c0e;reference=b0e25cdfc5b10b30b452a7b235eec72f9dd5cda1a0f3e12b3c7203e3d3c9d6eb,artifact/commit-replay/build/F/adverse/gcc_O0/stdout.bin,b0e25cdfc5b10b30b452a7b235eec72f9dd5cda1a0f3e12b3c7203e3d3c9d6eb,artifact/commit-replay/build/F/adverse/gcc_O0/adapter.s,07e416e060e49e9e012c61c4812eac391db8e0ea4f1e24f6caebbb2cc1f806e5,artifact/commit-replay/results/independent_recheck.json,EXECUTED,65536 deterministic contract cases; byte-level executable reproduction=True.
PROJECT-F-adverse-gcc-O2,COMMIT_DERIVED_COMPILER_CELL,F,adverse,gcc,-O2,gcc -std=gnu11 -O2 artifact/commit-replay/sources/F/adverse.c,"{""clang"": ""clang version 17.0.0 (https://github.com/swiftlang/llvm-project.git 10999b6d034fe318f3d56c83bddb6572593a8bb0)"", ""gcc"": ""gcc (Debian 14.2.0-19) 14.2.0"", ""machine"": ""x86_64"", ""python"": ""3.13.5"", ""system"": ""Linux"", ""toolchains"": [{""compiler"": ""gcc"", ""optimization"": ""-O0""}, {""compiler"": ""gcc"", ""optimization"": ""-O2""}, {""compiler"": ""clang"", ""optimization"": ""-O0""}, {""compiler"": ""clang"", ""optimization"": ""-O2""}]}",source=44a98d5bdf3863da5636341332e1c9b910a10d2117415a6aeaa304dbbac51c0e;reference=b0e25cdfc5b10b30b452a7b235eec72f9dd5cda1a0f3e12b3c7203e3d3c9d6eb,artifact/commit-replay/build/F/adverse/gcc_O2/stdout.bin,b0e25cdfc5b10b30b452a7b235eec72f9dd5cda1a0f3e12b3c7203e3d3c9d6eb,artifact/commit-replay/build/F/adverse/gcc_O2/adapter.s,0de0535b6b69a3d61bd8d27e2200f4fb5f8c79787bb321d204cf95c76eb9ef29,artifact/commit-replay/results/independent_recheck.json,EXECUTED,65536 deterministic contract cases; byte-level executable reproduction=True.
PROJECT-F-adverse-clang-O0,COMMIT_DERIVED_COMPILER_CELL,F,adverse,clang,-O0,clang -std=gnu11 -O0 artifact/commit-replay/sources/F/adverse.c,"{""clang"": ""clang version 17.0.0 (https://github.com/swiftlang/llvm-project.git 10999b6d034fe318f3d56c83bddb6572593a8bb0)"", ""gcc"": ""gcc (Debian 14.2.0-19) 14.2.0"", ""machine"": ""x86_64"", ""python"": ""3.13.5"", ""system"": ""Linux"", ""toolchains"": [{""compiler"": ""gcc"", ""optimization"": ""-O0""}, {""compiler"": ""gcc"", ""optimization"": ""-O2""}, {""compiler"": ""clang"", ""optimization"": ""-O0""}, {""compiler"": ""clang"", ""optimization"": ""-O2""}]}",source=44a98d5bdf3863da5636341332e1c9b910a10d2117415a6aeaa304dbbac51c0e;reference=b0e25cdfc5b10b30b452a7b235eec72f9dd5cda1a0f3e12b3c7203e3d3c9d6eb,artifact/commit-replay/build/F/adverse/clang_O0/stdout.bin,b0e25cdfc5b10b30b452a7b235eec72f9dd5cda1a0f3e12b3c7203e3d3c9d6eb,artifact/commit-replay/build/F/adverse/clang_O0/adapter.s,9c668464d3265ca31b1c121c6b343182e81904b49e4f489120ba7dde637c2fa6,artifact/commit-replay/results/independent_recheck.json,EXECUTED,65536 deterministic contract cases; byte-level executable reproduction=True.
PROJECT-F-adverse-clang-O2,COMMIT_DERIVED_COMPILER_CELL,F,adverse,clang,-O2,clang -std=gnu11 -O2 artifact/commit-replay/sources/F/adverse.c,"{""clang"": ""clang version 17.0.0 (https://github.com/swiftlang/llvm-project.git 10999b6d034fe318f3d56c83bddb6572593a8bb0)"", ""gcc"": ""gcc (Debian 14.2.0-19) 14.2.0"", ""machine"": ""x86_64"", ""python"": ""3.13.5"", ""system"": ""Linux"", ""toolchains"": [{""compiler"": ""gcc"", ""optimization"": ""-O0""}, {""compiler"": ""gcc"", ""optimization"": ""-O2""}, {""compiler"": ""clang"", ""optimization"": ""-O0""}, {""compiler"": ""clang"", ""optimization"": ""-O2""}]}",source=44a98d5bdf3863da5636341332e1c9b910a10d2117415a6aeaa304dbbac51c0e;reference=b0e25cdfc5b10b30b452a7b235eec72f9dd5cda1a0f3e12b3c7203e3d3c9d6eb,artifact/commit-replay/build/F/adverse/clang_O2/stdout.bin,b0e25cdfc5b10b30b452a7b235eec72f9dd5cda1a0f3e12b3c7203e3d3c9d6eb,artifact/commit-replay/build/F/adverse/clang_O2/adapter.s,8e2cc5663e3897be6115de73a16a24de0c3de1c9a732f7d1fd7ee2b1935e4585,artifact/commit-replay/results/independent_recheck.json,EXECUTED,65536 deterministic contract cases; byte-level executable reproduction=True.
PROJECT-G-before-gcc-O0,COMMIT_DERIVED_COMPILER_CELL,G,before,gcc,-O0,gcc -std=gnu11 -O0 artifact/commit-replay/sources/G/before.c,"{""clang"": ""clang version 17.0.0 (https://github.com/swiftlang/llvm-project.git 10999b6d034fe318f3d56c83bddb6572593a8bb0)"", ""gcc"": ""gcc (Debian 14.2.0-19) 14.2.0"", ""machine"": ""x86_64"", ""python"": ""3.13.5"", ""system"": ""Linux"", ""toolchains"": [{""compiler"": ""gcc"", ""optimization"": ""-O0""}, {""compiler"": ""gcc"", ""optimization"": ""-O2""}, {""compiler"": ""clang"", ""optimization"": ""-O0""}, {""compiler"": ""clang"", ""optimization"": ""-O2""}]}",source=4c7c69f8f48582cf0f1a5392b35e05b909164ee5dd4542e4e8e66203167b6f84;reference=0b1bc4208dd7f3a8249804514cb01d457207656dd6acb695c816cfb3e2898e17,artifact/commit-replay/build/G/before/gcc_O0/stdout.bin,0b1bc4208dd7f3a8249804514cb01d457207656dd6acb695c816cfb3e2898e17,artifact/commit-replay/build/G/before/gcc_O0/adapter.s,1d57554b2c3ff30c784e037ffca8bf7af204213bdc0bc9c4f989a36d20492031,artifact/commit-replay/results/independent_recheck.json,EXECUTED,65536 deterministic contract cases; byte-level executable reproduction=True.
PROJECT-G-before-gcc-O2,COMMIT_DERIVED_COMPILER_CELL,G,before,gcc,-O2,gcc -std=gnu11 -O2 artifact/commit-replay/sources/G/before.c,"{""clang"": ""clang version 17.0.0 (https://github.com/swiftlang/llvm-project.git 10999b6d034fe318f3d56c83bddb6572593a8bb0)"", ""gcc"": ""gcc (Debian 14.2.0-19) 14.2.0"", ""machine"": ""x86_64"", ""python"": ""3.13.5"", ""system"": ""Linux"", ""toolchains"": [{""compiler"": ""gcc"", ""optimization"": ""-O0""}, {""compiler"": ""gcc"", ""optimization"": ""-O2""}, {""compiler"": ""clang"", ""optimization"": ""-O0""}, {""compiler"": ""clang"", ""optimization"": ""-O2""}]}",source=4c7c69f8f48582cf0f1a5392b35e05b909164ee5dd4542e4e8e66203167b6f84;reference=0b1bc4208dd7f3a8249804514cb01d457207656dd6acb695c816cfb3e2898e17,artifact/commit-replay/build/G/before/gcc_O2/stdout.bin,0b1bc4208dd7f3a8249804514cb01d457207656dd6acb695c816cfb3e2898e17,artifact/commit-replay/build/G/before/gcc_O2/adapter.s,1afab715aabdf788c5ed58358dd183cc76a65e39e1297cf336c7c3e215aa3301,artifact/commit-replay/results/independent_recheck.json,EXECUTED,65536 deterministic contract cases; byte-level executable reproduction=True.
PROJECT-G-before-clang-O0,COMMIT_DERIVED_COMPILER_CELL,G,before,clang,-O0,clang -std=gnu11 -O0 artifact/commit-replay/sources/G/before.c,"{""clang"": ""clang version 17.0.0 (https://github.com/swiftlang/llvm-project.git 10999b6d034fe318f3d56c83bddb6572593a8bb0)"", ""gcc"": ""gcc (Debian 14.2.0-19) 14.2.0"", ""machine"": ""x86_64"", ""python"": ""3.13.5"", ""system"": ""Linux"", ""toolchains"": [{""compiler"": ""gcc"", ""optimization"": ""-O0""}, {""compiler"": ""gcc"", ""optimization"": ""-O2""}, {""compiler"": ""clang"", ""optimization"": ""-O0""}, {""compiler"": ""clang"", ""optimization"": ""-O2""}]}",source=4c7c69f8f48582cf0f1a5392b35e05b909164ee5dd4542e4e8e66203167b6f84;reference=0b1bc4208dd7f3a8249804514cb01d457207656dd6acb695c816cfb3e2898e17,artifact/commit-replay/build/G/before/clang_O0/stdout.bin,0b1bc4208dd7f3a8249804514cb01d457207656dd6acb695c816cfb3e2898e17,artifact/commit-replay/build/G/before/clang_O0/adapter.s,753d93118e92a3497d628561eaa9f30dd215213be8e2abe86d6b9f911570119d,artifact/commit-replay/results/independent_recheck.json,EXECUTED,65536 deterministic contract cases; byte-level executable reproduction=True.
PROJECT-G-before-clang-O2,COMMIT_DERIVED_COMPILER_CELL,G,before,clang,-O2,clang -std=gnu11 -O2 artifact/commit-replay/sources/G/before.c,"{""clang"": ""clang version 17.0.0 (https://github.com/swiftlang/llvm-project.git 10999b6d034fe318f3d56c83bddb6572593a8bb0)"", ""gcc"": ""gcc (Debian 14.2.0-19) 14.2.0"", ""machine"": ""x86_64"", ""python"": ""3.13.5"", ""system"": ""Linux"", ""toolchains"": [{""compiler"": ""gcc"", ""optimization"": ""-O0""}, {""compiler"": ""gcc"", ""optimization"": ""-O2""}, {""compiler"": ""clang"", ""optimization"": ""-O0""}, {""compiler"": ""clang"", ""optimization"": ""-O2""}]}",source=4c7c69f8f48582cf0f1a5392b35e05b909164ee5dd4542e4e8e66203167b6f84;reference=0b1bc4208dd7f3a8249804514cb01d457207656dd6acb695c816cfb3e2898e17,artifact/commit-replay/build/G/before/clang_O2/stdout.bin,0b1bc4208dd7f3a8249804514cb01d457207656dd6acb695c816cfb3e2898e17,artifact/commit-replay/build/G/before/clang_O2/adapter.s,28e7079127f3d3f5bdc19a07ef7a46c333095dc0a7e29039928b4bae32b69cd6,artifact/commit-replay/results/independent_recheck.json,EXECUTED,65536 deterministic contract cases; byte-level executable reproduction=True.
PROJECT-G-after-gcc-O0,COMMIT_DERIVED_COMPILER_CELL,G,after,gcc,-O0,gcc -std=gnu11 -O0 artifact/commit-replay/sources/G/after.c,"{""clang"": ""clang version 17.0.0 (https://github.com/swiftlang/llvm-project.git 10999b6d034fe318f3d56c83bddb6572593a8bb0)"", ""gcc"": ""gcc (Debian 14.2.0-19) 14.2.0"", ""machine"": ""x86_64"", ""python"": ""3.13.5"", ""system"": ""Linux"", ""toolchains"": [{""compiler"": ""gcc"", ""optimization"": ""-O0""}, {""compiler"": ""gcc"", ""optimization"": ""-O2""}, {""compiler"": ""clang"", ""optimization"": ""-O0""}, {""compiler"": ""clang"", ""optimization"": ""-O2""}]}",source=bc0f90da48053318c3b62f4a29abaa9d3784e000aa9e648be44253be256afec3;reference=0b1bc4208dd7f3a8249804514cb01d457207656dd6acb695c816cfb3e2898e17,artifact/commit-replay/build/G/after/gcc_O0/stdout.bin,0b1bc4208dd7f3a8249804514cb01d457207656dd6acb695c816cfb3e2898e17,artifact/commit-replay/build/G/after/gcc_O0/adapter.s,aa03daf3f4802f3353c5813c5a491474078b54942cfb810f451622272d1ecdb4,artifact/commit-replay/results/independent_recheck.json,EXECUTED,65536 deterministic contract cases; byte-level executable reproduction=True.
PROJECT-G-after-gcc-O2,COMMIT_DERIVED_COMPILER_CELL,G,after,gcc,-O2,gcc -std=gnu11 -O2 artifact/commit-replay/sources/G/after.c,"{""clang"": ""clang version 17.0.0 (https://github.com/swiftlang/llvm-project.git 10999b6d034fe318f3d56c83bddb6572593a8bb0)"", ""gcc"": ""gcc (Debian 14.2.0-19) 14.2.0"", ""machine"": ""x86_64"", ""python"": ""3.13.5"", ""system"": ""Linux"", ""toolchains"": [{""compiler"": ""gcc"", ""optimization"": ""-O0""}, {""compiler"": ""gcc"", ""optimization"": ""-O2""}, {""compiler"": ""clang"", ""optimization"": ""-O0""}, {""compiler"": ""clang"", ""optimization"": ""-O2""}]}",source=bc0f90da48053318c3b62f4a29abaa9d3784e000aa9e648be44253be256afec3;reference=0b1bc4208dd7f3a8249804514cb01d457207656dd6acb695c816cfb3e2898e17,artifact/commit-replay/build/G/after/gcc_O2/stdout.bin,0b1bc4208dd7f3a8249804514cb01d457207656dd6acb695c816cfb3e2898e17,artifact/commit-replay/build/G/after/gcc_O2/adapter.s,e3442f58577026a80691638d38a79ddd61fedcfd64ba896c85aa85204b714dc0,artifact/commit-replay/results/independent_recheck.json,EXECUTED,65536 deterministic contract cases; byte-level executable reproduction=True.
PROJECT-G-after-clang-O0,COMMIT_DERIVED_COMPILER_CELL,G,after,clang,-O0,clang -std=gnu11 -O0 artifact/commit-replay/sources/G/after.c,"{""clang"": ""clang version 17.0.0 (https://github.com/swiftlang/llvm-project.git 10999b6d034fe318f3d56c83bddb6572593a8bb0)"", ""gcc"": ""gcc (Debian 14.2.0-19) 14.2.0"", ""machine"": ""x86_64"", ""python"": ""3.13.5"", ""system"": ""Linux"", ""toolchains"": [{""compiler"": ""gcc"", ""optimization"": ""-O0""}, {""compiler"": ""gcc"", ""optimization"": ""-O2""}, {""compiler"": ""clang"", ""optimization"": ""-O0""}, {""compiler"": ""clang"", ""optimization"": ""-O2""}]}",source=bc0f90da48053318c3b62f4a29abaa9d3784e000aa9e648be44253be256afec3;reference=0b1bc4208dd7f3a8249804514cb01d457207656dd6acb695c816cfb3e2898e17,artifact/commit-replay/build/G/after/clang_O0/stdout.bin,0b1bc4208dd7f3a8249804514cb01d457207656dd6acb695c816cfb3e2898e17,artifact/commit-replay/build/G/after/clang_O0/adapter.s,dc229d5c0b773461730322055f18c0dc1d095015525124dcb120aac3f10b239f,artifact/commit-replay/results/independent_recheck.json,EXECUTED,65536 deterministic contract cases; byte-level executable reproduction=True.
PROJECT-G-after-clang-O2,COMMIT_DERIVED_COMPILER_CELL,G,after,clang,-O2,clang -std=gnu11 -O2 artifact/commit-replay/sources/G/after.c,"{""clang"": ""clang version 17.0.0 (https://github.com/swiftlang/llvm-project.git 10999b6d034fe318f3d56c83bddb6572593a8bb0)"", ""gcc"": ""gcc (Debian 14.2.0-19) 14.2.0"", ""machine"": ""x86_64"", ""python"": ""3.13.5"", ""system"": ""Linux"", ""toolchains"": [{""compiler"": ""gcc"", ""optimization"": ""-O0""}, {""compiler"": ""gcc"", ""optimization"": ""-O2""}, {""compiler"": ""clang"", ""optimization"": ""-O0""}, {""compiler"": ""clang"", ""optimization"": ""-O2""}]}",source=bc0f90da48053318c3b62f4a29abaa9d3784e000aa9e648be44253be256afec3;reference=0b1bc4208dd7f3a8249804514cb01d457207656dd6acb695c816cfb3e2898e17,artifact/commit-replay/build/G/after/clang_O2/stdout.bin,0b1bc4208dd7f3a8249804514cb01d457207656dd6acb695c816cfb3e2898e17,artifact/commit-replay/build/G/after/clang_O2/adapter.s,28e7079127f3d3f5bdc19a07ef7a46c333095dc0a7e29039928b4bae32b69cd6,artifact/commit-replay/results/independent_recheck.json,EXECUTED,65536 deterministic contract cases; byte-level executable reproduction=True.
PROJECT-G-tolerated-gcc-O0,COMMIT_DERIVED_COMPILER_CELL,G,tolerated,gcc,-O0,gcc -std=gnu11 -O0 artifact/commit-replay/sources/G/tolerated.c,"{""clang"": ""clang version 17.0.0 (https://github.com/swiftlang/llvm-project.git 10999b6d034fe318f3d56c83bddb6572593a8bb0)"", ""gcc"": ""gcc (Debian 14.2.0-19) 14.2.0"", ""machine"": ""x86_64"", ""python"": ""3.13.5"", ""system"": ""Linux"", ""toolchains"": [{""compiler"": ""gcc"", ""optimization"": ""-O0""}, {""compiler"": ""gcc"", ""optimization"": ""-O2""}, {""compiler"": ""clang"", ""optimization"": ""-O0""}, {""compiler"": ""clang"", ""optimization"": ""-O2""}]}",source=38caa2de9336baf22921ee50ce9a23c1bcf9ffd8ae709ac4d91b4bf6f723730b;reference=0b1bc4208dd7f3a8249804514cb01d457207656dd6acb695c816cfb3e2898e17,artifact/commit-replay/build/G/tolerated/gcc_O0/stdout.bin,0b1bc4208dd7f3a8249804514cb01d457207656dd6acb695c816cfb3e2898e17,artifact/commit-replay/build/G/tolerated/gcc_O0/adapter.s,000ec6bd807c214547b26778705b86ed3926cdeaa2a8c3371ad3d10aab4fc199,artifact/commit-replay/results/independent_recheck.json,EXECUTED,65536 deterministic contract cases; byte-level executable reproduction=True.
PROJECT-G-tolerated-gcc-O2,COMMIT_DERIVED_COMPILER_CELL,G,tolerated,gcc,-O2,gcc -std=gnu11 -O2 artifact/commit-replay/sources/G/tolerated.c,"{""clang"": ""clang version 17.0.0 (https://github.com/swiftlang/llvm-project.git 10999b6d034fe318f3d56c83bddb6572593a8bb0)"", ""gcc"": ""gcc (Debian 14.2.0-19) 14.2.0"", ""machine"": ""x86_64"", ""python"": ""3.13.5"", ""system"": ""Linux"", ""toolchains"": [{""compiler"": ""gcc"", ""optimization"": ""-O0""}, {""compiler"": ""gcc"", ""optimization"": ""-O2""}, {""compiler"": ""clang"", ""optimization"": ""-O0""}, {""compiler"": ""clang"", ""optimization"": ""-O2""}]}",source=38caa2de9336baf22921ee50ce9a23c1bcf9ffd8ae709ac4d91b4bf6f723730b;reference=0b1bc4208dd7f3a8249804514cb01d457207656dd6acb695c816cfb3e2898e17,artifact/commit-replay/build/G/tolerated/gcc_O2/stdout.bin,0b1bc4208dd7f3a8249804514cb01d457207656dd6acb695c816cfb3e2898e17,artifact/commit-replay/build/G/tolerated/gcc_O2/adapter.s,41af5f49fbdec7dc1ca7a9bbc52b2a1ddc5a49f283415177c8a5beebfe109e7f,artifact/commit-replay/results/independent_recheck.json,EXECUTED,65536 deterministic contract cases; byte-level executable reproduction=True.
PROJECT-G-tolerated-clang-O0,COMMIT_DERIVED_COMPILER_CELL,G,tolerated,clang,-O0,clang -std=gnu11 -O0 artifact/commit-replay/sources/G/tolerated.c,"{""clang"": ""clang version 17.0.0 (https://github.com/swiftlang/llvm-project.git 10999b6d034fe318f3d56c83bddb6572593a8bb0)"", ""gcc"": ""gcc (Debian 14.2.0-19) 14.2.0"", ""machine"": ""x86_64"", ""python"": ""3.13.5"", ""system"": ""Linux"", ""toolchains"": [{""compiler"": ""gcc"", ""optimization"": ""-O0""}, {""compiler"": ""gcc"", ""optimization"": ""-O2""}, {""compiler"": ""clang"", ""optimization"": ""-O0""}, {""compiler"": ""clang"", ""optimization"": ""-O2""}]}",source=38caa2de9336baf22921ee50ce9a23c1bcf9ffd8ae709ac4d91b4bf6f723730b;reference=0b1bc4208dd7f3a8249804514cb01d457207656dd6acb695c816cfb3e2898e17,artifact/commit-replay/build/G/tolerated/clang_O0/stdout.bin,0b1bc4208dd7f3a8249804514cb01d457207656dd6acb695c816cfb3e2898e17,artifact/commit-replay/build/G/tolerated/clang_O0/adapter.s,ad1f9cb069e1671b340555453d2bae2ae6379ce8339e806ceefe4824eb56eaec,artifact/commit-replay/results/independent_recheck.json,EXECUTED,65536 deterministic contract cases; byte-level executable reproduction=True.
PROJECT-G-tolerated-clang-O2,COMMIT_DERIVED_COMPILER_CELL,G,tolerated,clang,-O2,clang -std=gnu11 -O2 artifact/commit-replay/sources/G/tolerated.c,"{""clang"": ""clang version 17.0.0 (https://github.com/swiftlang/llvm-project.git 10999b6d034fe318f3d56c83bddb6572593a8bb0)"", ""gcc"": ""gcc (Debian 14.2.0-19) 14.2.0"", ""machine"": ""x86_64"", ""python"": ""3.13.5"", ""system"": ""Linux"", ""toolchains"": [{""compiler"": ""gcc"", ""optimization"": ""-O0""}, {""compiler"": ""gcc"", ""optimization"": ""-O2""}, {""compiler"": ""clang"", ""optimization"": ""-O0""}, {""compiler"": ""clang"", ""optimization"": ""-O2""}]}",source=38caa2de9336baf22921ee50ce9a23c1bcf9ffd8ae709ac4d91b4bf6f723730b;reference=0b1bc4208dd7f3a8249804514cb01d457207656dd6acb695c816cfb3e2898e17,artifact/commit-replay/build/G/tolerated/clang_O2/stdout.bin,0b1bc4208dd7f3a8249804514cb01d457207656dd6acb695c816cfb3e2898e17,artifact/commit-replay/build/G/tolerated/clang_O2/adapter.s,c948bef576b4aa22a2f6930e99a6dcdca05172e2c804349eed4215bcdf0d3155,artifact/commit-replay/results/independent_recheck.json,EXECUTED,65536 deterministic contract cases; byte-level executable reproduction=True.
PROJECT-G-adverse-gcc-O0,COMMIT_DERIVED_COMPILER_CELL,G,adverse,gcc,-O0,gcc -std=gnu11 -O0 artifact/commit-replay/sources/G/adverse.c,"{""clang"": ""clang version 17.0.0 (https://github.com/swiftlang/llvm-project.git 10999b6d034fe318f3d56c83bddb6572593a8bb0)"", ""gcc"": ""gcc (Debian 14.2.0-19) 14.2.0"", ""machine"": ""x86_64"", ""python"": ""3.13.5"", ""system"": ""Linux"", ""toolchains"": [{""compiler"": ""gcc"", ""optimization"": ""-O0""}, {""compiler"": ""gcc"", ""optimization"": ""-O2""}, {""compiler"": ""clang"", ""optimization"": ""-O0""}, {""compiler"": ""clang"", ""optimization"": ""-O2""}]}",source=af497ee548817efa71bd1f426414ca41bb7b16165ad95f664c660cd56f54fbc9;reference=0b1bc4208dd7f3a8249804514cb01d457207656dd6acb695c816cfb3e2898e17,artifact/commit-replay/build/G/adverse/gcc_O0/stdout.bin,0b1bc4208dd7f3a8249804514cb01d457207656dd6acb695c816cfb3e2898e17,artifact/commit-replay/build/G/adverse/gcc_O0/adapter.s,aa03daf3f4802f3353c5813c5a491474078b54942cfb810f451622272d1ecdb4,artifact/commit-replay/results/independent_recheck.json,EXECUTED,65536 deterministic contract cases; byte-level executable reproduction=True.
PROJECT-G-adverse-gcc-O2,COMMIT_DERIVED_COMPILER_CELL,G,adverse,gcc,-O2,gcc -std=gnu11 -O2 artifact/commit-replay/sources/G/adverse.c,"{""clang"": ""clang version 17.0.0 (https://github.com/swiftlang/llvm-project.git 10999b6d034fe318f3d56c83bddb6572593a8bb0)"", ""gcc"": ""gcc (Debian 14.2.0-19) 14.2.0"", ""machine"": ""x86_64"", ""python"": ""3.13.5"", ""system"": ""Linux"", ""toolchains"": [{""compiler"": ""gcc"", ""optimization"": ""-O0""}, {""compiler"": ""gcc"", ""optimization"": ""-O2""}, {""compiler"": ""clang"", ""optimization"": ""-O0""}, {""compiler"": ""clang"", ""optimization"": ""-O2""}]}",source=af497ee548817efa71bd1f426414ca41bb7b16165ad95f664c660cd56f54fbc9;reference=0b1bc4208dd7f3a8249804514cb01d457207656dd6acb695c816cfb3e2898e17,artifact/commit-replay/build/G/adverse/gcc_O2/stdout.bin,0b1bc4208dd7f3a8249804514cb01d457207656dd6acb695c816cfb3e2898e17,artifact/commit-replay/build/G/adverse/gcc_O2/adapter.s,e3442f58577026a80691638d38a79ddd61fedcfd64ba896c85aa85204b714dc0,artifact/commit-replay/results/independent_recheck.json,EXECUTED,65536 deterministic contract cases; byte-level executable reproduction=True.
PROJECT-G-adverse-clang-O0,COMMIT_DERIVED_COMPILER_CELL,G,adverse,clang,-O0,clang -std=gnu11 -O0 artifact/commit-replay/sources/G/adverse.c,"{""clang"": ""clang version 17.0.0 (https://github.com/swiftlang/llvm-project.git 10999b6d034fe318f3d56c83bddb6572593a8bb0)"", ""gcc"": ""gcc (Debian 14.2.0-19) 14.2.0"", ""machine"": ""x86_64"", ""python"": ""3.13.5"", ""system"": ""Linux"", ""toolchains"": [{""compiler"": ""gcc"", ""optimization"": ""-O0""}, {""compiler"": ""gcc"", ""optimization"": ""-O2""}, {""compiler"": ""clang"", ""optimization"": ""-O0""}, {""compiler"": ""clang"", ""optimization"": ""-O2""}]}",source=af497ee548817efa71bd1f426414ca41bb7b16165ad95f664c660cd56f54fbc9;reference=0b1bc4208dd7f3a8249804514cb01d457207656dd6acb695c816cfb3e2898e17,artifact/commit-replay/build/G/adverse/clang_O0/stdout.bin,0b1bc4208dd7f3a8249804514cb01d457207656dd6acb695c816cfb3e2898e17,artifact/commit-replay/build/G/adverse/clang_O0/adapter.s,dc229d5c0b773461730322055f18c0dc1d095015525124dcb120aac3f10b239f,artifact/commit-replay/results/independent_recheck.json,EXECUTED,65536 deterministic contract cases; byte-level executable reproduction=True.
PROJECT-G-adverse-clang-O2,COMMIT_DERIVED_COMPILER_CELL,G,adverse,clang,-O2,clang -std=gnu11 -O2 artifact/commit-replay/sources/G/adverse.c,"{""clang"": ""clang version 17.0.0 (https://github.com/swiftlang/llvm-project.git 10999b6d034fe318f3d56c83bddb6572593a8bb0)"", ""gcc"": ""gcc (Debian 14.2.0-19) 14.2.0"", ""machine"": ""x86_64"", ""python"": ""3.13.5"", ""system"": ""Linux"", ""toolchains"": [{""compiler"": ""gcc"", ""optimization"": ""-O0""}, {""compiler"": ""gcc"", ""optimization"": ""-O2""}, {""compiler"": ""clang"", ""optimization"": ""-O0""}, {""compiler"": ""clang"", ""optimization"": ""-O2""}]}",source=af497ee548817efa71bd1f426414ca41bb7b16165ad95f664c660cd56f54fbc9;reference=0b1bc4208dd7f3a8249804514cb01d457207656dd6acb695c816cfb3e2898e17,artifact/commit-replay/build/G/adverse/clang_O2/stdout.bin,0b1bc4208dd7f3a8249804514cb01d457207656dd6acb695c816cfb3e2898e17,artifact/commit-replay/build/G/adverse/clang_O2/adapter.s,28e7079127f3d3f5bdc19a07ef7a46c333095dc0a7e29039928b4bae32b69cd6,artifact/commit-replay/results/independent_recheck.json,EXECUTED,65536 deterministic contract cases; byte-level executable reproduction=True.
UPSTREAM-jsmn-before-gcc-O0-default,UPSTREAM_VALIDATION_COMPILER_CELL,jsmn,before,gcc,-O0,gcc -std=c11 -O0 -Wall -Wextra -Wpedantic -fno-ident -ffile-prefix-map=<ROOT>=. -fdebug-prefix-map=<ROOT>=. -Iartifact/upstream-validation/sources/jsmn/before artifact/upstream-validation/src/probe.c artifact/upstream-validation/sources/jsmn/before/jsmn.c -o artifact/upstream-validation/build/before/gcc_O0/default/probe,"{""clang"": ""clang version 17.0.0 (https://github.com/swiftlang/llvm-project.git 10999b6d034fe318f3d56c83bddb6572593a8bb0)"", ""gcc"": ""gcc (Debian 14.2.0-19) 14.2.0"", ""machine"": ""x86_64"", ""python"": ""3.13.5"", ""system"": ""Linux"", ""toolchains"": [{""compiler"": ""gcc"", ""optimization"": ""-O0""}, {""compiler"": ""gcc"", ""optimization"": ""-O2""}, {""compiler"": ""clang"", ""optimization"": ""-O0""}, {""compiler"": ""clang"", ""optimization"": ""-O2""}]}",artifact/upstream-validation/sources/jsmn/before/jsmn.h=bc9cdaa56db4a283635bfb8942ba9c326d11bafb21e58fee4f8d1c6b11d8d8dd;artifact/upstream-validation/sources/jsmn/before/jsmn.c=fc4784bcd56d68ed511af4c22219e90c687f5576cec981d86f048347ff936529;artifact/upstream-validation/sources/jsmn/after/jsmn.h=1ed6154dedf009212a08a397e9c4ed50a0ce31d5a8301bb294e137ae3188c13b,artifact/upstream-validation/build/before/gcc_O0/default/stdout.bin,8b3b3bd88ff8ba5577df42fb83f759576ea858a47b00f11f82831bf2be052f1f,artifact/upstream-validation/build/before/gcc_O0/default/probe,d30b12a3ad00220e1e73508c8371aea155eb4c2cd9527e0f3f6548e48ef0b1fd,artifact/upstream-validation/results/independent_recheck.json,EXECUTED,24 exact-source parser observations in default mode; source blobs bound to the named public commit and parent.
UPSTREAM-jsmn-before-gcc-O0-strict,UPSTREAM_VALIDATION_COMPILER_CELL,jsmn,before,gcc,-O0,gcc -std=c11 -O0 -Wall -Wextra -Wpedantic -fno-ident -ffile-prefix-map=<ROOT>=. -fdebug-prefix-map=<ROOT>=. -DJSMN_STRICT=1 -Iartifact/upstream-validation/sources/jsmn/before artifact/upstream-validation/src/probe.c artifact/upstream-validation/sources/jsmn/before/jsmn.c -o artifact/upstream-validation/build/before/gcc_O0/strict/probe,"{""clang"": ""clang version 17.0.0 (https://github.com/swiftlang/llvm-project.git 10999b6d034fe318f3d56c83bddb6572593a8bb0)"", ""gcc"": ""gcc (Debian 14.2.0-19) 14.2.0"", ""machine"": ""x86_64"", ""python"": ""3.13.5"", ""system"": ""Linux"", ""toolchains"": [{""compiler"": ""gcc"", ""optimization"": ""-O0""}, {""compiler"": ""gcc"", ""optimization"": ""-O2""}, {""compiler"": ""clang"", ""optimization"": ""-O0""}, {""compiler"": ""clang"", ""optimization"": ""-O2""}]}",artifact/upstream-validation/sources/jsmn/before/jsmn.h=bc9cdaa56db4a283635bfb8942ba9c326d11bafb21e58fee4f8d1c6b11d8d8dd;artifact/upstream-validation/sources/jsmn/before/jsmn.c=fc4784bcd56d68ed511af4c22219e90c687f5576cec981d86f048347ff936529;artifact/upstream-validation/sources/jsmn/after/jsmn.h=1ed6154dedf009212a08a397e9c4ed50a0ce31d5a8301bb294e137ae3188c13b,artifact/upstream-validation/build/before/gcc_O0/strict/stdout.bin,dc90d8757db714a02d2866ae6b27614344d95f7cc9ccb6820310b633aa3de81f,artifact/upstream-validation/build/before/gcc_O0/strict/probe,bc719939dfcc650f79023c5a890fd53fb12c5dae8e1b8bf9e47036a0fc20b91a,artifact/upstream-validation/results/independent_recheck.json,EXECUTED,24 exact-source parser observations in strict mode; source blobs bound to the named public commit and parent.
UPSTREAM-jsmn-before-gcc-O0-parent_links,UPSTREAM_VALIDATION_COMPILER_CELL,jsmn,before,gcc,-O0,gcc -std=c11 -O0 -Wall -Wextra -Wpedantic -fno-ident -ffile-prefix-map=<ROOT>=. -fdebug-prefix-map=<ROOT>=. -DJSMN_PARENT_LINKS=1 -Iartifact/upstream-validation/sources/jsmn/before artifact/upstream-validation/src/probe.c artifact/upstream-validation/sources/jsmn/before/jsmn.c -o artifact/upstream-validation/build/before/gcc_O0/parent_links/probe,"{""clang"": ""clang version 17.0.0 (https://github.com/swiftlang/llvm-project.git 10999b6d034fe318f3d56c83bddb6572593a8bb0)"", ""gcc"": ""gcc (Debian 14.2.0-19) 14.2.0"", ""machine"": ""x86_64"", ""python"": ""3.13.5"", ""system"": ""Linux"", ""toolchains"": [{""compiler"": ""gcc"", ""optimization"": ""-O0""}, {""compiler"": ""gcc"", ""optimization"": ""-O2""}, {""compiler"": ""clang"", ""optimization"": ""-O0""}, {""compiler"": ""clang"", ""optimization"": ""-O2""}]}",artifact/upstream-validation/sources/jsmn/before/jsmn.h=bc9cdaa56db4a283635bfb8942ba9c326d11bafb21e58fee4f8d1c6b11d8d8dd;artifact/upstream-validation/sources/jsmn/before/jsmn.c=fc4784bcd56d68ed511af4c22219e90c687f5576cec981d86f048347ff936529;artifact/upstream-validation/sources/jsmn/after/jsmn.h=1ed6154dedf009212a08a397e9c4ed50a0ce31d5a8301bb294e137ae3188c13b,artifact/upstream-validation/build/before/gcc_O0/parent_links/stdout.bin,e5787bc7e036c49dc802230820a03629b484b106b4b08ee4b6ea940aafb80a2d,artifact/upstream-validation/build/before/gcc_O0/parent_links/probe,58c1bd7da08b40f127df6d32a80a28698b18a8d00d60633a60f7ac935e32f847,artifact/upstream-validation/results/independent_recheck.json,EXECUTED,24 exact-source parser observations in parent_links mode; source blobs bound to the named public commit and parent.
UPSTREAM-jsmn-before-gcc-O0-strict_parent_links,UPSTREAM_VALIDATION_COMPILER_CELL,jsmn,before,gcc,-O0,gcc -std=c11 -O0 -Wall -Wextra -Wpedantic -fno-ident -ffile-prefix-map=<ROOT>=. -fdebug-prefix-map=<ROOT>=. -DJSMN_STRICT=1 -DJSMN_PARENT_LINKS=1 -Iartifact/upstream-validation/sources/jsmn/before artifact/upstream-validation/src/probe.c artifact/upstream-validation/sources/jsmn/before/jsmn.c -o artifact/upstream-validation/build/before/gcc_O0/strict_parent_links/probe,"{""clang"": ""clang version 17.0.0 (https://github.com/swiftlang/llvm-project.git 10999b6d034fe318f3d56c83bddb6572593a8bb0)"", ""gcc"": ""gcc (Debian 14.2.0-19) 14.2.0"", ""machine"": ""x86_64"", ""python"": ""3.13.5"", ""system"": ""Linux"", ""toolchains"": [{""compiler"": ""gcc"", ""optimization"": ""-O0""}, {""compiler"": ""gcc"", ""optimization"": ""-O2""}, {""compiler"": ""clang"", ""optimization"": ""-O0""}, {""compiler"": ""clang"", ""optimization"": ""-O2""}]}",artifact/upstream-validation/sources/jsmn/before/jsmn.h=bc9cdaa56db4a283635bfb8942ba9c326d11bafb21e58fee4f8d1c6b11d8d8dd;artifact/upstream-validation/sources/jsmn/before/jsmn.c=fc4784bcd56d68ed511af4c22219e90c687f5576cec981d86f048347ff936529;artifact/upstream-validation/sources/jsmn/after/jsmn.h=1ed6154dedf009212a08a397e9c4ed50a0ce31d5a8301bb294e137ae3188c13b,artifact/upstream-validation/build/before/gcc_O0/strict_parent_links/stdout.bin,37320edfd294deb6db00e2db40679181df1a5e60d87ea85cc6697f47677d45dc,artifact/upstream-validation/build/before/gcc_O0/strict_parent_links/probe,f98731697f676fd8cce8268f12f6e2fd42adf6951690dbda1ad6ed83c5c0c633,artifact/upstream-validation/results/independent_recheck.json,EXECUTED,24 exact-source parser observations in strict_parent_links mode; source blobs bound to the named public commit and parent.
UPSTREAM-jsmn-before-gcc-O2-default,UPSTREAM_VALIDATION_COMPILER_CELL,jsmn,before,gcc,-O2,gcc -std=c11 -O2 -Wall -Wextra -Wpedantic -fno-ident -ffile-prefix-map=<ROOT>=. -fdebug-prefix-map=<ROOT>=. -Iartifact/upstream-validation/sources/jsmn/before artifact/upstream-validation/src/probe.c artifact/upstream-validation/sources/jsmn/before/jsmn.c -o artifact/upstream-validation/build/before/gcc_O2/default/probe,"{""clang"": ""clang version 17.0.0 (https://github.com/swiftlang/llvm-project.git 10999b6d034fe318f3d56c83bddb6572593a8bb0)"", ""gcc"": ""gcc (Debian 14.2.0-19) 14.2.0"", ""machine"": ""x86_64"", ""python"": ""3.13.5"", ""system"": ""Linux"", ""toolchains"": [{""compiler"": ""gcc"", ""optimization"": ""-O0""}, {""compiler"": ""gcc"", ""optimization"": ""-O2""}, {""compiler"": ""clang"", ""optimization"": ""-O0""}, {""compiler"": ""clang"", ""optimization"": ""-O2""}]}",artifact/upstream-validation/sources/jsmn/before/jsmn.h=bc9cdaa56db4a283635bfb8942ba9c326d11bafb21e58fee4f8d1c6b11d8d8dd;artifact/upstream-validation/sources/jsmn/before/jsmn.c=fc4784bcd56d68ed511af4c22219e90c687f5576cec981d86f048347ff936529;artifact/upstream-validation/sources/jsmn/after/jsmn.h=1ed6154dedf009212a08a397e9c4ed50a0ce31d5a8301bb294e137ae3188c13b,artifact/upstream-validation/build/before/gcc_O2/default/stdout.bin,8b3b3bd88ff8ba5577df42fb83f759576ea858a47b00f11f82831bf2be052f1f,artifact/upstream-validation/build/before/gcc_O2/default/probe,ac20b2b9198b3e13ff34503fc8b0a54950c8ab1e8ad32987ebc0e8d85b99bb12,artifact/upstream-validation/results/independent_recheck.json,EXECUTED,24 exact-source parser observations in default mode; source blobs bound to the named public commit and parent.
UPSTREAM-jsmn-before-gcc-O2-strict,UPSTREAM_VALIDATION_COMPILER_CELL,jsmn,before,gcc,-O2,gcc -std=c11 -O2 -Wall -Wextra -Wpedantic -fno-ident -ffile-prefix-map=<ROOT>=. -fdebug-prefix-map=<ROOT>=. -DJSMN_STRICT=1 -Iartifact/upstream-validation/sources/jsmn/before artifact/upstream-validation/src/probe.c artifact/upstream-validation/sources/jsmn/before/jsmn.c -o artifact/upstream-validation/build/before/gcc_O2/strict/probe,"{""clang"": ""clang version 17.0.0 (https://github.com/swiftlang/llvm-project.git 10999b6d034fe318f3d56c83bddb6572593a8bb0)"", ""gcc"": ""gcc (Debian 14.2.0-19) 14.2.0"", ""machine"": ""x86_64"", ""python"": ""3.13.5"", ""system"": ""Linux"", ""toolchains"": [{""compiler"": ""gcc"", ""optimization"": ""-O0""}, {""compiler"": ""gcc"", ""optimization"": ""-O2""}, {""compiler"": ""clang"", ""optimization"": ""-O0""}, {""compiler"": ""clang"", ""optimization"": ""-O2""}]}",artifact/upstream-validation/sources/jsmn/before/jsmn.h=bc9cdaa56db4a283635bfb8942ba9c326d11bafb21e58fee4f8d1c6b11d8d8dd;artifact/upstream-validation/sources/jsmn/before/jsmn.c=fc4784bcd56d68ed511af4c22219e90c687f5576cec981d86f048347ff936529;artifact/upstream-validation/sources/jsmn/after/jsmn.h=1ed6154dedf009212a08a397e9c4ed50a0ce31d5a8301bb294e137ae3188c13b,artifact/upstream-validation/build/before/gcc_O2/strict/stdout.bin,dc90d8757db714a02d2866ae6b27614344d95f7cc9ccb6820310b633aa3de81f,artifact/upstream-validation/build/before/gcc_O2/strict/probe,cb09ad6900a4dfb0caf7d07d3f0bb74730f7072ee69d57e0cd89f99d2130b7f1,artifact/upstream-validation/results/independent_recheck.json,EXECUTED,24 exact-source parser observations in strict mode; source blobs bound to the named public commit and parent.
UPSTREAM-jsmn-before-gcc-O2-parent_links,UPSTREAM_VALIDATION_COMPILER_CELL,jsmn,before,gcc,-O2,gcc -std=c11 -O2 -Wall -Wextra -Wpedantic -fno-ident -ffile-prefix-map=<ROOT>=. -fdebug-prefix-map=<ROOT>=. -DJSMN_PARENT_LINKS=1 -Iartifact/upstream-validation/sources/jsmn/before artifact/upstream-validation/src/probe.c artifact/upstream-validation/sources/jsmn/before/jsmn.c -o artifact/upstream-validation/build/before/gcc_O2/parent_links/probe,"{""clang"": ""clang version 17.0.0 (https://github.com/swiftlang/llvm-project.git 10999b6d034fe318f3d56c83bddb6572593a8bb0)"", ""gcc"": ""gcc (Debian 14.2.0-19) 14.2.0"", ""machine"": ""x86_64"", ""python"": ""3.13.5"", ""system"": ""Linux"", ""toolchains"": [{""compiler"": ""gcc"", ""optimization"": ""-O0""}, {""compiler"": ""gcc"", ""optimization"": ""-O2""}, {""compiler"": ""clang"", ""optimization"": ""-O0""}, {""compiler"": ""clang"", ""optimization"": ""-O2""}]}",artifact/upstream-validation/sources/jsmn/before/jsmn.h=bc9cdaa56db4a283635bfb8942ba9c326d11bafb21e58fee4f8d1c6b11d8d8dd;artifact/upstream-validation/sources/jsmn/before/jsmn.c=fc4784bcd56d68ed511af4c22219e90c687f5576cec981d86f048347ff936529;artifact/upstream-validation/sources/jsmn/after/jsmn.h=1ed6154dedf009212a08a397e9c4ed50a0ce31d5a8301bb294e137ae3188c13b,artifact/upstream-validation/build/before/gcc_O2/parent_links/stdout.bin,e5787bc7e036c49dc802230820a03629b484b106b4b08ee4b6ea940aafb80a2d,artifact/upstream-validation/build/before/gcc_O2/parent_links/probe,bfaedc80cc1599a2c75e8a2dac3c56af0e8b2a4b0431abb375b73e0cf2937d1a,artifact/upstream-validation/results/independent_recheck.json,EXECUTED,24 exact-source parser observations in parent_links mode; source blobs bound to the named public commit and parent.
UPSTREAM-jsmn-before-gcc-O2-strict_parent_links,UPSTREAM_VALIDATION_COMPILER_CELL,jsmn,before,gcc,-O2,gcc -std=c11 -O2 -Wall -Wextra -Wpedantic -fno-ident -ffile-prefix-map=<ROOT>=. -fdebug-prefix-map=<ROOT>=. -DJSMN_STRICT=1 -DJSMN_PARENT_LINKS=1 -Iartifact/upstream-validation/sources/jsmn/before artifact/upstream-validation/src/probe.c artifact/upstream-validation/sources/jsmn/before/jsmn.c -o artifact/upstream-validation/build/before/gcc_O2/strict_parent_links/probe,"{""clang"": ""clang version 17.0.0 (https://github.com/swiftlang/llvm-project.git 10999b6d034fe318f3d56c83bddb6572593a8bb0)"", ""gcc"": ""gcc (Debian 14.2.0-19) 14.2.0"", ""machine"": ""x86_64"", ""python"": ""3.13.5"", ""system"": ""Linux"", ""toolchains"": [{""compiler"": ""gcc"", ""optimization"": ""-O0""}, {""compiler"": ""gcc"", ""optimization"": ""-O2""}, {""compiler"": ""clang"", ""optimization"": ""-O0""}, {""compiler"": ""clang"", ""optimization"": ""-O2""}]}",artifact/upstream-validation/sources/jsmn/before/jsmn.h=bc9cdaa56db4a283635bfb8942ba9c326d11bafb21e58fee4f8d1c6b11d8d8dd;artifact/upstream-validation/sources/jsmn/before/jsmn.c=fc4784bcd56d68ed511af4c22219e90c687f5576cec981d86f048347ff936529;artifact/upstream-validation/sources/jsmn/after/jsmn.h=1ed6154dedf009212a08a397e9c4ed50a0ce31d5a8301bb294e137ae3188c13b,artifact/upstream-validation/build/before/gcc_O2/strict_parent_links/stdout.bin,37320edfd294deb6db00e2db40679181df1a5e60d87ea85cc6697f47677d45dc,artifact/upstream-validation/build/before/gcc_O2/strict_parent_links/probe,d295fcddc68e502f3ac73f695634251a6bc19dcafa38a75d5b419ed1b9b83b50,artifact/upstream-validation/results/independent_recheck.json,EXECUTED,24 exact-source parser observations in strict_parent_links mode; source blobs bound to the named public commit and parent.
UPSTREAM-jsmn-before-clang-O0-default,UPSTREAM_VALIDATION_COMPILER_CELL,jsmn,before,clang,-O0,clang -std=c11 -O0 -Wall -Wextra -Wpedantic -fno-ident -ffile-prefix-map=<ROOT>=. -fdebug-prefix-map=<ROOT>=. -Iartifact/upstream-validation/sources/jsmn/before artifact/upstream-validation/src/probe.c artifact/upstream-validation/sources/jsmn/before/jsmn.c -o artifact/upstream-validation/build/before/clang_O0/default/probe,"{""clang"": ""clang version 17.0.0 (https://github.com/swiftlang/llvm-project.git 10999b6d034fe318f3d56c83bddb6572593a8bb0)"", ""gcc"": ""gcc (Debian 14.2.0-19) 14.2.0"", ""machine"": ""x86_64"", ""python"": ""3.13.5"", ""system"": ""Linux"", ""toolchains"": [{""compiler"": ""gcc"", ""optimization"": ""-O0""}, {""compiler"": ""gcc"", ""optimization"": ""-O2""}, {""compiler"": ""clang"", ""optimization"": ""-O0""}, {""compiler"": ""clang"", ""optimization"": ""-O2""}]}",artifact/upstream-validation/sources/jsmn/before/jsmn.h=bc9cdaa56db4a283635bfb8942ba9c326d11bafb21e58fee4f8d1c6b11d8d8dd;artifact/upstream-validation/sources/jsmn/before/jsmn.c=fc4784bcd56d68ed511af4c22219e90c687f5576cec981d86f048347ff936529;artifact/upstream-validation/sources/jsmn/after/jsmn.h=1ed6154dedf009212a08a397e9c4ed50a0ce31d5a8301bb294e137ae3188c13b,artifact/upstream-validation/build/before/clang_O0/default/stdout.bin,8b3b3bd88ff8ba5577df42fb83f759576ea858a47b00f11f82831bf2be052f1f,artifact/upstream-validation/build/before/clang_O0/default/probe,cdf44592cc07134be2f4f6ce9c4da5b3282b45afdae38823591ea692f7b55fc8,artifact/upstream-validation/results/independent_recheck.json,EXECUTED,24 exact-source parser observations in default mode; source blobs bound to the named public commit and parent.
UPSTREAM-jsmn-before-clang-O0-strict,UPSTREAM_VALIDATION_COMPILER_CELL,jsmn,before,clang,-O0,clang -std=c11 -O0 -Wall -Wextra -Wpedantic -fno-ident -ffile-prefix-map=<ROOT>=. -fdebug-prefix-map=<ROOT>=. -DJSMN_STRICT=1 -Iartifact/upstream-validation/sources/jsmn/before artifact/upstream-validation/src/probe.c artifact/upstream-validation/sources/jsmn/before/jsmn.c -o artifact/upstream-validation/build/before/clang_O0/strict/probe,"{""clang"": ""clang version 17.0.0 (https://github.com/swiftlang/llvm-project.git 10999b6d034fe318f3d56c83bddb6572593a8bb0)"", ""gcc"": ""gcc (Debian 14.2.0-19) 14.2.0"", ""machine"": ""x86_64"", ""python"": ""3.13.5"", ""system"": ""Linux"", ""toolchains"": [{""compiler"": ""gcc"", ""optimization"": ""-O0""}, {""compiler"": ""gcc"", ""optimization"": ""-O2""}, {""compiler"": ""clang"", ""optimization"": ""-O0""}, {""compiler"": ""clang"", ""optimization"": ""-O2""}]}",artifact/upstream-validation/sources/jsmn/before/jsmn.h=bc9cdaa56db4a283635bfb8942ba9c326d11bafb21e58fee4f8d1c6b11d8d8dd;artifact/upstream-validation/sources/jsmn/before/jsmn.c=fc4784bcd56d68ed511af4c22219e90c687f5576cec981d86f048347ff936529;artifact/upstream-validation/sources/jsmn/after/jsmn.h=1ed6154dedf009212a08a397e9c4ed50a0ce31d5a8301bb294e137ae3188c13b,artifact/upstream-validation/build/before/clang_O0/strict/stdout.bin,dc90d8757db714a02d2866ae6b27614344d95f7cc9ccb6820310b633aa3de81f,artifact/upstream-validation/build/before/clang_O0/strict/probe,d37a0858e80c97ebb9bb27890995acab08bedf93ce251501e4d9d9e9bc3be1b2,artifact/upstream-validation/results/independent_recheck.json,EXECUTED,24 exact-source parser observations in strict mode; source blobs bound to the named public commit and parent.
UPSTREAM-jsmn-before-clang-O0-parent_links,UPSTREAM_VALIDATION_COMPILER_CELL,jsmn,before,clang,-O0,clang -std=c11 -O0 -Wall -Wextra -Wpedantic -fno-ident -ffile-prefix-map=<ROOT>=. -fdebug-prefix-map=<ROOT>=. -DJSMN_PARENT_LINKS=1 -Iartifact/upstream-validation/sources/jsmn/before artifact/upstream-validation/src/probe.c artifact/upstream-validation/sources/jsmn/before/jsmn.c -o artifact/upstream-validation/build/before/clang_O0/parent_links/probe,"{""clang"": ""clang version 17.0.0 (https://github.com/swiftlang/llvm-project.git 10999b6d034fe318f3d56c83bddb6572593a8bb0)"", ""gcc"": ""gcc (Debian 14.2.0-19) 14.2.0"", ""machine"": ""x86_64"", ""python"": ""3.13.5"", ""system"": ""Linux"", ""toolchains"": [{""compiler"": ""gcc"", ""optimization"": ""-O0""}, {""compiler"": ""gcc"", ""optimization"": ""-O2""}, {""compiler"": ""clang"", ""optimization"": ""-O0""}, {""compiler"": ""clang"", ""optimization"": ""-O2""}]}",artifact/upstream-validation/sources/jsmn/before/jsmn.h=bc9cdaa56db4a283635bfb8942ba9c326d11bafb21e58fee4f8d1c6b11d8d8dd;artifact/upstream-validation/sources/jsmn/before/jsmn.c=fc4784bcd56d68ed511af4c22219e90c687f5576cec981d86f048347ff936529;artifact/upstream-validation/sources/jsmn/after/jsmn.h=1ed6154dedf009212a08a397e9c4ed50a0ce31d5a8301bb294e137ae3188c13b,artifact/upstream-validation/build/before/clang_O0/parent_links/stdout.bin,e5787bc7e036c49dc802230820a03629b484b106b4b08ee4b6ea940aafb80a2d,artifact/upstream-validation/build/before/clang_O0/parent_links/probe,6bbe1668161a6835dfbcd8061d92e245b02d79613798ced7ccf5928bbc01d76d,artifact/upstream-validation/results/independent_recheck.json,EXECUTED,24 exact-source parser observations in parent_links mode; source blobs bound to the named public commit and parent.
UPSTREAM-jsmn-before-clang-O0-strict_parent_links,UPSTREAM_VALIDATION_COMPILER_CELL,jsmn,before,clang,-O0,clang -std=c11 -O0 -Wall -Wextra -Wpedantic -fno-ident -ffile-prefix-map=<ROOT>=. -fdebug-prefix-map=<ROOT>=. -DJSMN_STRICT=1 -DJSMN_PARENT_LINKS=1 -Iartifact/upstream-validation/sources/jsmn/before artifact/upstream-validation/src/probe.c artifact/upstream-validation/sources/jsmn/before/jsmn.c -o artifact/upstream-validation/build/before/clang_O0/strict_parent_links/probe,"{""clang"": ""clang version 17.0.0 (https://github.com/swiftlang/llvm-project.git 10999b6d034fe318f3d56c83bddb6572593a8bb0)"", ""gcc"": ""gcc (Debian 14.2.0-19) 14.2.0"", ""machine"": ""x86_64"", ""python"": ""3.13.5"", ""system"": ""Linux"", ""toolchains"": [{""compiler"": ""gcc"", ""optimization"": ""-O0""}, {""compiler"": ""gcc"", ""optimization"": ""-O2""}, {""compiler"": ""clang"", ""optimization"": ""-O0""}, {""compiler"": ""clang"", ""optimization"": ""-O2""}]}",artifact/upstream-validation/sources/jsmn/before/jsmn.h=bc9cdaa56db4a283635bfb8942ba9c326d11bafb21e58fee4f8d1c6b11d8d8dd;artifact/upstream-validation/sources/jsmn/before/jsmn.c=fc4784bcd56d68ed511af4c22219e90c687f5576cec981d86f048347ff936529;artifact/upstream-validation/sources/jsmn/after/jsmn.h=1ed6154dedf009212a08a397e9c4ed50a0ce31d5a8301bb294e137ae3188c13b,artifact/upstream-validation/build/before/clang_O0/strict_parent_links/stdout.bin,37320edfd294deb6db00e2db40679181df1a5e60d87ea85cc6697f47677d45dc,artifact/upstream-validation/build/before/clang_O0/strict_parent_links/probe,35f6b5fcecf465a87c61f07bcaeb45edc536417952bff4a0afc218397d220924,artifact/upstream-validation/results/independent_recheck.json,EXECUTED,24 exact-source parser observations in strict_parent_links mode; source blobs bound to the named public commit and parent.
UPSTREAM-jsmn-before-clang-O2-default,UPSTREAM_VALIDATION_COMPILER_CELL,jsmn,before,clang,-O2,clang -std=c11 -O2 -Wall -Wextra -Wpedantic -fno-ident -ffile-prefix-map=<ROOT>=. -fdebug-prefix-map=<ROOT>=. -Iartifact/upstream-validation/sources/jsmn/before artifact/upstream-validation/src/probe.c artifact/upstream-validation/sources/jsmn/before/jsmn.c -o artifact/upstream-validation/build/before/clang_O2/default/probe,"{""clang"": ""clang version 17.0.0 (https://github.com/swiftlang/llvm-project.git 10999b6d034fe318f3d56c83bddb6572593a8bb0)"", ""gcc"": ""gcc (Debian 14.2.0-19) 14.2.0"", ""machine"": ""x86_64"", ""python"": ""3.13.5"", ""system"": ""Linux"", ""toolchains"": [{""compiler"": ""gcc"", ""optimization"": ""-O0""}, {""compiler"": ""gcc"", ""optimization"": ""-O2""}, {""compiler"": ""clang"", ""optimization"": ""-O0""}, {""compiler"": ""clang"", ""optimization"": ""-O2""}]}",artifact/upstream-validation/sources/jsmn/before/jsmn.h=bc9cdaa56db4a283635bfb8942ba9c326d11bafb21e58fee4f8d1c6b11d8d8dd;artifact/upstream-validation/sources/jsmn/before/jsmn.c=fc4784bcd56d68ed511af4c22219e90c687f5576cec981d86f048347ff936529;artifact/upstream-validation/sources/jsmn/after/jsmn.h=1ed6154dedf009212a08a397e9c4ed50a0ce31d5a8301bb294e137ae3188c13b,artifact/upstream-validation/build/before/clang_O2/default/stdout.bin,8b3b3bd88ff8ba5577df42fb83f759576ea858a47b00f11f82831bf2be052f1f,artifact/upstream-validation/build/before/clang_O2/default/probe,8861a1ae6635d65c16ea71c60238a64dc2211132774689b09452f0c007a39bee,artifact/upstream-validation/results/independent_recheck.json,EXECUTED,24 exact-source parser observations in default mode; source blobs bound to the named public commit and parent.
UPSTREAM-jsmn-before-clang-O2-strict,UPSTREAM_VALIDATION_COMPILER_CELL,jsmn,before,clang,-O2,clang -std=c11 -O2 -Wall -Wextra -Wpedantic -fno-ident -ffile-prefix-map=<ROOT>=. -fdebug-prefix-map=<ROOT>=. -DJSMN_STRICT=1 -Iartifact/upstream-validation/sources/jsmn/before artifact/upstream-validation/src/probe.c artifact/upstream-validation/sources/jsmn/before/jsmn.c -o artifact/upstream-validation/build/before/clang_O2/strict/probe,"{""clang"": ""clang version 17.0.0 (https://github.com/swiftlang/llvm-project.git 10999b6d034fe318f3d56c83bddb6572593a8bb0)"", ""gcc"": ""gcc (Debian 14.2.0-19) 14.2.0"", ""machine"": ""x86_64"", ""python"": ""3.13.5"", ""system"": ""Linux"", ""toolchains"": [{""compiler"": ""gcc"", ""optimization"": ""-O0""}, {""compiler"": ""gcc"", ""optimization"": ""-O2""}, {""compiler"": ""clang"", ""optimization"": ""-O0""}, {""compiler"": ""clang"", ""optimization"": ""-O2""}]}",artifact/upstream-validation/sources/jsmn/before/jsmn.h=bc9cdaa56db4a283635bfb8942ba9c326d11bafb21e58fee4f8d1c6b11d8d8dd;artifact/upstream-validation/sources/jsmn/before/jsmn.c=fc4784bcd56d68ed511af4c22219e90c687f5576cec981d86f048347ff936529;artifact/upstream-validation/sources/jsmn/after/jsmn.h=1ed6154dedf009212a08a397e9c4ed50a0ce31d5a8301bb294e137ae3188c13b,artifact/upstream-validation/build/before/clang_O2/strict/stdout.bin,dc90d8757db714a02d2866ae6b27614344d95f7cc9ccb6820310b633aa3de81f,artifact/upstream-validation/build/before/clang_O2/strict/probe,a970a2792ee428720bea331953bbecf292d5c9dad1a23696e03e68e589d8e9d9,artifact/upstream-validation/results/independent_recheck.json,EXECUTED,24 exact-source parser observations in strict mode; source blobs bound to the named public commit and parent.
UPSTREAM-jsmn-before-clang-O2-parent_links,UPSTREAM_VALIDATION_COMPILER_CELL,jsmn,before,clang,-O2,clang -std=c11 -O2 -Wall -Wextra -Wpedantic -fno-ident -ffile-prefix-map=<ROOT>=. -fdebug-prefix-map=<ROOT>=. -DJSMN_PARENT_LINKS=1 -Iartifact/upstream-validation/sources/jsmn/before artifact/upstream-validation/src/probe.c artifact/upstream-validation/sources/jsmn/before/jsmn.c -o artifact/upstream-validation/build/before/clang_O2/parent_links/probe,"{""clang"": ""clang version 17.0.0 (https://github.com/swiftlang/llvm-project.git 10999b6d034fe318f3d56c83bddb6572593a8bb0)"", ""gcc"": ""gcc (Debian 14.2.0-19) 14.2.0"", ""machine"": ""x86_64"", ""python"": ""3.13.5"", ""system"": ""Linux"", ""toolchains"": [{""compiler"": ""gcc"", ""optimization"": ""-O0""}, {""compiler"": ""gcc"", ""optimization"": ""-O2""}, {""compiler"": ""clang"", ""optimization"": ""-O0""}, {""compiler"": ""clang"", ""optimization"": ""-O2""}]}",artifact/upstream-validation/sources/jsmn/before/jsmn.h=bc9cdaa56db4a283635bfb8942ba9c326d11bafb21e58fee4f8d1c6b11d8d8dd;artifact/upstream-validation/sources/jsmn/before/jsmn.c=fc4784bcd56d68ed511af4c22219e90c687f5576cec981d86f048347ff936529;artifact/upstream-validation/sources/jsmn/after/jsmn.h=1ed6154dedf009212a08a397e9c4ed50a0ce31d5a8301bb294e137ae3188c13b,artifact/upstream-validation/build/before/clang_O2/parent_links/stdout.bin,e5787bc7e036c49dc802230820a03629b484b106b4b08ee4b6ea940aafb80a2d,artifact/upstream-validation/build/before/clang_O2/parent_links/probe,d935aa82638b697e24647cc1e4e5c8097f0e9c8a6f705eab15db44268418e6a3,artifact/upstream-validation/results/independent_recheck.json,EXECUTED,24 exact-source parser observations in parent_links mode; source blobs bound to the named public commit and parent.
UPSTREAM-jsmn-before-clang-O2-strict_parent_links,UPSTREAM_VALIDATION_COMPILER_CELL,jsmn,before,clang,-O2,clang -std=c11 -O2 -Wall -Wextra -Wpedantic -fno-ident -ffile-prefix-map=<ROOT>=. -fdebug-prefix-map=<ROOT>=. -DJSMN_STRICT=1 -DJSMN_PARENT_LINKS=1 -Iartifact/upstream-validation/sources/jsmn/before artifact/upstream-validation/src/probe.c artifact/upstream-validation/sources/jsmn/before/jsmn.c -o artifact/upstream-validation/build/before/clang_O2/strict_parent_links/probe,"{""clang"": ""clang version 17.0.0 (https://github.com/swiftlang/llvm-project.git 10999b6d034fe318f3d56c83bddb6572593a8bb0)"", ""gcc"": ""gcc (Debian 14.2.0-19) 14.2.0"", ""machine"": ""x86_64"", ""python"": ""3.13.5"", ""system"": ""Linux"", ""toolchains"": [{""compiler"": ""gcc"", ""optimization"": ""-O0""}, {""compiler"": ""gcc"", ""optimization"": ""-O2""}, {""compiler"": ""clang"", ""optimization"": ""-O0""}, {""compiler"": ""clang"", ""optimization"": ""-O2""}]}",artifact/upstream-validation/sources/jsmn/before/jsmn.h=bc9cdaa56db4a283635bfb8942ba9c326d11bafb21e58fee4f8d1c6b11d8d8dd;artifact/upstream-validation/sources/jsmn/before/jsmn.c=fc4784bcd56d68ed511af4c22219e90c687f5576cec981d86f048347ff936529;artifact/upstream-validation/sources/jsmn/after/jsmn.h=1ed6154dedf009212a08a397e9c4ed50a0ce31d5a8301bb294e137ae3188c13b,artifact/upstream-validation/build/before/clang_O2/strict_parent_links/stdout.bin,37320edfd294deb6db00e2db40679181df1a5e60d87ea85cc6697f47677d45dc,artifact/upstream-validation/build/before/clang_O2/strict_parent_links/probe,5b55a7638753f436509217ed390ac234d5fa8ad2c89a83516a0f46cb9f9d4e60,artifact/upstream-validation/results/independent_recheck.json,EXECUTED,24 exact-source parser observations in strict_parent_links mode; source blobs bound to the named public commit and parent.
UPSTREAM-jsmn-after-gcc-O0-default,UPSTREAM_VALIDATION_COMPILER_CELL,jsmn,after,gcc,-O0,gcc -std=c11 -O0 -Wall -Wextra -Wpedantic -fno-ident -ffile-prefix-map=<ROOT>=. -fdebug-prefix-map=<ROOT>=. -Iartifact/upstream-validation/sources/jsmn/after artifact/upstream-validation/src/probe.c -o artifact/upstream-validation/build/after/gcc_O0/default/probe,"{""clang"": ""clang version 17.0.0 (https://github.com/swiftlang/llvm-project.git 10999b6d034fe318f3d56c83bddb6572593a8bb0)"", ""gcc"": ""gcc (Debian 14.2.0-19) 14.2.0"", ""machine"": ""x86_64"", ""python"": ""3.13.5"", ""system"": ""Linux"", ""toolchains"": [{""compiler"": ""gcc"", ""optimization"": ""-O0""}, {""compiler"": ""gcc"", ""optimization"": ""-O2""}, {""compiler"": ""clang"", ""optimization"": ""-O0""}, {""compiler"": ""clang"", ""optimization"": ""-O2""}]}",artifact/upstream-validation/sources/jsmn/before/jsmn.h=bc9cdaa56db4a283635bfb8942ba9c326d11bafb21e58fee4f8d1c6b11d8d8dd;artifact/upstream-validation/sources/jsmn/before/jsmn.c=fc4784bcd56d68ed511af4c22219e90c687f5576cec981d86f048347ff936529;artifact/upstream-validation/sources/jsmn/after/jsmn.h=1ed6154dedf009212a08a397e9c4ed50a0ce31d5a8301bb294e137ae3188c13b,artifact/upstream-validation/build/after/gcc_O0/default/stdout.bin,8b3b3bd88ff8ba5577df42fb83f759576ea858a47b00f11f82831bf2be052f1f,artifact/upstream-validation/build/after/gcc_O0/default/probe,f5f469e13ef2a270e89432796607a7c42626ec7c9a29366902485ef0a0c151dc,artifact/upstream-validation/results/independent_recheck.json,EXECUTED,24 exact-source parser observations in default mode; source blobs bound to the named public commit and parent.
UPSTREAM-jsmn-after-gcc-O0-strict,UPSTREAM_VALIDATION_COMPILER_CELL,jsmn,after,gcc,-O0,gcc -std=c11 -O0 -Wall -Wextra -Wpedantic -fno-ident -ffile-prefix-map=<ROOT>=. -fdebug-prefix-map=<ROOT>=. -DJSMN_STRICT=1 -Iartifact/upstream-validation/sources/jsmn/after artifact/upstream-validation/src/probe.c -o artifact/upstream-validation/build/after/gcc_O0/strict/probe,"{""clang"": ""clang version 17.0.0 (https://github.com/swiftlang/llvm-project.git 10999b6d034fe318f3d56c83bddb6572593a8bb0)"", ""gcc"": ""gcc (Debian 14.2.0-19) 14.2.0"", ""machine"": ""x86_64"", ""python"": ""3.13.5"", ""system"": ""Linux"", ""toolchains"": [{""compiler"": ""gcc"", ""optimization"": ""-O0""}, {""compiler"": ""gcc"", ""optimization"": ""-O2""}, {""compiler"": ""clang"", ""optimization"": ""-O0""}, {""compiler"": ""clang"", ""optimization"": ""-O2""}]}",artifact/upstream-validation/sources/jsmn/before/jsmn.h=bc9cdaa56db4a283635bfb8942ba9c326d11bafb21e58fee4f8d1c6b11d8d8dd;artifact/upstream-validation/sources/jsmn/before/jsmn.c=fc4784bcd56d68ed511af4c22219e90c687f5576cec981d86f048347ff936529;artifact/upstream-validation/sources/jsmn/after/jsmn.h=1ed6154dedf009212a08a397e9c4ed50a0ce31d5a8301bb294e137ae3188c13b,artifact/upstream-validation/build/after/gcc_O0/strict/stdout.bin,38a2c2a0ac43973b6621144a2e0a6bc8c2ded9cae877da8647de1a4e9af072dd,artifact/upstream-validation/build/after/gcc_O0/strict/probe,fe01a710f761e00797f5a16e11d6502033afaeaf0708ca8fbf13d873ff0fcbf0,artifact/upstream-validation/results/independent_recheck.json,EXECUTED,24 exact-source parser observations in strict mode; source blobs bound to the named public commit and parent.
UPSTREAM-jsmn-after-gcc-O0-parent_links,UPSTREAM_VALIDATION_COMPILER_CELL,jsmn,after,gcc,-O0,gcc -std=c11 -O0 -Wall -Wextra -Wpedantic -fno-ident -ffile-prefix-map=<ROOT>=. -fdebug-prefix-map=<ROOT>=. -DJSMN_PARENT_LINKS=1 -Iartifact/upstream-validation/sources/jsmn/after artifact/upstream-validation/src/probe.c -o artifact/upstream-validation/build/after/gcc_O0/parent_links/probe,"{""clang"": ""clang version 17.0.0 (https://github.com/swiftlang/llvm-project.git 10999b6d034fe318f3d56c83bddb6572593a8bb0)"", ""gcc"": ""gcc (Debian 14.2.0-19) 14.2.0"", ""machine"": ""x86_64"", ""python"": ""3.13.5"", ""system"": ""Linux"", ""toolchains"": [{""compiler"": ""gcc"", ""optimization"": ""-O0""}, {""compiler"": ""gcc"", ""optimization"": ""-O2""}, {""compiler"": ""clang"", ""optimization"": ""-O0""}, {""compiler"": ""clang"", ""optimization"": ""-O2""}]}",artifact/upstream-validation/sources/jsmn/before/jsmn.h=bc9cdaa56db4a283635bfb8942ba9c326d11bafb21e58fee4f8d1c6b11d8d8dd;artifact/upstream-validation/sources/jsmn/before/jsmn.c=fc4784bcd56d68ed511af4c22219e90c687f5576cec981d86f048347ff936529;artifact/upstream-validation/sources/jsmn/after/jsmn.h=1ed6154dedf009212a08a397e9c4ed50a0ce31d5a8301bb294e137ae3188c13b,artifact/upstream-validation/build/after/gcc_O0/parent_links/stdout.bin,e5787bc7e036c49dc802230820a03629b484b106b4b08ee4b6ea940aafb80a2d,artifact/upstream-validation/build/after/gcc_O0/parent_links/probe,e649e1abfcb481a2a9adc4321633bafed75f47d0fedeba84d1833a6fcf9d68f8,artifact/upstream-validation/results/independent_recheck.json,EXECUTED,24 exact-source parser observations in parent_links mode; source blobs bound to the named public commit and parent.
UPSTREAM-jsmn-after-gcc-O0-strict_parent_links,UPSTREAM_VALIDATION_COMPILER_CELL,jsmn,after,gcc,-O0,gcc -std=c11 -O0 -Wall -Wextra -Wpedantic -fno-ident -ffile-prefix-map=<ROOT>=. -fdebug-prefix-map=<ROOT>=. -DJSMN_STRICT=1 -DJSMN_PARENT_LINKS=1 -Iartifact/upstream-validation/sources/jsmn/after artifact/upstream-validation/src/probe.c -o artifact/upstream-validation/build/after/gcc_O0/strict_parent_links/probe,"{""clang"": ""clang version 17.0.0 (https://github.com/swiftlang/llvm-project.git 10999b6d034fe318f3d56c83bddb6572593a8bb0)"", ""gcc"": ""gcc (Debian 14.2.0-19) 14.2.0"", ""machine"": ""x86_64"", ""python"": ""3.13.5"", ""system"": ""Linux"", ""toolchains"": [{""compiler"": ""gcc"", ""optimization"": ""-O0""}, {""compiler"": ""gcc"", ""optimization"": ""-O2""}, {""compiler"": ""clang"", ""optimization"": ""-O0""}, {""compiler"": ""clang"", ""optimization"": ""-O2""}]}",artifact/upstream-validation/sources/jsmn/before/jsmn.h=bc9cdaa56db4a283635bfb8942ba9c326d11bafb21e58fee4f8d1c6b11d8d8dd;artifact/upstream-validation/sources/jsmn/before/jsmn.c=fc4784bcd56d68ed511af4c22219e90c687f5576cec981d86f048347ff936529;artifact/upstream-validation/sources/jsmn/after/jsmn.h=1ed6154dedf009212a08a397e9c4ed50a0ce31d5a8301bb294e137ae3188c13b,artifact/upstream-validation/build/after/gcc_O0/strict_parent_links/stdout.bin,dfca7c16317c8c4b73807e98ab2b5fdd3f067e217effc814c0ee4a9a0ebdcbf8,artifact/upstream-validation/build/after/gcc_O0/strict_parent_links/probe,da1c1025e1fcf92a9093b496e2c7962bb57c61f6ee10e8504758f490b873cb61,artifact/upstream-validation/results/independent_recheck.json,EXECUTED,24 exact-source parser observations in strict_parent_links mode; source blobs bound to the named public commit and parent.
UPSTREAM-jsmn-after-gcc-O2-default,UPSTREAM_VALIDATION_COMPILER_CELL,jsmn,after,gcc,-O2,gcc -std=c11 -O2 -Wall -Wextra -Wpedantic -fno-ident -ffile-prefix-map=<ROOT>=. -fdebug-prefix-map=<ROOT>=. -Iartifact/upstream-validation/sources/jsmn/after artifact/upstream-validation/src/probe.c -o artifact/upstream-validation/build/after/gcc_O2/default/probe,"{""clang"": ""clang version 17.0.0 (https://github.com/swiftlang/llvm-project.git 10999b6d034fe318f3d56c83bddb6572593a8bb0)"", ""gcc"": ""gcc (Debian 14.2.0-19) 14.2.0"", ""machine"": ""x86_64"", ""python"": ""3.13.5"", ""system"": ""Linux"", ""toolchains"": [{""compiler"": ""gcc"", ""optimization"": ""-O0""}, {""compiler"": ""gcc"", ""optimization"": ""-O2""}, {""compiler"": ""clang"", ""optimization"": ""-O0""}, {""compiler"": ""clang"", ""optimization"": ""-O2""}]}",artifact/upstream-validation/sources/jsmn/before/jsmn.h=bc9cdaa56db4a283635bfb8942ba9c326d11bafb21e58fee4f8d1c6b11d8d8dd;artifact/upstream-validation/sources/jsmn/before/jsmn.c=fc4784bcd56d68ed511af4c22219e90c687f5576cec981d86f048347ff936529;artifact/upstream-validation/sources/jsmn/after/jsmn.h=1ed6154dedf009212a08a397e9c4ed50a0ce31d5a8301bb294e137ae3188c13b,artifact/upstream-validation/build/after/gcc_O2/default/stdout.bin,8b3b3bd88ff8ba5577df42fb83f759576ea858a47b00f11f82831bf2be052f1f,artifact/upstream-validation/build/after/gcc_O2/default/probe,8e9bf02db6a1009ace623755b86f5536ceb55ef7e119b3a216c566ddef9e2aee,artifact/upstream-validation/results/independent_recheck.json,EXECUTED,24 exact-source parser observations in default mode; source blobs bound to the named public commit and parent.
UPSTREAM-jsmn-after-gcc-O2-strict,UPSTREAM_VALIDATION_COMPILER_CELL,jsmn,after,gcc,-O2,gcc -std=c11 -O2 -Wall -Wextra -Wpedantic -fno-ident -ffile-prefix-map=<ROOT>=. -fdebug-prefix-map=<ROOT>=. -DJSMN_STRICT=1 -Iartifact/upstream-validation/sources/jsmn/after artifact/upstream-validation/src/probe.c -o artifact/upstream-validation/build/after/gcc_O2/strict/probe,"{""clang"": ""clang version 17.0.0 (https://github.com/swiftlang/llvm-project.git 10999b6d034fe318f3d56c83bddb6572593a8bb0)"", ""gcc"": ""gcc (Debian 14.2.0-19) 14.2.0"", ""machine"": ""x86_64"", ""python"": ""3.13.5"", ""system"": ""Linux"", ""toolchains"": [{""compiler"": ""gcc"", ""optimization"": ""-O0""}, {""compiler"": ""gcc"", ""optimization"": ""-O2""}, {""compiler"": ""clang"", ""optimization"": ""-O0""}, {""compiler"": ""clang"", ""optimization"": ""-O2""}]}",artifact/upstream-validation/sources/jsmn/before/jsmn.h=bc9cdaa56db4a283635bfb8942ba9c326d11bafb21e58fee4f8d1c6b11d8d8dd;artifact/upstream-validation/sources/jsmn/before/jsmn.c=fc4784bcd56d68ed511af4c22219e90c687f5576cec981d86f048347ff936529;artifact/upstream-validation/sources/jsmn/after/jsmn.h=1ed6154dedf009212a08a397e9c4ed50a0ce31d5a8301bb294e137ae3188c13b,artifact/upstream-validation/build/after/gcc_O2/strict/stdout.bin,38a2c2a0ac43973b6621144a2e0a6bc8c2ded9cae877da8647de1a4e9af072dd,artifact/upstream-validation/build/after/gcc_O2/strict/probe,68cbef24115ba3abd597eac323ad01da652a4a7d9f5d0cd619a1ca474d8d5468,artifact/upstream-validation/results/independent_recheck.json,EXECUTED,24 exact-source parser observations in strict mode; source blobs bound to the named public commit and parent.
UPSTREAM-jsmn-after-gcc-O2-parent_links,UPSTREAM_VALIDATION_COMPILER_CELL,jsmn,after,gcc,-O2,gcc -std=c11 -O2 -Wall -Wextra -Wpedantic -fno-ident -ffile-prefix-map=<ROOT>=. -fdebug-prefix-map=<ROOT>=. -DJSMN_PARENT_LINKS=1 -Iartifact/upstream-validation/sources/jsmn/after artifact/upstream-validation/src/probe.c -o artifact/upstream-validation/build/after/gcc_O2/parent_links/probe,"{""clang"": ""clang version 17.0.0 (https://github.com/swiftlang/llvm-project.git 10999b6d034fe318f3d56c83bddb6572593a8bb0)"", ""gcc"": ""gcc (Debian 14.2.0-19) 14.2.0"", ""machine"": ""x86_64"", ""python"": ""3.13.5"", ""system"": ""Linux"", ""toolchains"": [{""compiler"": ""gcc"", ""optimization"": ""-O0""}, {""compiler"": ""gcc"", ""optimization"": ""-O2""}, {""compiler"": ""clang"", ""optimization"": ""-O0""}, {""compiler"": ""clang"", ""optimization"": ""-O2""}]}",artifact/upstream-validation/sources/jsmn/before/jsmn.h=bc9cdaa56db4a283635bfb8942ba9c326d11bafb21e58fee4f8d1c6b11d8d8dd;artifact/upstream-validation/sources/jsmn/before/jsmn.c=fc4784bcd56d68ed511af4c22219e90c687f5576cec981d86f048347ff936529;artifact/upstream-validation/sources/jsmn/after/jsmn.h=1ed6154dedf009212a08a397e9c4ed50a0ce31d5a8301bb294e137ae3188c13b,artifact/upstream-validation/build/after/gcc_O2/parent_links/stdout.bin,e5787bc7e036c49dc802230820a03629b484b106b4b08ee4b6ea940aafb80a2d,artifact/upstream-validation/build/after/gcc_O2/parent_links/probe,1bcc40f91f4d68e294da57f99d9bc2664f0516fc6a4c42bdd2502bfd0bafae05,artifact/upstream-validation/results/independent_recheck.json,EXECUTED,24 exact-source parser observations in parent_links mode; source blobs bound to the named public commit and parent.
UPSTREAM-jsmn-after-gcc-O2-strict_parent_links,UPSTREAM_VALIDATION_COMPILER_CELL,jsmn,after,gcc,-O2,gcc -std=c11 -O2 -Wall -Wextra -Wpedantic -fno-ident -ffile-prefix-map=<ROOT>=. -fdebug-prefix-map=<ROOT>=. -DJSMN_STRICT=1 -DJSMN_PARENT_LINKS=1 -Iartifact/upstream-validation/sources/jsmn/after artifact/upstream-validation/src/probe.c -o artifact/upstream-validation/build/after/gcc_O2/strict_parent_links/probe,"{""clang"": ""clang version 17.0.0 (https://github.com/swiftlang/llvm-project.git 10999b6d034fe318f3d56c83bddb6572593a8bb0)"", ""gcc"": ""gcc (Debian 14.2.0-19) 14.2.0"", ""machine"": ""x86_64"", ""python"": ""3.13.5"", ""system"": ""Linux"", ""toolchains"": [{""compiler"": ""gcc"", ""optimization"": ""-O0""}, {""compiler"": ""gcc"", ""optimization"": ""-O2""}, {""compiler"": ""clang"", ""optimization"": ""-O0""}, {""compiler"": ""clang"", ""optimization"": ""-O2""}]}",artifact/upstream-validation/sources/jsmn/before/jsmn.h=bc9cdaa56db4a283635bfb8942ba9c326d11bafb21e58fee4f8d1c6b11d8d8dd;artifact/upstream-validation/sources/jsmn/before/jsmn.c=fc4784bcd56d68ed511af4c22219e90c687f5576cec981d86f048347ff936529;artifact/upstream-validation/sources/jsmn/after/jsmn.h=1ed6154dedf009212a08a397e9c4ed50a0ce31d5a8301bb294e137ae3188c13b,artifact/upstream-validation/build/after/gcc_O2/strict_parent_links/stdout.bin,dfca7c16317c8c4b73807e98ab2b5fdd3f067e217effc814c0ee4a9a0ebdcbf8,artifact/upstream-validation/build/after/gcc_O2/strict_parent_links/probe,87e4dbf9d963f6e5ab3757fa2afa05e27bddbad27f88cd69c43357d1c34dd551,artifact/upstream-validation/results/independent_recheck.json,EXECUTED,24 exact-source parser observations in strict_parent_links mode; source blobs bound to the named public commit and parent.
UPSTREAM-jsmn-after-clang-O0-default,UPSTREAM_VALIDATION_COMPILER_CELL,jsmn,after,clang,-O0,clang -std=c11 -O0 -Wall -Wextra -Wpedantic -fno-ident -ffile-prefix-map=<ROOT>=. -fdebug-prefix-map=<ROOT>=. -Iartifact/upstream-validation/sources/jsmn/after artifact/upstream-validation/src/probe.c -o artifact/upstream-validation/build/after/clang_O0/default/probe,"{""clang"": ""clang version 17.0.0 (https://github.com/swiftlang/llvm-project.git 10999b6d034fe318f3d56c83bddb6572593a8bb0)"", ""gcc"": ""gcc (Debian 14.2.0-19) 14.2.0"", ""machine"": ""x86_64"", ""python"": ""3.13.5"", ""system"": ""Linux"", ""toolchains"": [{""compiler"": ""gcc"", ""optimization"": ""-O0""}, {""compiler"": ""gcc"", ""optimization"": ""-O2""}, {""compiler"": ""clang"", ""optimization"": ""-O0""}, {""compiler"": ""clang"", ""optimization"": ""-O2""}]}",artifact/upstream-validation/sources/jsmn/before/jsmn.h=bc9cdaa56db4a283635bfb8942ba9c326d11bafb21e58fee4f8d1c6b11d8d8dd;artifact/upstream-validation/sources/jsmn/before/jsmn.c=fc4784bcd56d68ed511af4c22219e90c687f5576cec981d86f048347ff936529;artifact/upstream-validation/sources/jsmn/after/jsmn.h=1ed6154dedf009212a08a397e9c4ed50a0ce31d5a8301bb294e137ae3188c13b,artifact/upstream-validation/build/after/clang_O0/default/stdout.bin,8b3b3bd88ff8ba5577df42fb83f759576ea858a47b00f11f82831bf2be052f1f,artifact/upstream-validation/build/after/clang_O0/default/probe,ce308caad9b00f8c42be29f87b4bb2b94661e89d7d8cedc381a63f0c6af1dff0,artifact/upstream-validation/results/independent_recheck.json,EXECUTED,24 exact-source parser observations in default mode; source blobs bound to the named public commit and parent.
UPSTREAM-jsmn-after-clang-O0-strict,UPSTREAM_VALIDATION_COMPILER_CELL,jsmn,after,clang,-O0,clang -std=c11 -O0 -Wall -Wextra -Wpedantic -fno-ident -ffile-prefix-map=<ROOT>=. -fdebug-prefix-map=<ROOT>=. -DJSMN_STRICT=1 -Iartifact/upstream-validation/sources/jsmn/after artifact/upstream-validation/src/probe.c -o artifact/upstream-validation/build/after/clang_O0/strict/probe,"{""clang"": ""clang version 17.0.0 (https://github.com/swiftlang/llvm-project.git 10999b6d034fe318f3d56c83bddb6572593a8bb0)"", ""gcc"": ""gcc (Debian 14.2.0-19) 14.2.0"", ""machine"": ""x86_64"", ""python"": ""3.13.5"", ""system"": ""Linux"", ""toolchains"": [{""compiler"": ""gcc"", ""optimization"": ""-O0""}, {""compiler"": ""gcc"", ""optimization"": ""-O2""}, {""compiler"": ""clang"", ""optimization"": ""-O0""}, {""compiler"": ""clang"", ""optimization"": ""-O2""}]}",artifact/upstream-validation/sources/jsmn/before/jsmn.h=bc9cdaa56db4a283635bfb8942ba9c326d11bafb21e58fee4f8d1c6b11d8d8dd;artifact/upstream-validation/sources/jsmn/before/jsmn.c=fc4784bcd56d68ed511af4c22219e90c687f5576cec981d86f048347ff936529;artifact/upstream-validation/sources/jsmn/after/jsmn.h=1ed6154dedf009212a08a397e9c4ed50a0ce31d5a8301bb294e137ae3188c13b,artifact/upstream-validation/build/after/clang_O0/strict/stdout.bin,38a2c2a0ac43973b6621144a2e0a6bc8c2ded9cae877da8647de1a4e9af072dd,artifact/upstream-validation/build/after/clang_O0/strict/probe,0f50666243e1311e871ada66baaa34b1016d9bf3e8d942e59ff63be4c38720f2,artifact/upstream-validation/results/independent_recheck.json,EXECUTED,24 exact-source parser observations in strict mode; source blobs bound to the named public commit and parent.
UPSTREAM-jsmn-after-clang-O0-parent_links,UPSTREAM_VALIDATION_COMPILER_CELL,jsmn,after,clang,-O0,clang -std=c11 -O0 -Wall -Wextra -Wpedantic -fno-ident -ffile-prefix-map=<ROOT>=. -fdebug-prefix-map=<ROOT>=. -DJSMN_PARENT_LINKS=1 -Iartifact/upstream-validation/sources/jsmn/after artifact/upstream-validation/src/probe.c -o artifact/upstream-validation/build/after/clang_O0/parent_links/probe,"{""clang"": ""clang version 17.0.0 (https://github.com/swiftlang/llvm-project.git 10999b6d034fe318f3d56c83bddb6572593a8bb0)"", ""gcc"": ""gcc (Debian 14.2.0-19) 14.2.0"", ""machine"": ""x86_64"", ""python"": ""3.13.5"", ""system"": ""Linux"", ""toolchains"": [{""compiler"": ""gcc"", ""optimization"": ""-O0""}, {""compiler"": ""gcc"", ""optimization"": ""-O2""}, {""compiler"": ""clang"", ""optimization"": ""-O0""}, {""compiler"": ""clang"", ""optimization"": ""-O2""}]}",artifact/upstream-validation/sources/jsmn/before/jsmn.h=bc9cdaa56db4a283635bfb8942ba9c326d11bafb21e58fee4f8d1c6b11d8d8dd;artifact/upstream-validation/sources/jsmn/before/jsmn.c=fc4784bcd56d68ed511af4c22219e90c687f5576cec981d86f048347ff936529;artifact/upstream-validation/sources/jsmn/after/jsmn.h=1ed6154dedf009212a08a397e9c4ed50a0ce31d5a8301bb294e137ae3188c13b,artifact/upstream-validation/build/after/clang_O0/parent_links/stdout.bin,e5787bc7e036c49dc802230820a03629b484b106b4b08ee4b6ea940aafb80a2d,artifact/upstream-validation/build/after/clang_O0/parent_links/probe,da70af9b96ee8b7372d8024291c068204d3aa0dba81d36aea9ef4ccba2382cc3,artifact/upstream-validation/results/independent_recheck.json,EXECUTED,24 exact-source parser observations in parent_links mode; source blobs bound to the named public commit and parent.
UPSTREAM-jsmn-after-clang-O0-strict_parent_links,UPSTREAM_VALIDATION_COMPILER_CELL,jsmn,after,clang,-O0,clang -std=c11 -O0 -Wall -Wextra -Wpedantic -fno-ident -ffile-prefix-map=<ROOT>=. -fdebug-prefix-map=<ROOT>=. -DJSMN_STRICT=1 -DJSMN_PARENT_LINKS=1 -Iartifact/upstream-validation/sources/jsmn/after artifact/upstream-validation/src/probe.c -o artifact/upstream-validation/build/after/clang_O0/strict_parent_links/probe,"{""clang"": ""clang version 17.0.0 (https://github.com/swiftlang/llvm-project.git 10999b6d034fe318f3d56c83bddb6572593a8bb0)"", ""gcc"": ""gcc (Debian 14.2.0-19) 14.2.0"", ""machine"": ""x86_64"", ""python"": ""3.13.5"", ""system"": ""Linux"", ""toolchains"": [{""compiler"": ""gcc"", ""optimization"": ""-O0""}, {""compiler"": ""gcc"", ""optimization"": ""-O2""}, {""compiler"": ""clang"", ""optimization"": ""-O0""}, {""compiler"": ""clang"", ""optimization"": ""-O2""}]}",artifact/upstream-validation/sources/jsmn/before/jsmn.h=bc9cdaa56db4a283635bfb8942ba9c326d11bafb21e58fee4f8d1c6b11d8d8dd;artifact/upstream-validation/sources/jsmn/before/jsmn.c=fc4784bcd56d68ed511af4c22219e90c687f5576cec981d86f048347ff936529;artifact/upstream-validation/sources/jsmn/after/jsmn.h=1ed6154dedf009212a08a397e9c4ed50a0ce31d5a8301bb294e137ae3188c13b,artifact/upstream-validation/build/after/clang_O0/strict_parent_links/stdout.bin,dfca7c16317c8c4b73807e98ab2b5fdd3f067e217effc814c0ee4a9a0ebdcbf8,artifact/upstream-validation/build/after/clang_O0/strict_parent_links/probe,91d6538fa173f97c429ec85250a853128ec4d59b78978cbbd17b7317d75fef5f,artifact/upstream-validation/results/independent_recheck.json,EXECUTED,24 exact-source parser observations in strict_parent_links mode; source blobs bound to the named public commit and parent.
UPSTREAM-jsmn-after-clang-O2-default,UPSTREAM_VALIDATION_COMPILER_CELL,jsmn,after,clang,-O2,clang -std=c11 -O2 -Wall -Wextra -Wpedantic -fno-ident -ffile-prefix-map=<ROOT>=. -fdebug-prefix-map=<ROOT>=. -Iartifact/upstream-validation/sources/jsmn/after artifact/upstream-validation/src/probe.c -o artifact/upstream-validation/build/after/clang_O2/default/probe,"{""clang"": ""clang version 17.0.0 (https://github.com/swiftlang/llvm-project.git 10999b6d034fe318f3d56c83bddb6572593a8bb0)"", ""gcc"": ""gcc (Debian 14.2.0-19) 14.2.0"", ""machine"": ""x86_64"", ""python"": ""3.13.5"", ""system"": ""Linux"", ""toolchains"": [{""compiler"": ""gcc"", ""optimization"": ""-O0""}, {""compiler"": ""gcc"", ""optimization"": ""-O2""}, {""compiler"": ""clang"", ""optimization"": ""-O0""}, {""compiler"": ""clang"", ""optimization"": ""-O2""}]}",artifact/upstream-validation/sources/jsmn/before/jsmn.h=bc9cdaa56db4a283635bfb8942ba9c326d11bafb21e58fee4f8d1c6b11d8d8dd;artifact/upstream-validation/sources/jsmn/before/jsmn.c=fc4784bcd56d68ed511af4c22219e90c687f5576cec981d86f048347ff936529;artifact/upstream-validation/sources/jsmn/after/jsmn.h=1ed6154dedf009212a08a397e9c4ed50a0ce31d5a8301bb294e137ae3188c13b,artifact/upstream-validation/build/after/clang_O2/default/stdout.bin,8b3b3bd88ff8ba5577df42fb83f759576ea858a47b00f11f82831bf2be052f1f,artifact/upstream-validation/build/after/clang_O2/default/probe,aff0111eade31d8be7b5a98f9535ce9a8ab60522c6349d4efe9d929754637b88,artifact/upstream-validation/results/independent_recheck.json,EXECUTED,24 exact-source parser observations in default mode; source blobs bound to the named public commit and parent.
UPSTREAM-jsmn-after-clang-O2-strict,UPSTREAM_VALIDATION_COMPILER_CELL,jsmn,after,clang,-O2,clang -std=c11 -O2 -Wall -Wextra -Wpedantic -fno-ident -ffile-prefix-map=<ROOT>=. -fdebug-prefix-map=<ROOT>=. -DJSMN_STRICT=1 -Iartifact/upstream-validation/sources/jsmn/after artifact/upstream-validation/src/probe.c -o artifact/upstream-validation/build/after/clang_O2/strict/probe,"{""clang"": ""clang version 17.0.0 (https://github.com/swiftlang/llvm-project.git 10999b6d034fe318f3d56c83bddb6572593a8bb0)"", ""gcc"": ""gcc (Debian 14.2.0-19) 14.2.0"", ""machine"": ""x86_64"", ""python"": ""3.13.5"", ""system"": ""Linux"", ""toolchains"": [{""compiler"": ""gcc"", ""optimization"": ""-O0""}, {""compiler"": ""gcc"", ""optimization"": ""-O2""}, {""compiler"": ""clang"", ""optimization"": ""-O0""}, {""compiler"": ""clang"", ""optimization"": ""-O2""}]}",artifact/upstream-validation/sources/jsmn/before/jsmn.h=bc9cdaa56db4a283635bfb8942ba9c326d11bafb21e58fee4f8d1c6b11d8d8dd;artifact/upstream-validation/sources/jsmn/before/jsmn.c=fc4784bcd56d68ed511af4c22219e90c687f5576cec981d86f048347ff936529;artifact/upstream-validation/sources/jsmn/after/jsmn.h=1ed6154dedf009212a08a397e9c4ed50a0ce31d5a8301bb294e137ae3188c13b,artifact/upstream-validation/build/after/clang_O2/strict/stdout.bin,38a2c2a0ac43973b6621144a2e0a6bc8c2ded9cae877da8647de1a4e9af072dd,artifact/upstream-validation/build/after/clang_O2/strict/probe,d8f3363a3a46ba501584f0810f3a2cc98dcc757b795c055a1d8b0280dbcecedc,artifact/upstream-validation/results/independent_recheck.json,EXECUTED,24 exact-source parser observations in strict mode; source blobs bound to the named public commit and parent.
UPSTREAM-jsmn-after-clang-O2-parent_links,UPSTREAM_VALIDATION_COMPILER_CELL,jsmn,after,clang,-O2,clang -std=c11 -O2 -Wall -Wextra -Wpedantic -fno-ident -ffile-prefix-map=<ROOT>=. -fdebug-prefix-map=<ROOT>=. -DJSMN_PARENT_LINKS=1 -Iartifact/upstream-validation/sources/jsmn/after artifact/upstream-validation/src/probe.c -o artifact/upstream-validation/build/after/clang_O2/parent_links/probe,"{""clang"": ""clang version 17.0.0 (https://github.com/swiftlang/llvm-project.git 10999b6d034fe318f3d56c83bddb6572593a8bb0)"", ""gcc"": ""gcc (Debian 14.2.0-19) 14.2.0"", ""machine"": ""x86_64"", ""python"": ""3.13.5"", ""system"": ""Linux"", ""toolchains"": [{""compiler"": ""gcc"", ""optimization"": ""-O0""}, {""compiler"": ""gcc"", ""optimization"": ""-O2""}, {""compiler"": ""clang"", ""optimization"": ""-O0""}, {""compiler"": ""clang"", ""optimization"": ""-O2""}]}",artifact/upstream-validation/sources/jsmn/before/jsmn.h=bc9cdaa56db4a283635bfb8942ba9c326d11bafb21e58fee4f8d1c6b11d8d8dd;artifact/upstream-validation/sources/jsmn/before/jsmn.c=fc4784bcd56d68ed511af4c22219e90c687f5576cec981d86f048347ff936529;artifact/upstream-validation/sources/jsmn/after/jsmn.h=1ed6154dedf009212a08a397e9c4ed50a0ce31d5a8301bb294e137ae3188c13b,artifact/upstream-validation/build/after/clang_O2/parent_links/stdout.bin,e5787bc7e036c49dc802230820a03629b484b106b4b08ee4b6ea940aafb80a2d,artifact/upstream-validation/build/after/clang_O2/parent_links/probe,55d0da87476edc63317bebef39b63d1971457c16c060c210bd5fb344149654c7,artifact/upstream-validation/results/independent_recheck.json,EXECUTED,24 exact-source parser observations in parent_links mode; source blobs bound to the named public commit and parent.
UPSTREAM-jsmn-after-clang-O2-strict_parent_links,UPSTREAM_VALIDATION_COMPILER_CELL,jsmn,after,clang,-O2,clang -std=c11 -O2 -Wall -Wextra -Wpedantic -fno-ident -ffile-prefix-map=<ROOT>=. -fdebug-prefix-map=<ROOT>=. -DJSMN_STRICT=1 -DJSMN_PARENT_LINKS=1 -Iartifact/upstream-validation/sources/jsmn/after artifact/upstream-validation/src/probe.c -o artifact/upstream-validation/build/after/clang_O2/strict_parent_links/probe,"{""clang"": ""clang version 17.0.0 (https://github.com/swiftlang/llvm-project.git 10999b6d034fe318f3d56c83bddb6572593a8bb0)"", ""gcc"": ""gcc (Debian 14.2.0-19) 14.2.0"", ""machine"": ""x86_64"", ""python"": ""3.13.5"", ""system"": ""Linux"", ""toolchains"": [{""compiler"": ""gcc"", ""optimization"": ""-O0""}, {""compiler"": ""gcc"", ""optimization"": ""-O2""}, {""compiler"": ""clang"", ""optimization"": ""-O0""}, {""compiler"": ""clang"", ""optimization"": ""-O2""}]}",artifact/upstream-validation/sources/jsmn/before/jsmn.h=bc9cdaa56db4a283635bfb8942ba9c326d11bafb21e58fee4f8d1c6b11d8d8dd;artifact/upstream-validation/sources/jsmn/before/jsmn.c=fc4784bcd56d68ed511af4c22219e90c687f5576cec981d86f048347ff936529;artifact/upstream-validation/sources/jsmn/after/jsmn.h=1ed6154dedf009212a08a397e9c4ed50a0ce31d5a8301bb294e137ae3188c13b,artifact/upstream-validation/build/after/clang_O2/strict_parent_links/stdout.bin,dfca7c16317c8c4b73807e98ab2b5fdd3f067e217effc814c0ee4a9a0ebdcbf8,artifact/upstream-validation/build/after/clang_O2/strict_parent_links/probe,f7e469099d34197e24747b6c3a2ee037077db80ab0420b99388eedd12973fbcf,artifact/upstream-validation/results/independent_recheck.json,EXECUTED,24 exact-source parser observations in strict_parent_links mode; source blobs bound to the named public commit and parent.
FINITE-SUMMARY,FINITE_AGGREGATE,,,,,./artifact/run_all.sh,"{""clang"": ""clang version 17.0.0 (https://github.com/swiftlang/llvm-project.git 10999b6d034fe318f3d56c83bddb6572593a8bb0)"", ""gcc"": ""gcc (Debian 14.2.0-19) 14.2.0"", ""machine"": ""x86_64"", ""platform"": ""Linux-6.18.44-x86_64-with-glibc2.41"", ""python"": ""3.13.5"", ""system"": ""Linux""}",,artifact/results/summary.json,d4b5f8cfdc9558ebef31b0cbfb3810a77382afc2187db28f59c833563afe5fd2,artifact/results/summary.json,d4b5f8cfdc9558ebef31b0cbfb3810a77382afc2187db28f59c833563afe5fd2,artifact/results/independent_recheck.json,VERIFIED,Frozen aggregate or audit surface.
FINITE-RECHECK,FINITE_INDEPENDENT_RECHECK,,,,,./artifact/run_all.sh,"{""clang"": ""clang version 17.0.0 (https://github.com/swiftlang/llvm-project.git 10999b6d034fe318f3d56c83bddb6572593a8bb0)"", ""gcc"": ""gcc (Debian 14.2.0-19) 14.2.0"", ""machine"": ""x86_64"", ""platform"": ""Linux-6.18.44-x86_64-with-glibc2.41"", ""python"": ""3.13.5"", ""system"": ""Linux""}",,artifact/results/independent_recheck.json,bc711a85743fcdf52c59cc393857596d32ec3f805460f97f5a70f87158645044,artifact/results/independent_recheck.json,bc711a85743fcdf52c59cc393857596d32ec3f805460f97f5a70f87158645044,artifact/results/independent_recheck.json,VERIFIED,Frozen aggregate or audit surface.
PROJECT-SUMMARY,PROJECT_AGGREGATE,,,,,./artifact/run_all.sh,"{""clang"": ""clang version 17.0.0 (https://github.com/swiftlang/llvm-project.git 10999b6d034fe318f3d56c83bddb6572593a8bb0)"", ""gcc"": ""gcc (Debian 14.2.0-19) 14.2.0"", ""machine"": ""x86_64"", ""platform"": ""Linux-6.18.44-x86_64-with-glibc2.41"", ""python"": ""3.13.5"", ""system"": ""Linux""}",,artifact/commit-replay/results/summary.json,ab68b73465e34501ac9141c293998fb36555ef6f31bd16bda9f7a1f64c7c4445,artifact/commit-replay/results/summary.json,ab68b73465e34501ac9141c293998fb36555ef6f31bd16bda9f7a1f64c7c4445,artifact/commit-replay/results/independent_recheck.json,VERIFIED,Frozen aggregate or audit surface.
PROJECT-RECHECK,PROJECT_INDEPENDENT_RECHECK,,,,,./artifact/run_all.sh,"{""clang"": ""clang version 17.0.0 (https://github.com/swiftlang/llvm-project.git 10999b6d034fe318f3d56c83bddb6572593a8bb0)"", ""gcc"": ""gcc (Debian 14.2.0-19) 14.2.0"", ""machine"": ""x86_64"", ""platform"": ""Linux-6.18.44-x86_64-with-glibc2.41"", ""python"": ""3.13.5"", ""system"": ""Linux""}",,artifact/commit-replay/results/independent_recheck.json,c6da7abe2904d38a88b87ae440adce48fcdc8e6a9a13bdf9528b70b243b30295,artifact/commit-replay/results/independent_recheck.json,c6da7abe2904d38a88b87ae440adce48fcdc8e6a9a13bdf9528b70b243b30295,artifact/commit-replay/results/independent_recheck.json,VERIFIED,Frozen aggregate or audit surface.
GATE-SUMMARY,GATE_MODEL_AGGREGATE,,,,,./artifact/run_all.sh,"{""clang"": ""clang version 17.0.0 (https://github.com/swiftlang/llvm-project.git 10999b6d034fe318f3d56c83bddb6572593a8bb0)"", ""gcc"": ""gcc (Debian 14.2.0-19) 14.2.0"", ""machine"": ""x86_64"", ""platform"": ""Linux-6.18.44-x86_64-with-glibc2.41"", ""python"": ""3.13.5"", ""system"": ""Linux""}",,artifact/gate-model/results/summary.json,eb12979bde7d8999fb010ce84f998bd3bec2a5e853d43249edc057efbe821d4f,artifact/gate-model/results/summary.json,eb12979bde7d8999fb010ce84f998bd3bec2a5e853d43249edc057efbe821d4f,artifact/gate-model/results/independent_recheck.json,VERIFIED,Frozen aggregate or audit surface.
GATE-RECHECK,GATE_MODEL_INDEPENDENT_RECHECK,,,,,./artifact/run_all.sh,"{""clang"": ""clang version 17.0.0 (https://github.com/swiftlang/llvm-project.git 10999b6d034fe318f3d56c83bddb6572593a8bb0)"", ""gcc"": ""gcc (Debian 14.2.0-19) 14.2.0"", ""machine"": ""x86_64"", ""platform"": ""Linux-6.18.44-x86_64-with-glibc2.41"", ""python"": ""3.13.5"", ""system"": ""Linux""}",,artifact/gate-model/results/independent_recheck.json,cfebbec9600a9a5beeca7eca058ec9cf57b5836ec71962143d27b6b9ec2ddb68,artifact/gate-model/results/independent_recheck.json,cfebbec9600a9a5beeca7eca058ec9cf57b5836ec71962143d27b6b9ec2ddb68,artifact/gate-model/results/independent_recheck.json,VERIFIED,Frozen aggregate or audit surface.
GATE-ANCESTRY-GRAPHS,GATE_MODEL_GRAPH_FIXTURES,,,,,./artifact/run_all.sh,"{""clang"": ""clang version 17.0.0 (https://github.com/swiftlang/llvm-project.git 10999b6d034fe318f3d56c83bddb6572593a8bb0)"", ""gcc"": ""gcc (Debian 14.2.0-19) 14.2.0"", ""machine"": ""x86_64"", ""platform"": ""Linux-6.18.44-x86_64-with-glibc2.41"", ""python"": ""3.13.5"", ""system"": ""Linux""}",,artifact/gate-model/results/ancestry_graphs.json,fe49db52a4d7680e6899ad6aa951a630e7ce8bb9e6e3e5fcde4b879ce649dfce,artifact/gate-model/results/ancestry_graphs.json,fe49db52a4d7680e6899ad6aa951a630e7ce8bb9e6e3e5fcde4b879ce649dfce,artifact/gate-model/results/independent_recheck.json,VERIFIED,Frozen aggregate or audit surface.
COMBINED-SUMMARY,COMBINED_AGGREGATE,,,,,./artifact/run_all.sh,"{""clang"": ""clang version 17.0.0 (https://github.com/swiftlang/llvm-project.git 10999b6d034fe318f3d56c83bddb6572593a8bb0)"", ""gcc"": ""gcc (Debian 14.2.0-19) 14.2.0"", ""machine"": ""x86_64"", ""platform"": ""Linux-6.18.44-x86_64-with-glibc2.41"", ""python"": ""3.13.5"", ""system"": ""Linux""}",,artifact/results/combined_summary.json,256699ca48321d28600887d385f1e0cce8160110a260ab43b847d07ab9f7cf44,artifact/results/combined_summary.json,256699ca48321d28600887d385f1e0cce8160110a260ab43b847d07ab9f7cf44,artifact/gate-model/results/independent_recheck.json; artifact/results/independent_recheck.json; artifact/commit-replay/results/independent_recheck.json,VERIFIED,Frozen aggregate or audit surface.
UPSTREAM-SUMMARY,UPSTREAM_VALIDATION_AGGREGATE,,,,,./artifact/run_all.sh,"{""clang"": ""clang version 17.0.0 (https://github.com/swiftlang/llvm-project.git 10999b6d034fe318f3d56c83bddb6572593a8bb0)"", ""gcc"": ""gcc (Debian 14.2.0-19) 14.2.0"", ""machine"": ""x86_64"", ""platform"": ""Linux-6.18.44-x86_64-with-glibc2.41"", ""python"": ""3.13.5"", ""system"": ""Linux""}",,artifact/upstream-validation/results/summary.json,8b5d18c6f71f0ad3274a7a7587261aba49cc3ebb869dac8c66f7a4fd72f3e653,artifact/upstream-validation/results/summary.json,8b5d18c6f71f0ad3274a7a7587261aba49cc3ebb869dac8c66f7a4fd72f3e653,artifact/upstream-validation/results/independent_recheck.json,VERIFIED,Frozen aggregate or audit surface.
UPSTREAM-RECHECK,UPSTREAM_VALIDATION_INDEPENDENT_RECHECK,,,,,./artifact/run_all.sh,"{""clang"": ""clang version 17.0.0 (https://github.com/swiftlang/llvm-project.git 10999b6d034fe318f3d56c83bddb6572593a8bb0)"", ""gcc"": ""gcc (Debian 14.2.0-19) 14.2.0"", ""machine"": ""x86_64"", ""platform"": ""Linux-6.18.44-x86_64-with-glibc2.41"", ""python"": ""3.13.5"", ""system"": ""Linux""}",,artifact/upstream-validation/results/independent_recheck.json,3c0096cb68b70e57cfbb926b1d86904fe0d7fd470984ec57e5f9a1e563dabc22,artifact/upstream-validation/results/independent_recheck.json,3c0096cb68b70e57cfbb926b1d86904fe0d7fd470984ec57e5f9a1e563dabc22,artifact/upstream-validation/results/independent_recheck.json,VERIFIED,Frozen aggregate or audit surface.
UPSTREAM-SOURCE-MANIFEST,UPSTREAM_SOURCE_BINDING,,,,,./artifact/run_all.sh,"{""clang"": ""clang version 17.0.0 (https://github.com/swiftlang/llvm-project.git 10999b6d034fe318f3d56c83bddb6572593a8bb0)"", ""gcc"": ""gcc (Debian 14.2.0-19) 14.2.0"", ""machine"": ""x86_64"", ""platform"": ""Linux-6.18.44-x86_64-with-glibc2.41"", ""python"": ""3.13.5"", ""system"": ""Linux""}",,artifact/upstream-validation/source_manifest.json,21900f05b97846e0f56ce049c732426d0cb51cd7efe5483861b09f6c4e76fd87,artifact/upstream-validation/source_manifest.json,21900f05b97846e0f56ce049c732426d0cb51cd7efe5483861b09f6c4e76fd87,artifact/upstream-validation/results/independent_recheck.json,VERIFIED,Frozen aggregate or audit surface.
AUTHOR-LOCK,AUTHOR_METADATA,,,,,./artifact/run_all.sh,"{""clang"": ""clang version 17.0.0 (https://github.com/swiftlang/llvm-project.git 10999b6d034fe318f3d56c83bddb6572593a8bb0)"", ""gcc"": ""gcc (Debian 14.2.0-19) 14.2.0"", ""machine"": ""x86_64"", ""platform"": ""Linux-6.18.44-x86_64-with-glibc2.41"", ""python"": ""3.13.5"", ""system"": ""Linux""}",,paper/author_metadata_lock.json,355a6425d5b352b8b031ee1e4ce9b308ed4ed9af55cd4ff031cbbf0f7a000d72,paper/author_metadata_lock.json,355a6425d5b352b8b031ee1e4ce9b308ed4ed9af55cd4ff031cbbf0f7a000d72,paper/author_metadata_audit.json,VERIFIED,Frozen aggregate or audit surface.
AUTHOR-AUDIT,AUTHOR_METADATA_AUDIT,,,,,./artifact/run_all.sh,"{""clang"": ""clang version 17.0.0 (https://github.com/swiftlang/llvm-project.git 10999b6d034fe318f3d56c83bddb6572593a8bb0)"", ""gcc"": ""gcc (Debian 14.2.0-19) 14.2.0"", ""machine"": ""x86_64"", ""platform"": ""Linux-6.18.44-x86_64-with-glibc2.41"", ""python"": ""3.13.5"", ""system"": ""Linux""}",,paper/author_metadata_audit.json,884b895a341f0279726b1ae6bbb358e67f95470e852b0719d8db4ed53de629dc,paper/author_metadata_audit.json,884b895a341f0279726b1ae6bbb358e67f95470e852b0719d8db4ed53de629dc,paper/author_metadata_audit.json,VERIFIED,Frozen aggregate or audit surface.
REFERENCE-LOCK,REFERENCE_EVIDENCE,,,,,./artifact/run_all.sh,"{""clang"": ""clang version 17.0.0 (https://github.com/swiftlang/llvm-project.git 10999b6d034fe318f3d56c83bddb6572593a8bb0)"", ""gcc"": ""gcc (Debian 14.2.0-19) 14.2.0"", ""machine"": ""x86_64"", ""platform"": ""Linux-6.18.44-x86_64-with-glibc2.41"", ""python"": ""3.13.5"", ""system"": ""Linux""}",,paper/reference_verification_lock.json,07fde4c60ac474a0294f73f2be03cb895d59f6a2d8773ce3f3b3862e384ffac9,paper/reference_verification_lock.json,07fde4c60ac474a0294f73f2be03cb895d59f6a2d8773ce3f3b3862e384ffac9,paper/reference_lock_audit.json,VERIFIED,Frozen aggregate or audit surface.
REFERENCE-AUDIT-TABLE,REFERENCE_METADATA_AND_SUPPORT,,,,,./artifact/run_all.sh,"{""clang"": ""clang version 17.0.0 (https://github.com/swiftlang/llvm-project.git 10999b6d034fe318f3d56c83bddb6572593a8bb0)"", ""gcc"": ""gcc (Debian 14.2.0-19) 14.2.0"", ""machine"": ""x86_64"", ""platform"": ""Linux-6.18.44-x86_64-with-glibc2.41"", ""python"": ""3.13.5"", ""system"": ""Linux""}",,paper/reference_audit.csv,69fcc22f09664fb3ea2da26e535543cad0b48c8e74e7a1901f858ce3d1bc4f60,paper/reference_audit.csv,69fcc22f09664fb3ea2da26e535543cad0b48c8e74e7a1901f858ce3d1bc4f60,paper/reference_lock_audit.json,VERIFIED,Frozen aggregate or audit surface.
REFERENCE-AUDIT,REFERENCE_METADATA_AND_SUPPORT_AUDIT,,,,,./artifact/run_all.sh,"{""clang"": ""clang version 17.0.0 (https://github.com/swiftlang/llvm-project.git 10999b6d034fe318f3d56c83bddb6572593a8bb0)"", ""gcc"": ""gcc (Debian 14.2.0-19) 14.2.0"", ""machine"": ""x86_64"", ""platform"": ""Linux-6.18.44-x86_64-with-glibc2.41"", ""python"": ""3.13.5"", ""system"": ""Linux""}",,paper/reference_audit.json,1fba8375731a0f63c68020d6621c7d38f4a27379fb8b719de6ff5465fd2b4811,paper/reference_audit.json,1fba8375731a0f63c68020d6621c7d38f4a27379fb8b719de6ff5465fd2b4811,paper/reference_lock_audit.json,VERIFIED,Frozen aggregate or audit surface.
REFERENCE-CROSSCHECK,REFERENCE_INTERNAL_CONSISTENCY,,,,,./artifact/run_all.sh,"{""clang"": ""clang version 17.0.0 (https://github.com/swiftlang/llvm-project.git 10999b6d034fe318f3d56c83bddb6572593a8bb0)"", ""gcc"": ""gcc (Debian 14.2.0-19) 14.2.0"", ""machine"": ""x86_64"", ""platform"": ""Linux-6.18.44-x86_64-with-glibc2.41"", ""python"": ""3.13.5"", ""system"": ""Linux""}",,paper/reference_crosscheck.json,e6e2032528d252208d3fd97a18d30df20c8ea3a7b6e10d823071bb8777592056,paper/reference_crosscheck.json,e6e2032528d252208d3fd97a18d30df20c8ea3a7b6e10d823071bb8777592056,paper/reference_lock_audit.json,VERIFIED,Frozen aggregate or audit surface.
REFERENCE-TARGET,REFERENCE_CALIBRATION,,,,,./artifact/run_all.sh,"{""clang"": ""clang version 17.0.0 (https://github.com/swiftlang/llvm-project.git 10999b6d034fe318f3d56c83bddb6572593a8bb0)"", ""gcc"": ""gcc (Debian 14.2.0-19) 14.2.0"", ""machine"": ""x86_64"", ""platform"": ""Linux-6.18.44-x86_64-with-glibc2.41"", ""python"": ""3.13.5"", ""system"": ""Linux""}",,paper/reference_target_lock.json,e6d14abaa5ac780405341e16bca9f35c23ca5757f88b9b3f2862e375ea4a16da,paper/reference_target_lock.json,e6d14abaa5ac780405341e16bca9f35c23ca5757f88b9b3f2862e375ea4a16da,paper/reference_lock_audit.json,VERIFIED,Frozen aggregate or audit surface.
PAPER-PDF,FORMATTED_MANUSCRIPT,,,,,./artifact/run_all.sh,"{""clang"": ""clang version 17.0.0 (https://github.com/swiftlang/llvm-project.git 10999b6d034fe318f3d56c83bddb6572593a8bb0)"", ""gcc"": ""gcc (Debian 14.2.0-19) 14.2.0"", ""machine"": ""x86_64"", ""platform"": ""Linux-6.18.44-x86_64-with-glibc2.41"", ""python"": ""3.13.5"", ""system"": ""Linux""}",,paper/main.pdf,469467dfe80baf4a3b474dc3e2395230295b0d153877055d8ee549340e6d2fc4,paper/main.pdf,469467dfe80baf4a3b474dc3e2395230295b0d153877055d8ee549340e6d2fc4,paper/compile_audit.json,VERIFIED,Frozen aggregate or audit surface.
PAPER-CITATION-AUDIT,MANUSCRIPT_AUDIT,,,,,./artifact/run_all.sh,"{""clang"": ""clang version 17.0.0 (https://github.com/swiftlang/llvm-project.git 10999b6d034fe318f3d56c83bddb6572593a8bb0)"", ""gcc"": ""gcc (Debian 14.2.0-19) 14.2.0"", ""machine"": ""x86_64"", ""platform"": ""Linux-6.18.44-x86_64-with-glibc2.41"", ""python"": ""3.13.5"", ""system"": ""Linux""}",,paper/citation_shape_audit.json,42272ecbcf4bfc51da00178381eb6ceeb67e4716105dbc3cdb0d1b17c6a08669,paper/citation_shape_audit.json,42272ecbcf4bfc51da00178381eb6ceeb67e4716105dbc3cdb0d1b17c6a08669,paper/reference_lock_audit.json,VERIFIED,Frozen aggregate or audit surface.
PAPER-CONSISTENCY-AUDIT,MANUSCRIPT_AUDIT,,,,,./artifact/run_all.sh,"{""clang"": ""clang version 17.0.0 (https://github.com/swiftlang/llvm-project.git 10999b6d034fe318f3d56c83bddb6572593a8bb0)"", ""gcc"": ""gcc (Debian 14.2.0-19) 14.2.0"", ""machine"": ""x86_64"", ""platform"": ""Linux-6.18.44-x86_64-with-glibc2.41"", ""python"": ""3.13.5"", ""system"": ""Linux""}",,paper/manuscript_consistency_audit.json,823e25d69261451bb98313f2c1f177b995f5f96784e2bb3ec31aa426c11a4505,paper/manuscript_consistency_audit.json,823e25d69261451bb98313f2c1f177b995f5f96784e2bb3ec31aa426c11a4505,paper/manuscript_consistency_audit.json,VERIFIED,Frozen aggregate or audit surface.
PAPER-LEXICAL-AUDIT,MANUSCRIPT_AUDIT,,,,,./artifact/run_all.sh,"{""clang"": ""clang version 17.0.0 (https://github.com/swiftlang/llvm-project.git 10999b6d034fe318f3d56c83bddb6572593a8bb0)"", ""gcc"": ""gcc (Debian 14.2.0-19) 14.2.0"", ""machine"": ""x86_64"", ""platform"": ""Linux-6.18.44-x86_64-with-glibc2.41"", ""python"": ""3.13.5"", ""system"": ""Linux""}",,paper/lexical_audit.json,40229c6c806ce59cfada175db6d7862c2da0927bbdb1731691321e427fcb70db,paper/lexical_audit.json,40229c6c806ce59cfada175db6d7862c2da0927bbdb1731691321e427fcb70db,paper/lexical_audit.json,VERIFIED,Frozen aggregate or audit surface.
PAPER-PAGE-FIT,MANUSCRIPT_AUDIT,,,,,./artifact/run_all.sh,"{""clang"": ""clang version 17.0.0 (https://github.com/swiftlang/llvm-project.git 10999b6d034fe318f3d56c83bddb6572593a8bb0)"", ""gcc"": ""gcc (Debian 14.2.0-19) 14.2.0"", ""machine"": ""x86_64"", ""platform"": ""Linux-6.18.44-x86_64-with-glibc2.41"", ""python"": ""3.13.5"", ""system"": ""Linux""}",,paper/page_fit_audit.json,bc5145ae6b185f226401c5672daac64ee41008f4bee7743a6cd882f8e571c0ac,paper/page_fit_audit.json,bc5145ae6b185f226401c5672daac64ee41008f4bee7743a6cd882f8e571c0ac,paper/visual_inspection.json,VERIFIED,Frozen aggregate or audit surface.
RETAINED-OUTPUT-CLOSURE,DELIVERY_EVIDENCE_CLOSURE,,,,,./artifact/run_all.sh,"{""clang"": ""clang version 17.0.0 (https://github.com/swiftlang/llvm-project.git 10999b6d034fe318f3d56c83bddb6572593a8bb0)"", ""gcc"": ""gcc (Debian 14.2.0-19) 14.2.0"", ""machine"": ""x86_64"", ""platform"": ""Linux-6.18.44-x86_64-with-glibc2.41"", ""python"": ""3.13.5"", ""system"": ""Linux""}",,artifact/results/retained_output_closure.json,798df1f9386d0b2cddfcac82203a74292714c300f0904c9035d77d30455534da,artifact/results/retained_output_closure.json,798df1f9386d0b2cddfcac82203a74292714c300f0904c9035d77d30455534da,artifact/results/retained_output_closure.json,VERIFIED,Frozen aggregate or audit surface.
ENTRYPOINT-PATH-SMOKE,CLEAN_ROOT_ENTRYPOINT_SMOKE,,,,,./artifact/run_all.sh,"{""clang"": ""clang version 17.0.0 (https://github.com/swiftlang/llvm-project.git 10999b6d034fe318f3d56c83bddb6572593a8bb0)"", ""gcc"": ""gcc (Debian 14.2.0-19) 14.2.0"", ""machine"": ""x86_64"", ""platform"": ""Linux-6.18.44-x86_64-with-glibc2.41"", ""python"": ""3.13.5"", ""system"": ""Linux""}",,artifact/results/entrypoint_path_smoke.json,e7762450b05cff81e27ff22d68cbfbd99083b0762e3c14cb25902b9f834e2dc9,artifact/results/entrypoint_path_smoke.json,e7762450b05cff81e27ff22d68cbfbd99083b0762e3c14cb25902b9f834e2dc9,artifact/results/entrypoint_path_smoke.json,VERIFIED,Frozen aggregate or audit surface.
FINITE-HAMMING-EDGE-CASES,HAMMING_EDGE_CASE_ENUMERATION,,,,,./artifact/run_all.sh,"{""clang"": ""clang version 17.0.0 (https://github.com/swiftlang/llvm-project.git 10999b6d034fe318f3d56c83bddb6572593a8bb0)"", ""gcc"": ""gcc (Debian 14.2.0-19) 14.2.0"", ""machine"": ""x86_64"", ""platform"": ""Linux-6.18.44-x86_64-with-glibc2.41"", ""python"": ""3.13.5"", ""system"": ""Linux""}",,artifact/results/hamming_edge_cases.json,7849bfbdabf44bd5ea1edab4365bc4d39d00480a28463dfd4ab22590ba52307e,artifact/results/hamming_edge_cases.json,7849bfbdabf44bd5ea1edab4365bc4d39d00480a28463dfd4ab22590ba52307e,artifact/results/independent_recheck.json,VERIFIED,Frozen aggregate or audit surface.
FINITE-RELATION-BOUNDARIES,RELATION_FIRST_AND_AVAILABILITY_BOUNDARIES,,,,,./artifact/run_all.sh,"{""clang"": ""clang version 17.0.0 (https://github.com/swiftlang/llvm-project.git 10999b6d034fe318f3d56c83bddb6572593a8bb0)"", ""gcc"": ""gcc (Debian 14.2.0-19) 14.2.0"", ""machine"": ""x86_64"", ""platform"": ""Linux-6.18.44-x86_64-with-glibc2.41"", ""python"": ""3.13.5"", ""system"": ""Linux""}",,artifact/results/relation_decision_boundaries.json,75be42d7004814d13f58e294af25af7f03756ceb58f33223ec9ef9a27d98e626,artifact/results/relation_decision_boundaries.json,75be42d7004814d13f58e294af25af7f03756ceb58f33223ec9ef9a27d98e626,artifact/results/independent_recheck.json,VERIFIED,Frozen aggregate or audit surface.
FINITE-STATIC-POLICY-PROJECTION,STATIC_DUAL_POLICY_PROJECTION,,,,,./artifact/run_all.sh,"{""clang"": ""clang version 17.0.0 (https://github.com/swiftlang/llvm-project.git 10999b6d034fe318f3d56c83bddb6572593a8bb0)"", ""gcc"": ""gcc (Debian 14.2.0-19) 14.2.0"", ""machine"": ""x86_64"", ""platform"": ""Linux-6.18.44-x86_64-with-glibc2.41"", ""python"": ""3.13.5"", ""system"": ""Linux""}",,artifact/policies/bridge/fnv_step-threshold-25-bridge.json,77b931de7f1ab9328d14fea72034b2e41ab79a0b3d2b8bc203decb550bc9ef07,artifact/policies/bridge/fnv_step-threshold-25-bridge.json,77b931de7f1ab9328d14fea72034b2e41ab79a0b3d2b8bc203decb550bc9ef07,artifact/results/independent_recheck.json,VERIFIED,Frozen aggregate or audit surface.
PROJECT-RELATION-BOUNDARIES,RELATION_FIRST_AND_AVAILABILITY_BOUNDARIES,,,,,./artifact/run_all.sh,"{""clang"": ""clang version 17.0.0 (https://github.com/swiftlang/llvm-project.git 10999b6d034fe318f3d56c83bddb6572593a8bb0)"", ""gcc"": ""gcc (Debian 14.2.0-19) 14.2.0"", ""machine"": ""x86_64"", ""platform"": ""Linux-6.18.44-x86_64-with-glibc2.41"", ""python"": ""3.13.5"", ""system"": ""Linux""}",,artifact/commit-replay/results/relation_decision_boundaries.json,0200998a048e90e0354a1fabd41adc48200b0cb1e41b2e31ce0b555201dee54c,artifact/commit-replay/results/relation_decision_boundaries.json,0200998a048e90e0354a1fabd41adc48200b0cb1e41b2e31ce0b555201dee54c,artifact/commit-replay/results/independent_recheck.json,VERIFIED,Frozen aggregate or audit surface.
PROJECT-SOURCE-PARSER-SECURITY,LEXICAL_SOURCE_PARSER_SECURITY,,,,,./artifact/run_all.sh,"{""clang"": ""clang version 17.0.0 (https://github.com/swiftlang/llvm-project.git 10999b6d034fe318f3d56c83bddb6572593a8bb0)"", ""gcc"": ""gcc (Debian 14.2.0-19) 14.2.0"", ""machine"": ""x86_64"", ""platform"": ""Linux-6.18.44-x86_64-with-glibc2.41"", ""python"": ""3.13.5"", ""system"": ""Linux""}",,artifact/commit-replay/results/source_parser_security.json,2c4c0bf8463f1b92fd987055c573d93bdd2eb50763ae80817548045c0c17b73f,artifact/commit-replay/results/source_parser_security.json,2c4c0bf8463f1b92fd987055c573d93bdd2eb50763ae80817548045c0c17b73f,artifact/commit-replay/results/independent_recheck.json,VERIFIED,Frozen aggregate or audit surface.
