kernel,variant,parent,compiler,optimization,compile_status,behavior_match,first_mismatch_x,first_mismatch_y,payload_status,payload_match,errors,erasures,traceability,source_carriers_present,assembly_carriers_retained,assembly_retention,certificate_sha256
fnv_step,baseline,,gcc,-O0,EXECUTED,True,,,CERTIFIED_UNIQUE,True,0,0,1.0,28,0,0.0,9af81194b2f5b9d529a661bf790cc371295135905ba7f1158d05c257f505aea1
fnv_step,baseline,,gcc,-O2,EXECUTED,True,,,CERTIFIED_UNIQUE,True,0,0,1.0,28,0,0.0,9af81194b2f5b9d529a661bf790cc371295135905ba7f1158d05c257f505aea1
fnv_step,baseline,,clang,-O0,EXECUTED,True,,,CERTIFIED_UNIQUE,True,0,0,1.0,28,28,1.0,9af81194b2f5b9d529a661bf790cc371295135905ba7f1158d05c257f505aea1
fnv_step,baseline,,clang,-O2,EXECUTED,True,,,CERTIFIED_UNIQUE,True,0,0,1.0,28,0,0.0,9af81194b2f5b9d529a661bf790cc371295135905ba7f1158d05c257f505aea1
fnv_step,rename,baseline,gcc,-O0,EXECUTED,True,,,CERTIFIED_UNIQUE,True,0,0,1.0,28,0,0.0,ececee3692653d5dd83527532128cde909e430d7eab5eefcf2fdba26911a31f5
fnv_step,rename,baseline,gcc,-O2,EXECUTED,True,,,CERTIFIED_UNIQUE,True,0,0,1.0,28,0,0.0,ececee3692653d5dd83527532128cde909e430d7eab5eefcf2fdba26911a31f5
fnv_step,rename,baseline,clang,-O0,EXECUTED,True,,,CERTIFIED_UNIQUE,True,0,0,1.0,28,28,1.0,ececee3692653d5dd83527532128cde909e430d7eab5eefcf2fdba26911a31f5
fnv_step,rename,baseline,clang,-O2,EXECUTED,True,,,CERTIFIED_UNIQUE,True,0,0,1.0,28,0,0.0,ececee3692653d5dd83527532128cde909e430d7eab5eefcf2fdba26911a31f5
fnv_step,reorder,rename,gcc,-O0,EXECUTED,True,,,CERTIFIED_UNIQUE,True,0,0,1.0,28,0,0.0,0cbbc09b266eafaa2a3149c29d47f3c3980c4212ff1291ef1fd63e949018a532
fnv_step,reorder,rename,gcc,-O2,EXECUTED,True,,,CERTIFIED_UNIQUE,True,0,0,1.0,28,0,0.0,0cbbc09b266eafaa2a3149c29d47f3c3980c4212ff1291ef1fd63e949018a532
fnv_step,reorder,rename,clang,-O0,EXECUTED,True,,,CERTIFIED_UNIQUE,True,0,0,1.0,28,28,1.0,0cbbc09b266eafaa2a3149c29d47f3c3980c4212ff1291ef1fd63e949018a532
fnv_step,reorder,rename,clang,-O2,EXECUTED,True,,,CERTIFIED_UNIQUE,True,0,0,1.0,28,0,0.0,0cbbc09b266eafaa2a3149c29d47f3c3980c4212ff1291ef1fd63e949018a532
fnv_step,extract,reorder,gcc,-O0,EXECUTED,True,,,CERTIFIED_UNIQUE,True,0,0,1.0,28,28,1.0,f6bb9c4a4dd18f200f6d1437273bf87db840249ae524d36a6d6556d2f106823b
fnv_step,extract,reorder,gcc,-O2,EXECUTED,True,,,CERTIFIED_UNIQUE,True,0,0,1.0,28,0,0.0,f6bb9c4a4dd18f200f6d1437273bf87db840249ae524d36a6d6556d2f106823b
fnv_step,extract,reorder,clang,-O0,EXECUTED,True,,,CERTIFIED_UNIQUE,True,0,0,1.0,28,28,1.0,f6bb9c4a4dd18f200f6d1437273bf87db840249ae524d36a6d6556d2f106823b
fnv_step,extract,reorder,clang,-O2,EXECUTED,True,,,CERTIFIED_UNIQUE,True,0,0,1.0,28,0,0.0,f6bb9c4a4dd18f200f6d1437273bf87db840249ae524d36a6d6556d2f106823b
fnv_step,dependency_upgrade,extract,gcc,-O0,EXECUTED,True,,,CERTIFIED_UNIQUE,True,0,0,1.0,28,28,1.0,853b6e8a849ce9ae3c7c1c89da2f41642e69ccc69f87bdba6c5060440498a312
fnv_step,dependency_upgrade,extract,gcc,-O2,EXECUTED,True,,,CERTIFIED_UNIQUE,True,0,0,1.0,28,0,0.0,853b6e8a849ce9ae3c7c1c89da2f41642e69ccc69f87bdba6c5060440498a312
fnv_step,dependency_upgrade,extract,clang,-O0,EXECUTED,True,,,CERTIFIED_UNIQUE,True,0,0,1.0,28,28,1.0,853b6e8a849ce9ae3c7c1c89da2f41642e69ccc69f87bdba6c5060440498a312
fnv_step,dependency_upgrade,extract,clang,-O2,EXECUTED,True,,,CERTIFIED_UNIQUE,True,0,0,1.0,28,0,0.0,853b6e8a849ce9ae3c7c1c89da2f41642e69ccc69f87bdba6c5060440498a312
fnv_step,format,dependency_upgrade,gcc,-O0,EXECUTED,True,,,CERTIFIED_UNIQUE,True,0,0,1.0,28,28,1.0,8b4ea0ec40bf3add3fb85178941a1931ec3b98951476f120d7965d5153ff5f8e
fnv_step,format,dependency_upgrade,gcc,-O2,EXECUTED,True,,,CERTIFIED_UNIQUE,True,0,0,1.0,28,0,0.0,8b4ea0ec40bf3add3fb85178941a1931ec3b98951476f120d7965d5153ff5f8e
fnv_step,format,dependency_upgrade,clang,-O0,EXECUTED,True,,,CERTIFIED_UNIQUE,True,0,0,1.0,28,28,1.0,8b4ea0ec40bf3add3fb85178941a1931ec3b98951476f120d7965d5153ff5f8e
fnv_step,format,dependency_upgrade,clang,-O2,EXECUTED,True,,,CERTIFIED_UNIQUE,True,0,0,1.0,28,0,0.0,8b4ea0ec40bf3add3fb85178941a1931ec3b98951476f120d7965d5153ff5f8e
fnv_step,erase_tolerable,dependency_upgrade,gcc,-O0,EXECUTED,True,,,CERTIFIED_UNIQUE,True,0,2,0.9285714285714286,26,26,1.0,27d8dd52e3a1cef2404938875e1f30235fa42d4b42fb965d0e530c688ba729fe
fnv_step,erase_tolerable,dependency_upgrade,gcc,-O2,EXECUTED,True,,,CERTIFIED_UNIQUE,True,0,2,0.9285714285714286,26,0,0.0,27d8dd52e3a1cef2404938875e1f30235fa42d4b42fb965d0e530c688ba729fe
fnv_step,erase_tolerable,dependency_upgrade,clang,-O0,EXECUTED,True,,,CERTIFIED_UNIQUE,True,0,2,0.9285714285714286,26,26,1.0,27d8dd52e3a1cef2404938875e1f30235fa42d4b42fb965d0e530c688ba729fe
fnv_step,erase_tolerable,dependency_upgrade,clang,-O2,EXECUTED,True,,,CERTIFIED_UNIQUE,True,0,2,0.9285714285714286,26,0,0.0,27d8dd52e3a1cef2404938875e1f30235fa42d4b42fb965d0e530c688ba729fe
fnv_step,merge_tolerable,"format,erase_tolerable",gcc,-O0,EXECUTED,True,,,CERTIFIED_UNIQUE,True,0,2,0.9285714285714286,26,26,1.0,2a761b599501bf49c403bace435cddfbe356c74802f5e66ba55f7707782799a2
fnv_step,merge_tolerable,"format,erase_tolerable",gcc,-O2,EXECUTED,True,,,CERTIFIED_UNIQUE,True,0,2,0.9285714285714286,26,0,0.0,2a761b599501bf49c403bace435cddfbe356c74802f5e66ba55f7707782799a2
fnv_step,merge_tolerable,"format,erase_tolerable",clang,-O0,EXECUTED,True,,,CERTIFIED_UNIQUE,True,0,2,0.9285714285714286,26,26,1.0,2a761b599501bf49c403bace435cddfbe356c74802f5e66ba55f7707782799a2
fnv_step,merge_tolerable,"format,erase_tolerable",clang,-O2,EXECUTED,True,,,CERTIFIED_UNIQUE,True,0,2,0.9285714285714286,26,0,0.0,2a761b599501bf49c403bace435cddfbe356c74802f5e66ba55f7707782799a2
fnv_step,flip_tolerable,merge_tolerable,gcc,-O0,EXECUTED,True,,,CERTIFIED_UNIQUE,True,2,2,0.9285714285714286,26,26,1.0,27e3e6993444fd7b90a3b474827ab5c677befdbecd13768c27fc18b383d0f109
fnv_step,flip_tolerable,merge_tolerable,gcc,-O2,EXECUTED,True,,,CERTIFIED_UNIQUE,True,2,2,0.9285714285714286,26,0,0.0,27e3e6993444fd7b90a3b474827ab5c677befdbecd13768c27fc18b383d0f109
fnv_step,flip_tolerable,merge_tolerable,clang,-O0,EXECUTED,True,,,CERTIFIED_UNIQUE,True,2,2,0.9285714285714286,26,26,1.0,27e3e6993444fd7b90a3b474827ab5c677befdbecd13768c27fc18b383d0f109
fnv_step,flip_tolerable,merge_tolerable,clang,-O2,EXECUTED,True,,,CERTIFIED_UNIQUE,True,2,2,0.9285714285714286,26,0,0.0,27e3e6993444fd7b90a3b474827ab5c677befdbecd13768c27fc18b383d0f109
fnv_step,recovery_break,dependency_upgrade,gcc,-O0,EXECUTED,True,,,NOT_CERTIFIED,False,1,1,0.9642857142857143,27,27,1.0,1bf495e56d490affa91d9eaac43fe9e570a2c5ce8ec0b5a2a9aa8859921b063c
fnv_step,recovery_break,dependency_upgrade,gcc,-O2,EXECUTED,True,,,NOT_CERTIFIED,False,1,1,0.9642857142857143,27,0,0.0,1bf495e56d490affa91d9eaac43fe9e570a2c5ce8ec0b5a2a9aa8859921b063c
fnv_step,recovery_break,dependency_upgrade,clang,-O0,EXECUTED,True,,,NOT_CERTIFIED,False,1,1,0.9642857142857143,27,27,1.0,1bf495e56d490affa91d9eaac43fe9e570a2c5ce8ec0b5a2a9aa8859921b063c
fnv_step,recovery_break,dependency_upgrade,clang,-O2,EXECUTED,True,,,NOT_CERTIFIED,False,1,1,0.9642857142857143,27,0,0.0,1bf495e56d490affa91d9eaac43fe9e570a2c5ce8ec0b5a2a9aa8859921b063c
fnv_step,reseed,dependency_upgrade,gcc,-O0,EXECUTED,True,,,CERTIFIED_UNIQUE,True,0,0,0.0,28,28,1.0,00c348dea62272a743d4fa246c05d9eb611d255cfc0b7f2ac629d9569ba3ec4a
fnv_step,reseed,dependency_upgrade,gcc,-O2,EXECUTED,True,,,CERTIFIED_UNIQUE,True,0,0,0.0,28,0,0.0,00c348dea62272a743d4fa246c05d9eb611d255cfc0b7f2ac629d9569ba3ec4a
fnv_step,reseed,dependency_upgrade,clang,-O0,EXECUTED,True,,,CERTIFIED_UNIQUE,True,0,0,0.0,28,28,1.0,00c348dea62272a743d4fa246c05d9eb611d255cfc0b7f2ac629d9569ba3ec4a
fnv_step,reseed,dependency_upgrade,clang,-O2,EXECUTED,True,,,CERTIFIED_UNIQUE,True,0,0,0.0,28,0,0.0,00c348dea62272a743d4fa246c05d9eb611d255cfc0b7f2ac629d9569ba3ec4a
fnv_step,behavior_drift,dependency_upgrade,gcc,-O0,EXECUTED,False,66,153,CERTIFIED_UNIQUE,True,0,0,1.0,28,28,1.0,98cd3d2068b1f934d70b872adbd8d114861975f6c0ce4b2aa00725a87892a743
fnv_step,behavior_drift,dependency_upgrade,gcc,-O2,EXECUTED,False,66,153,CERTIFIED_UNIQUE,True,0,0,1.0,28,0,0.0,98cd3d2068b1f934d70b872adbd8d114861975f6c0ce4b2aa00725a87892a743
fnv_step,behavior_drift,dependency_upgrade,clang,-O0,EXECUTED,False,66,153,CERTIFIED_UNIQUE,True,0,0,1.0,28,28,1.0,98cd3d2068b1f934d70b872adbd8d114861975f6c0ce4b2aa00725a87892a743
fnv_step,behavior_drift,dependency_upgrade,clang,-O2,EXECUTED,False,66,153,CERTIFIED_UNIQUE,True,0,0,1.0,28,0,0.0,98cd3d2068b1f934d70b872adbd8d114861975f6c0ce4b2aa00725a87892a743
jenkins_step,baseline,,gcc,-O0,EXECUTED,True,,,CERTIFIED_UNIQUE,True,0,0,1.0,28,0,0.0,e1085dcb73b577cc7826f18b77ebc32f007a32f783254b9b6721a1c595549bd4
jenkins_step,baseline,,gcc,-O2,EXECUTED,True,,,CERTIFIED_UNIQUE,True,0,0,1.0,28,0,0.0,e1085dcb73b577cc7826f18b77ebc32f007a32f783254b9b6721a1c595549bd4
jenkins_step,baseline,,clang,-O0,EXECUTED,True,,,CERTIFIED_UNIQUE,True,0,0,1.0,28,28,1.0,e1085dcb73b577cc7826f18b77ebc32f007a32f783254b9b6721a1c595549bd4
jenkins_step,baseline,,clang,-O2,EXECUTED,True,,,CERTIFIED_UNIQUE,True,0,0,1.0,28,0,0.0,e1085dcb73b577cc7826f18b77ebc32f007a32f783254b9b6721a1c595549bd4
jenkins_step,rename,baseline,gcc,-O0,EXECUTED,True,,,CERTIFIED_UNIQUE,True,0,0,1.0,28,0,0.0,7e5e9e49143fffbdd37f4f0a865c5aaba77e608182a9e45d078a8ef4f7f55e37
jenkins_step,rename,baseline,gcc,-O2,EXECUTED,True,,,CERTIFIED_UNIQUE,True,0,0,1.0,28,0,0.0,7e5e9e49143fffbdd37f4f0a865c5aaba77e608182a9e45d078a8ef4f7f55e37
jenkins_step,rename,baseline,clang,-O0,EXECUTED,True,,,CERTIFIED_UNIQUE,True,0,0,1.0,28,28,1.0,7e5e9e49143fffbdd37f4f0a865c5aaba77e608182a9e45d078a8ef4f7f55e37
jenkins_step,rename,baseline,clang,-O2,EXECUTED,True,,,CERTIFIED_UNIQUE,True,0,0,1.0,28,0,0.0,7e5e9e49143fffbdd37f4f0a865c5aaba77e608182a9e45d078a8ef4f7f55e37
jenkins_step,reorder,rename,gcc,-O0,EXECUTED,True,,,CERTIFIED_UNIQUE,True,0,0,1.0,28,0,0.0,3ca89932c02554a0b12e62831c79edf78c75fecf975ec8b12b8fb60f2406a1fa
jenkins_step,reorder,rename,gcc,-O2,EXECUTED,True,,,CERTIFIED_UNIQUE,True,0,0,1.0,28,0,0.0,3ca89932c02554a0b12e62831c79edf78c75fecf975ec8b12b8fb60f2406a1fa
jenkins_step,reorder,rename,clang,-O0,EXECUTED,True,,,CERTIFIED_UNIQUE,True,0,0,1.0,28,28,1.0,3ca89932c02554a0b12e62831c79edf78c75fecf975ec8b12b8fb60f2406a1fa
jenkins_step,reorder,rename,clang,-O2,EXECUTED,True,,,CERTIFIED_UNIQUE,True,0,0,1.0,28,0,0.0,3ca89932c02554a0b12e62831c79edf78c75fecf975ec8b12b8fb60f2406a1fa
jenkins_step,extract,reorder,gcc,-O0,EXECUTED,True,,,CERTIFIED_UNIQUE,True,0,0,1.0,28,28,1.0,68051d605aa0efe513556c53ebc8634c807947d9b95dcb248df7aa38e50a02c2
jenkins_step,extract,reorder,gcc,-O2,EXECUTED,True,,,CERTIFIED_UNIQUE,True,0,0,1.0,28,0,0.0,68051d605aa0efe513556c53ebc8634c807947d9b95dcb248df7aa38e50a02c2
jenkins_step,extract,reorder,clang,-O0,EXECUTED,True,,,CERTIFIED_UNIQUE,True,0,0,1.0,28,28,1.0,68051d605aa0efe513556c53ebc8634c807947d9b95dcb248df7aa38e50a02c2
jenkins_step,extract,reorder,clang,-O2,EXECUTED,True,,,CERTIFIED_UNIQUE,True,0,0,1.0,28,0,0.0,68051d605aa0efe513556c53ebc8634c807947d9b95dcb248df7aa38e50a02c2
jenkins_step,dependency_upgrade,extract,gcc,-O0,EXECUTED,True,,,CERTIFIED_UNIQUE,True,0,0,1.0,28,28,1.0,cf3e8be32a6ed9efe2c967c27c64514694abab9281a1378a1062a70f7d8cfbd6
jenkins_step,dependency_upgrade,extract,gcc,-O2,EXECUTED,True,,,CERTIFIED_UNIQUE,True,0,0,1.0,28,0,0.0,cf3e8be32a6ed9efe2c967c27c64514694abab9281a1378a1062a70f7d8cfbd6
jenkins_step,dependency_upgrade,extract,clang,-O0,EXECUTED,True,,,CERTIFIED_UNIQUE,True,0,0,1.0,28,28,1.0,cf3e8be32a6ed9efe2c967c27c64514694abab9281a1378a1062a70f7d8cfbd6
jenkins_step,dependency_upgrade,extract,clang,-O2,EXECUTED,True,,,CERTIFIED_UNIQUE,True,0,0,1.0,28,0,0.0,cf3e8be32a6ed9efe2c967c27c64514694abab9281a1378a1062a70f7d8cfbd6
jenkins_step,format,dependency_upgrade,gcc,-O0,EXECUTED,True,,,CERTIFIED_UNIQUE,True,0,0,1.0,28,28,1.0,3b14d30769bea22f5b4d61ad7599b103b3435ba814c7e9d2f1a0778d20035d5c
jenkins_step,format,dependency_upgrade,gcc,-O2,EXECUTED,True,,,CERTIFIED_UNIQUE,True,0,0,1.0,28,0,0.0,3b14d30769bea22f5b4d61ad7599b103b3435ba814c7e9d2f1a0778d20035d5c
jenkins_step,format,dependency_upgrade,clang,-O0,EXECUTED,True,,,CERTIFIED_UNIQUE,True,0,0,1.0,28,28,1.0,3b14d30769bea22f5b4d61ad7599b103b3435ba814c7e9d2f1a0778d20035d5c
jenkins_step,format,dependency_upgrade,clang,-O2,EXECUTED,True,,,CERTIFIED_UNIQUE,True,0,0,1.0,28,0,0.0,3b14d30769bea22f5b4d61ad7599b103b3435ba814c7e9d2f1a0778d20035d5c
jenkins_step,erase_tolerable,dependency_upgrade,gcc,-O0,EXECUTED,True,,,CERTIFIED_UNIQUE,True,0,2,0.9285714285714286,26,26,1.0,f83f71c6fcc4cc924298436c78b0554e5d46f0d720c2554a1064787e67bce363
jenkins_step,erase_tolerable,dependency_upgrade,gcc,-O2,EXECUTED,True,,,CERTIFIED_UNIQUE,True,0,2,0.9285714285714286,26,0,0.0,f83f71c6fcc4cc924298436c78b0554e5d46f0d720c2554a1064787e67bce363
jenkins_step,erase_tolerable,dependency_upgrade,clang,-O0,EXECUTED,True,,,CERTIFIED_UNIQUE,True,0,2,0.9285714285714286,26,26,1.0,f83f71c6fcc4cc924298436c78b0554e5d46f0d720c2554a1064787e67bce363
jenkins_step,erase_tolerable,dependency_upgrade,clang,-O2,EXECUTED,True,,,CERTIFIED_UNIQUE,True,0,2,0.9285714285714286,26,0,0.0,f83f71c6fcc4cc924298436c78b0554e5d46f0d720c2554a1064787e67bce363
jenkins_step,merge_tolerable,"format,erase_tolerable",gcc,-O0,EXECUTED,True,,,CERTIFIED_UNIQUE,True,0,2,0.9285714285714286,26,26,1.0,91007ed6cd74c7e08f95df7c029d0d76f5b15c49495d8654883a95963a49cb8e
jenkins_step,merge_tolerable,"format,erase_tolerable",gcc,-O2,EXECUTED,True,,,CERTIFIED_UNIQUE,True,0,2,0.9285714285714286,26,0,0.0,91007ed6cd74c7e08f95df7c029d0d76f5b15c49495d8654883a95963a49cb8e
jenkins_step,merge_tolerable,"format,erase_tolerable",clang,-O0,EXECUTED,True,,,CERTIFIED_UNIQUE,True,0,2,0.9285714285714286,26,26,1.0,91007ed6cd74c7e08f95df7c029d0d76f5b15c49495d8654883a95963a49cb8e
jenkins_step,merge_tolerable,"format,erase_tolerable",clang,-O2,EXECUTED,True,,,CERTIFIED_UNIQUE,True,0,2,0.9285714285714286,26,0,0.0,91007ed6cd74c7e08f95df7c029d0d76f5b15c49495d8654883a95963a49cb8e
jenkins_step,flip_tolerable,merge_tolerable,gcc,-O0,EXECUTED,True,,,CERTIFIED_UNIQUE,True,2,2,0.9285714285714286,26,26,1.0,e1e2bb997579fccc8213446015b3eefcf537628a5c6239d3ed1113b77bc1c2fb
jenkins_step,flip_tolerable,merge_tolerable,gcc,-O2,EXECUTED,True,,,CERTIFIED_UNIQUE,True,2,2,0.9285714285714286,26,0,0.0,e1e2bb997579fccc8213446015b3eefcf537628a5c6239d3ed1113b77bc1c2fb
jenkins_step,flip_tolerable,merge_tolerable,clang,-O0,EXECUTED,True,,,CERTIFIED_UNIQUE,True,2,2,0.9285714285714286,26,26,1.0,e1e2bb997579fccc8213446015b3eefcf537628a5c6239d3ed1113b77bc1c2fb
jenkins_step,flip_tolerable,merge_tolerable,clang,-O2,EXECUTED,True,,,CERTIFIED_UNIQUE,True,2,2,0.9285714285714286,26,0,0.0,e1e2bb997579fccc8213446015b3eefcf537628a5c6239d3ed1113b77bc1c2fb
jenkins_step,recovery_break,dependency_upgrade,gcc,-O0,EXECUTED,True,,,NOT_CERTIFIED,False,1,1,0.9642857142857143,27,27,1.0,2db495fa2f51d648276c9022f948a578095980c4d5dacb994df3f6e8dfc9cf98
jenkins_step,recovery_break,dependency_upgrade,gcc,-O2,EXECUTED,True,,,NOT_CERTIFIED,False,1,1,0.9642857142857143,27,0,0.0,2db495fa2f51d648276c9022f948a578095980c4d5dacb994df3f6e8dfc9cf98
jenkins_step,recovery_break,dependency_upgrade,clang,-O0,EXECUTED,True,,,NOT_CERTIFIED,False,1,1,0.9642857142857143,27,27,1.0,2db495fa2f51d648276c9022f948a578095980c4d5dacb994df3f6e8dfc9cf98
jenkins_step,recovery_break,dependency_upgrade,clang,-O2,EXECUTED,True,,,NOT_CERTIFIED,False,1,1,0.9642857142857143,27,0,0.0,2db495fa2f51d648276c9022f948a578095980c4d5dacb994df3f6e8dfc9cf98
jenkins_step,reseed,dependency_upgrade,gcc,-O0,EXECUTED,True,,,CERTIFIED_UNIQUE,True,0,0,0.0,28,28,1.0,672ed5cdca097f3580ca4cd608e8f826eb2ea22059c3f0b8229a5eb1186a9e56
jenkins_step,reseed,dependency_upgrade,gcc,-O2,EXECUTED,True,,,CERTIFIED_UNIQUE,True,0,0,0.0,28,0,0.0,672ed5cdca097f3580ca4cd608e8f826eb2ea22059c3f0b8229a5eb1186a9e56
jenkins_step,reseed,dependency_upgrade,clang,-O0,EXECUTED,True,,,CERTIFIED_UNIQUE,True,0,0,0.0,28,28,1.0,672ed5cdca097f3580ca4cd608e8f826eb2ea22059c3f0b8229a5eb1186a9e56
jenkins_step,reseed,dependency_upgrade,clang,-O2,EXECUTED,True,,,CERTIFIED_UNIQUE,True,0,0,0.0,28,0,0.0,672ed5cdca097f3580ca4cd608e8f826eb2ea22059c3f0b8229a5eb1186a9e56
jenkins_step,behavior_drift,dependency_upgrade,gcc,-O0,EXECUTED,False,66,153,CERTIFIED_UNIQUE,True,0,0,1.0,28,28,1.0,0ec0b46019e2df7bfabd7d546d117b5b2c68f7fd07033646cba3a11592324137
jenkins_step,behavior_drift,dependency_upgrade,gcc,-O2,EXECUTED,False,66,153,CERTIFIED_UNIQUE,True,0,0,1.0,28,0,0.0,0ec0b46019e2df7bfabd7d546d117b5b2c68f7fd07033646cba3a11592324137
jenkins_step,behavior_drift,dependency_upgrade,clang,-O0,EXECUTED,False,66,153,CERTIFIED_UNIQUE,True,0,0,1.0,28,28,1.0,0ec0b46019e2df7bfabd7d546d117b5b2c68f7fd07033646cba3a11592324137
jenkins_step,behavior_drift,dependency_upgrade,clang,-O2,EXECUTED,False,66,153,CERTIFIED_UNIQUE,True,0,0,1.0,28,0,0.0,0ec0b46019e2df7bfabd7d546d117b5b2c68f7fd07033646cba3a11592324137
crc8_step,baseline,,gcc,-O0,EXECUTED,True,,,CERTIFIED_UNIQUE,True,0,0,1.0,28,0,0.0,4a910fd0b2c2c296e4d22b6a496a64500c084ed588497f7a09f5c24daddaa8ec
crc8_step,baseline,,gcc,-O2,EXECUTED,True,,,CERTIFIED_UNIQUE,True,0,0,1.0,28,0,0.0,4a910fd0b2c2c296e4d22b6a496a64500c084ed588497f7a09f5c24daddaa8ec
crc8_step,baseline,,clang,-O0,EXECUTED,True,,,CERTIFIED_UNIQUE,True,0,0,1.0,28,28,1.0,4a910fd0b2c2c296e4d22b6a496a64500c084ed588497f7a09f5c24daddaa8ec
crc8_step,baseline,,clang,-O2,EXECUTED,True,,,CERTIFIED_UNIQUE,True,0,0,1.0,28,0,0.0,4a910fd0b2c2c296e4d22b6a496a64500c084ed588497f7a09f5c24daddaa8ec
crc8_step,rename,baseline,gcc,-O0,EXECUTED,True,,,CERTIFIED_UNIQUE,True,0,0,1.0,28,0,0.0,6cbef9c0ae51a1f88b400b086450be5021cad907c5e8a46292e04fdcb7d1f14d
crc8_step,rename,baseline,gcc,-O2,EXECUTED,True,,,CERTIFIED_UNIQUE,True,0,0,1.0,28,0,0.0,6cbef9c0ae51a1f88b400b086450be5021cad907c5e8a46292e04fdcb7d1f14d
crc8_step,rename,baseline,clang,-O0,EXECUTED,True,,,CERTIFIED_UNIQUE,True,0,0,1.0,28,28,1.0,6cbef9c0ae51a1f88b400b086450be5021cad907c5e8a46292e04fdcb7d1f14d
crc8_step,rename,baseline,clang,-O2,EXECUTED,True,,,CERTIFIED_UNIQUE,True,0,0,1.0,28,0,0.0,6cbef9c0ae51a1f88b400b086450be5021cad907c5e8a46292e04fdcb7d1f14d
crc8_step,reorder,rename,gcc,-O0,EXECUTED,True,,,CERTIFIED_UNIQUE,True,0,0,1.0,28,0,0.0,32acdca74ec692911e460e3f726c2bf8dfbac14290162f7c0739db7e90abfdce
crc8_step,reorder,rename,gcc,-O2,EXECUTED,True,,,CERTIFIED_UNIQUE,True,0,0,1.0,28,0,0.0,32acdca74ec692911e460e3f726c2bf8dfbac14290162f7c0739db7e90abfdce
crc8_step,reorder,rename,clang,-O0,EXECUTED,True,,,CERTIFIED_UNIQUE,True,0,0,1.0,28,28,1.0,32acdca74ec692911e460e3f726c2bf8dfbac14290162f7c0739db7e90abfdce
crc8_step,reorder,rename,clang,-O2,EXECUTED,True,,,CERTIFIED_UNIQUE,True,0,0,1.0,28,0,0.0,32acdca74ec692911e460e3f726c2bf8dfbac14290162f7c0739db7e90abfdce
crc8_step,extract,reorder,gcc,-O0,EXECUTED,True,,,CERTIFIED_UNIQUE,True,0,0,1.0,28,28,1.0,753cad48e12d79e0d8c129b0d8ce31773937060d58c059ea0d93305862aadb46
crc8_step,extract,reorder,gcc,-O2,EXECUTED,True,,,CERTIFIED_UNIQUE,True,0,0,1.0,28,0,0.0,753cad48e12d79e0d8c129b0d8ce31773937060d58c059ea0d93305862aadb46
crc8_step,extract,reorder,clang,-O0,EXECUTED,True,,,CERTIFIED_UNIQUE,True,0,0,1.0,28,28,1.0,753cad48e12d79e0d8c129b0d8ce31773937060d58c059ea0d93305862aadb46
crc8_step,extract,reorder,clang,-O2,EXECUTED,True,,,CERTIFIED_UNIQUE,True,0,0,1.0,28,0,0.0,753cad48e12d79e0d8c129b0d8ce31773937060d58c059ea0d93305862aadb46
crc8_step,dependency_upgrade,extract,gcc,-O0,EXECUTED,True,,,CERTIFIED_UNIQUE,True,0,0,1.0,28,28,1.0,07e727c3b90596c2b5da45a09fb649954a96475fc1397ed65ceae415d9fd7697
crc8_step,dependency_upgrade,extract,gcc,-O2,EXECUTED,True,,,CERTIFIED_UNIQUE,True,0,0,1.0,28,0,0.0,07e727c3b90596c2b5da45a09fb649954a96475fc1397ed65ceae415d9fd7697
crc8_step,dependency_upgrade,extract,clang,-O0,EXECUTED,True,,,CERTIFIED_UNIQUE,True,0,0,1.0,28,28,1.0,07e727c3b90596c2b5da45a09fb649954a96475fc1397ed65ceae415d9fd7697
crc8_step,dependency_upgrade,extract,clang,-O2,EXECUTED,True,,,CERTIFIED_UNIQUE,True,0,0,1.0,28,0,0.0,07e727c3b90596c2b5da45a09fb649954a96475fc1397ed65ceae415d9fd7697
crc8_step,format,dependency_upgrade,gcc,-O0,EXECUTED,True,,,CERTIFIED_UNIQUE,True,0,0,1.0,28,28,1.0,f88ac3eeacd7e26a73790e9815907efb4187383bfb6023c344bbbb8bd56d5518
crc8_step,format,dependency_upgrade,gcc,-O2,EXECUTED,True,,,CERTIFIED_UNIQUE,True,0,0,1.0,28,0,0.0,f88ac3eeacd7e26a73790e9815907efb4187383bfb6023c344bbbb8bd56d5518
crc8_step,format,dependency_upgrade,clang,-O0,EXECUTED,True,,,CERTIFIED_UNIQUE,True,0,0,1.0,28,28,1.0,f88ac3eeacd7e26a73790e9815907efb4187383bfb6023c344bbbb8bd56d5518
crc8_step,format,dependency_upgrade,clang,-O2,EXECUTED,True,,,CERTIFIED_UNIQUE,True,0,0,1.0,28,0,0.0,f88ac3eeacd7e26a73790e9815907efb4187383bfb6023c344bbbb8bd56d5518
crc8_step,erase_tolerable,dependency_upgrade,gcc,-O0,EXECUTED,True,,,CERTIFIED_UNIQUE,True,0,2,0.9285714285714286,26,26,1.0,8c1c29257004770a54c23c649aa71aae3cb22061bda234ed1f5b7c783d3c180f
crc8_step,erase_tolerable,dependency_upgrade,gcc,-O2,EXECUTED,True,,,CERTIFIED_UNIQUE,True,0,2,0.9285714285714286,26,0,0.0,8c1c29257004770a54c23c649aa71aae3cb22061bda234ed1f5b7c783d3c180f
crc8_step,erase_tolerable,dependency_upgrade,clang,-O0,EXECUTED,True,,,CERTIFIED_UNIQUE,True,0,2,0.9285714285714286,26,26,1.0,8c1c29257004770a54c23c649aa71aae3cb22061bda234ed1f5b7c783d3c180f
crc8_step,erase_tolerable,dependency_upgrade,clang,-O2,EXECUTED,True,,,CERTIFIED_UNIQUE,True,0,2,0.9285714285714286,26,0,0.0,8c1c29257004770a54c23c649aa71aae3cb22061bda234ed1f5b7c783d3c180f
crc8_step,merge_tolerable,"format,erase_tolerable",gcc,-O0,EXECUTED,True,,,CERTIFIED_UNIQUE,True,0,2,0.9285714285714286,26,26,1.0,7ce09ad2a898913de6f0aaff7283757896be936768fc725284f55549f948c164
crc8_step,merge_tolerable,"format,erase_tolerable",gcc,-O2,EXECUTED,True,,,CERTIFIED_UNIQUE,True,0,2,0.9285714285714286,26,0,0.0,7ce09ad2a898913de6f0aaff7283757896be936768fc725284f55549f948c164
crc8_step,merge_tolerable,"format,erase_tolerable",clang,-O0,EXECUTED,True,,,CERTIFIED_UNIQUE,True,0,2,0.9285714285714286,26,26,1.0,7ce09ad2a898913de6f0aaff7283757896be936768fc725284f55549f948c164
crc8_step,merge_tolerable,"format,erase_tolerable",clang,-O2,EXECUTED,True,,,CERTIFIED_UNIQUE,True,0,2,0.9285714285714286,26,0,0.0,7ce09ad2a898913de6f0aaff7283757896be936768fc725284f55549f948c164
crc8_step,flip_tolerable,merge_tolerable,gcc,-O0,EXECUTED,True,,,CERTIFIED_UNIQUE,True,2,2,0.9285714285714286,26,26,1.0,c030bc3818ab18f2cc0433a225863b909542f2126747c829847a9169495aa047
crc8_step,flip_tolerable,merge_tolerable,gcc,-O2,EXECUTED,True,,,CERTIFIED_UNIQUE,True,2,2,0.9285714285714286,26,0,0.0,c030bc3818ab18f2cc0433a225863b909542f2126747c829847a9169495aa047
crc8_step,flip_tolerable,merge_tolerable,clang,-O0,EXECUTED,True,,,CERTIFIED_UNIQUE,True,2,2,0.9285714285714286,26,26,1.0,c030bc3818ab18f2cc0433a225863b909542f2126747c829847a9169495aa047
crc8_step,flip_tolerable,merge_tolerable,clang,-O2,EXECUTED,True,,,CERTIFIED_UNIQUE,True,2,2,0.9285714285714286,26,0,0.0,c030bc3818ab18f2cc0433a225863b909542f2126747c829847a9169495aa047
crc8_step,recovery_break,dependency_upgrade,gcc,-O0,EXECUTED,True,,,NOT_CERTIFIED,False,1,1,0.9642857142857143,27,27,1.0,7ac6071d5441456e48f64e35d92adaab28557fa6619c639216dbdfc5e8e22045
crc8_step,recovery_break,dependency_upgrade,gcc,-O2,EXECUTED,True,,,NOT_CERTIFIED,False,1,1,0.9642857142857143,27,0,0.0,7ac6071d5441456e48f64e35d92adaab28557fa6619c639216dbdfc5e8e22045
crc8_step,recovery_break,dependency_upgrade,clang,-O0,EXECUTED,True,,,NOT_CERTIFIED,False,1,1,0.9642857142857143,27,27,1.0,7ac6071d5441456e48f64e35d92adaab28557fa6619c639216dbdfc5e8e22045
crc8_step,recovery_break,dependency_upgrade,clang,-O2,EXECUTED,True,,,NOT_CERTIFIED,False,1,1,0.9642857142857143,27,0,0.0,7ac6071d5441456e48f64e35d92adaab28557fa6619c639216dbdfc5e8e22045
crc8_step,reseed,dependency_upgrade,gcc,-O0,EXECUTED,True,,,CERTIFIED_UNIQUE,True,0,0,0.0,28,28,1.0,a5aa1094a62b70a3a87c6e686cd6262b3204410be0214c56695990ea4b63d6b7
crc8_step,reseed,dependency_upgrade,gcc,-O2,EXECUTED,True,,,CERTIFIED_UNIQUE,True,0,0,0.0,28,0,0.0,a5aa1094a62b70a3a87c6e686cd6262b3204410be0214c56695990ea4b63d6b7
crc8_step,reseed,dependency_upgrade,clang,-O0,EXECUTED,True,,,CERTIFIED_UNIQUE,True,0,0,0.0,28,28,1.0,a5aa1094a62b70a3a87c6e686cd6262b3204410be0214c56695990ea4b63d6b7
crc8_step,reseed,dependency_upgrade,clang,-O2,EXECUTED,True,,,CERTIFIED_UNIQUE,True,0,0,0.0,28,0,0.0,a5aa1094a62b70a3a87c6e686cd6262b3204410be0214c56695990ea4b63d6b7
crc8_step,behavior_drift,dependency_upgrade,gcc,-O0,EXECUTED,False,66,153,CERTIFIED_UNIQUE,True,0,0,1.0,28,28,1.0,f30074255ac83d6dad3d193b18dbe1ea66eed722f15a94a99aefb32c8c5ac969
crc8_step,behavior_drift,dependency_upgrade,gcc,-O2,EXECUTED,False,66,153,CERTIFIED_UNIQUE,True,0,0,1.0,28,0,0.0,f30074255ac83d6dad3d193b18dbe1ea66eed722f15a94a99aefb32c8c5ac969
crc8_step,behavior_drift,dependency_upgrade,clang,-O0,EXECUTED,False,66,153,CERTIFIED_UNIQUE,True,0,0,1.0,28,28,1.0,f30074255ac83d6dad3d193b18dbe1ea66eed722f15a94a99aefb32c8c5ac969
crc8_step,behavior_drift,dependency_upgrade,clang,-O2,EXECUTED,False,66,153,CERTIFIED_UNIQUE,True,0,0,1.0,28,0,0.0,f30074255ac83d6dad3d193b18dbe1ea66eed722f15a94a99aefb32c8c5ac969
fletcher_step,baseline,,gcc,-O0,EXECUTED,True,,,CERTIFIED_UNIQUE,True,0,0,1.0,28,0,0.0,d897f18eb4497ca847e17100278157912e751bc3e3b6ff4979773be150351480
fletcher_step,baseline,,gcc,-O2,EXECUTED,True,,,CERTIFIED_UNIQUE,True,0,0,1.0,28,0,0.0,d897f18eb4497ca847e17100278157912e751bc3e3b6ff4979773be150351480
fletcher_step,baseline,,clang,-O0,EXECUTED,True,,,CERTIFIED_UNIQUE,True,0,0,1.0,28,28,1.0,d897f18eb4497ca847e17100278157912e751bc3e3b6ff4979773be150351480
fletcher_step,baseline,,clang,-O2,EXECUTED,True,,,CERTIFIED_UNIQUE,True,0,0,1.0,28,0,0.0,d897f18eb4497ca847e17100278157912e751bc3e3b6ff4979773be150351480
fletcher_step,rename,baseline,gcc,-O0,EXECUTED,True,,,CERTIFIED_UNIQUE,True,0,0,1.0,28,0,0.0,fc7be50b7e3c556aa172d0defc605f85b21fa6eba11902caf1f2e3ec50487f95
fletcher_step,rename,baseline,gcc,-O2,EXECUTED,True,,,CERTIFIED_UNIQUE,True,0,0,1.0,28,0,0.0,fc7be50b7e3c556aa172d0defc605f85b21fa6eba11902caf1f2e3ec50487f95
fletcher_step,rename,baseline,clang,-O0,EXECUTED,True,,,CERTIFIED_UNIQUE,True,0,0,1.0,28,28,1.0,fc7be50b7e3c556aa172d0defc605f85b21fa6eba11902caf1f2e3ec50487f95
fletcher_step,rename,baseline,clang,-O2,EXECUTED,True,,,CERTIFIED_UNIQUE,True,0,0,1.0,28,0,0.0,fc7be50b7e3c556aa172d0defc605f85b21fa6eba11902caf1f2e3ec50487f95
fletcher_step,reorder,rename,gcc,-O0,EXECUTED,True,,,CERTIFIED_UNIQUE,True,0,0,1.0,28,0,0.0,d5f9d8b4bf1f2a11a9bd5eef73850ae98af3d8ab083c5d3d2bb8d0c44f29b8d0
fletcher_step,reorder,rename,gcc,-O2,EXECUTED,True,,,CERTIFIED_UNIQUE,True,0,0,1.0,28,0,0.0,d5f9d8b4bf1f2a11a9bd5eef73850ae98af3d8ab083c5d3d2bb8d0c44f29b8d0
fletcher_step,reorder,rename,clang,-O0,EXECUTED,True,,,CERTIFIED_UNIQUE,True,0,0,1.0,28,28,1.0,d5f9d8b4bf1f2a11a9bd5eef73850ae98af3d8ab083c5d3d2bb8d0c44f29b8d0
fletcher_step,reorder,rename,clang,-O2,EXECUTED,True,,,CERTIFIED_UNIQUE,True,0,0,1.0,28,0,0.0,d5f9d8b4bf1f2a11a9bd5eef73850ae98af3d8ab083c5d3d2bb8d0c44f29b8d0
fletcher_step,extract,reorder,gcc,-O0,EXECUTED,True,,,CERTIFIED_UNIQUE,True,0,0,1.0,28,28,1.0,ed2f4f26a7ebcffa86c9928eac4c46d6d66c80485b5cd0e29ee3fe477e174c85
fletcher_step,extract,reorder,gcc,-O2,EXECUTED,True,,,CERTIFIED_UNIQUE,True,0,0,1.0,28,0,0.0,ed2f4f26a7ebcffa86c9928eac4c46d6d66c80485b5cd0e29ee3fe477e174c85
fletcher_step,extract,reorder,clang,-O0,EXECUTED,True,,,CERTIFIED_UNIQUE,True,0,0,1.0,28,28,1.0,ed2f4f26a7ebcffa86c9928eac4c46d6d66c80485b5cd0e29ee3fe477e174c85
fletcher_step,extract,reorder,clang,-O2,EXECUTED,True,,,CERTIFIED_UNIQUE,True,0,0,1.0,28,0,0.0,ed2f4f26a7ebcffa86c9928eac4c46d6d66c80485b5cd0e29ee3fe477e174c85
fletcher_step,dependency_upgrade,extract,gcc,-O0,EXECUTED,True,,,CERTIFIED_UNIQUE,True,0,0,1.0,28,28,1.0,49c400c74da047fdb6029fcf627149dab44c4ed3ed0bc5e19f3219844301a242
fletcher_step,dependency_upgrade,extract,gcc,-O2,EXECUTED,True,,,CERTIFIED_UNIQUE,True,0,0,1.0,28,0,0.0,49c400c74da047fdb6029fcf627149dab44c4ed3ed0bc5e19f3219844301a242
fletcher_step,dependency_upgrade,extract,clang,-O0,EXECUTED,True,,,CERTIFIED_UNIQUE,True,0,0,1.0,28,28,1.0,49c400c74da047fdb6029fcf627149dab44c4ed3ed0bc5e19f3219844301a242
fletcher_step,dependency_upgrade,extract,clang,-O2,EXECUTED,True,,,CERTIFIED_UNIQUE,True,0,0,1.0,28,0,0.0,49c400c74da047fdb6029fcf627149dab44c4ed3ed0bc5e19f3219844301a242
fletcher_step,format,dependency_upgrade,gcc,-O0,EXECUTED,True,,,CERTIFIED_UNIQUE,True,0,0,1.0,28,28,1.0,a7e4bd06046e21e8b0a60ce6f6cf58170f0e2b09c2a78d2c3d61bb970425693a
fletcher_step,format,dependency_upgrade,gcc,-O2,EXECUTED,True,,,CERTIFIED_UNIQUE,True,0,0,1.0,28,0,0.0,a7e4bd06046e21e8b0a60ce6f6cf58170f0e2b09c2a78d2c3d61bb970425693a
fletcher_step,format,dependency_upgrade,clang,-O0,EXECUTED,True,,,CERTIFIED_UNIQUE,True,0,0,1.0,28,28,1.0,a7e4bd06046e21e8b0a60ce6f6cf58170f0e2b09c2a78d2c3d61bb970425693a
fletcher_step,format,dependency_upgrade,clang,-O2,EXECUTED,True,,,CERTIFIED_UNIQUE,True,0,0,1.0,28,0,0.0,a7e4bd06046e21e8b0a60ce6f6cf58170f0e2b09c2a78d2c3d61bb970425693a
fletcher_step,erase_tolerable,dependency_upgrade,gcc,-O0,EXECUTED,True,,,CERTIFIED_UNIQUE,True,0,2,0.9285714285714286,26,26,1.0,61a396f54ede0115a0dc62aa71607c00d170b0e9ba2f60604bcf5013dc8b3b9b
fletcher_step,erase_tolerable,dependency_upgrade,gcc,-O2,EXECUTED,True,,,CERTIFIED_UNIQUE,True,0,2,0.9285714285714286,26,0,0.0,61a396f54ede0115a0dc62aa71607c00d170b0e9ba2f60604bcf5013dc8b3b9b
fletcher_step,erase_tolerable,dependency_upgrade,clang,-O0,EXECUTED,True,,,CERTIFIED_UNIQUE,True,0,2,0.9285714285714286,26,26,1.0,61a396f54ede0115a0dc62aa71607c00d170b0e9ba2f60604bcf5013dc8b3b9b
fletcher_step,erase_tolerable,dependency_upgrade,clang,-O2,EXECUTED,True,,,CERTIFIED_UNIQUE,True,0,2,0.9285714285714286,26,0,0.0,61a396f54ede0115a0dc62aa71607c00d170b0e9ba2f60604bcf5013dc8b3b9b
fletcher_step,merge_tolerable,"format,erase_tolerable",gcc,-O0,EXECUTED,True,,,CERTIFIED_UNIQUE,True,0,2,0.9285714285714286,26,26,1.0,34ff1bf17bf181736adb2b6a54a53e6a723833feb76fcdbe3b11bf7ac9577228
fletcher_step,merge_tolerable,"format,erase_tolerable",gcc,-O2,EXECUTED,True,,,CERTIFIED_UNIQUE,True,0,2,0.9285714285714286,26,0,0.0,34ff1bf17bf181736adb2b6a54a53e6a723833feb76fcdbe3b11bf7ac9577228
fletcher_step,merge_tolerable,"format,erase_tolerable",clang,-O0,EXECUTED,True,,,CERTIFIED_UNIQUE,True,0,2,0.9285714285714286,26,26,1.0,34ff1bf17bf181736adb2b6a54a53e6a723833feb76fcdbe3b11bf7ac9577228
fletcher_step,merge_tolerable,"format,erase_tolerable",clang,-O2,EXECUTED,True,,,CERTIFIED_UNIQUE,True,0,2,0.9285714285714286,26,0,0.0,34ff1bf17bf181736adb2b6a54a53e6a723833feb76fcdbe3b11bf7ac9577228
fletcher_step,flip_tolerable,merge_tolerable,gcc,-O0,EXECUTED,True,,,CERTIFIED_UNIQUE,True,2,2,0.9285714285714286,26,26,1.0,02c4d6bc9ac8ecc4b0871a3738172ed492afec2bc107239f9054be44f005d502
fletcher_step,flip_tolerable,merge_tolerable,gcc,-O2,EXECUTED,True,,,CERTIFIED_UNIQUE,True,2,2,0.9285714285714286,26,0,0.0,02c4d6bc9ac8ecc4b0871a3738172ed492afec2bc107239f9054be44f005d502
fletcher_step,flip_tolerable,merge_tolerable,clang,-O0,EXECUTED,True,,,CERTIFIED_UNIQUE,True,2,2,0.9285714285714286,26,26,1.0,02c4d6bc9ac8ecc4b0871a3738172ed492afec2bc107239f9054be44f005d502
fletcher_step,flip_tolerable,merge_tolerable,clang,-O2,EXECUTED,True,,,CERTIFIED_UNIQUE,True,2,2,0.9285714285714286,26,0,0.0,02c4d6bc9ac8ecc4b0871a3738172ed492afec2bc107239f9054be44f005d502
fletcher_step,recovery_break,dependency_upgrade,gcc,-O0,EXECUTED,True,,,NOT_CERTIFIED,False,1,1,0.9642857142857143,27,27,1.0,0fb085ac06e289173a535a0db0871b9e9085776dbfae37747116e42b7b688320
fletcher_step,recovery_break,dependency_upgrade,gcc,-O2,EXECUTED,True,,,NOT_CERTIFIED,False,1,1,0.9642857142857143,27,0,0.0,0fb085ac06e289173a535a0db0871b9e9085776dbfae37747116e42b7b688320
fletcher_step,recovery_break,dependency_upgrade,clang,-O0,EXECUTED,True,,,NOT_CERTIFIED,False,1,1,0.9642857142857143,27,27,1.0,0fb085ac06e289173a535a0db0871b9e9085776dbfae37747116e42b7b688320
fletcher_step,recovery_break,dependency_upgrade,clang,-O2,EXECUTED,True,,,NOT_CERTIFIED,False,1,1,0.9642857142857143,27,0,0.0,0fb085ac06e289173a535a0db0871b9e9085776dbfae37747116e42b7b688320
fletcher_step,reseed,dependency_upgrade,gcc,-O0,EXECUTED,True,,,CERTIFIED_UNIQUE,True,0,0,0.0,28,28,1.0,7600f7ecb80744d5a816b887c5d4b6c681f5c0a112fc55e298f611942e812529
fletcher_step,reseed,dependency_upgrade,gcc,-O2,EXECUTED,True,,,CERTIFIED_UNIQUE,True,0,0,0.0,28,0,0.0,7600f7ecb80744d5a816b887c5d4b6c681f5c0a112fc55e298f611942e812529
fletcher_step,reseed,dependency_upgrade,clang,-O0,EXECUTED,True,,,CERTIFIED_UNIQUE,True,0,0,0.0,28,28,1.0,7600f7ecb80744d5a816b887c5d4b6c681f5c0a112fc55e298f611942e812529
fletcher_step,reseed,dependency_upgrade,clang,-O2,EXECUTED,True,,,CERTIFIED_UNIQUE,True,0,0,0.0,28,0,0.0,7600f7ecb80744d5a816b887c5d4b6c681f5c0a112fc55e298f611942e812529
fletcher_step,behavior_drift,dependency_upgrade,gcc,-O0,EXECUTED,False,66,153,CERTIFIED_UNIQUE,True,0,0,1.0,28,28,1.0,69782863264ce6e83c5da103bed085f5907884e449c4ebda597854867d3cff2f
fletcher_step,behavior_drift,dependency_upgrade,gcc,-O2,EXECUTED,False,66,153,CERTIFIED_UNIQUE,True,0,0,1.0,28,0,0.0,69782863264ce6e83c5da103bed085f5907884e449c4ebda597854867d3cff2f
fletcher_step,behavior_drift,dependency_upgrade,clang,-O0,EXECUTED,False,66,153,CERTIFIED_UNIQUE,True,0,0,1.0,28,28,1.0,69782863264ce6e83c5da103bed085f5907884e449c4ebda597854867d3cff2f
fletcher_step,behavior_drift,dependency_upgrade,clang,-O2,EXECUTED,False,66,153,CERTIFIED_UNIQUE,True,0,0,1.0,28,0,0.0,69782863264ce6e83c5da103bed085f5907884e449c4ebda597854867d3cff2f
rotate_mix,baseline,,gcc,-O0,EXECUTED,True,,,CERTIFIED_UNIQUE,True,0,0,1.0,28,0,0.0,5b388401b46f4089e65e19590bd0e4ceee8e7fe7fada9f5f23ef0110958f6d1e
rotate_mix,baseline,,gcc,-O2,EXECUTED,True,,,CERTIFIED_UNIQUE,True,0,0,1.0,28,0,0.0,5b388401b46f4089e65e19590bd0e4ceee8e7fe7fada9f5f23ef0110958f6d1e
rotate_mix,baseline,,clang,-O0,EXECUTED,True,,,CERTIFIED_UNIQUE,True,0,0,1.0,28,28,1.0,5b388401b46f4089e65e19590bd0e4ceee8e7fe7fada9f5f23ef0110958f6d1e
rotate_mix,baseline,,clang,-O2,EXECUTED,True,,,CERTIFIED_UNIQUE,True,0,0,1.0,28,0,0.0,5b388401b46f4089e65e19590bd0e4ceee8e7fe7fada9f5f23ef0110958f6d1e
rotate_mix,rename,baseline,gcc,-O0,EXECUTED,True,,,CERTIFIED_UNIQUE,True,0,0,1.0,28,0,0.0,2e512576c1d49ef9bb1ce68809f1599d1bdec4fdb2afd81ad9021bc8c5fa2f0f
rotate_mix,rename,baseline,gcc,-O2,EXECUTED,True,,,CERTIFIED_UNIQUE,True,0,0,1.0,28,0,0.0,2e512576c1d49ef9bb1ce68809f1599d1bdec4fdb2afd81ad9021bc8c5fa2f0f
rotate_mix,rename,baseline,clang,-O0,EXECUTED,True,,,CERTIFIED_UNIQUE,True,0,0,1.0,28,28,1.0,2e512576c1d49ef9bb1ce68809f1599d1bdec4fdb2afd81ad9021bc8c5fa2f0f
rotate_mix,rename,baseline,clang,-O2,EXECUTED,True,,,CERTIFIED_UNIQUE,True,0,0,1.0,28,0,0.0,2e512576c1d49ef9bb1ce68809f1599d1bdec4fdb2afd81ad9021bc8c5fa2f0f
rotate_mix,reorder,rename,gcc,-O0,EXECUTED,True,,,CERTIFIED_UNIQUE,True,0,0,1.0,28,0,0.0,56f61ea7fb846ec340f2d62480162eb35d76f4845aae791bafc5dd9352f07934
rotate_mix,reorder,rename,gcc,-O2,EXECUTED,True,,,CERTIFIED_UNIQUE,True,0,0,1.0,28,0,0.0,56f61ea7fb846ec340f2d62480162eb35d76f4845aae791bafc5dd9352f07934
rotate_mix,reorder,rename,clang,-O0,EXECUTED,True,,,CERTIFIED_UNIQUE,True,0,0,1.0,28,28,1.0,56f61ea7fb846ec340f2d62480162eb35d76f4845aae791bafc5dd9352f07934
rotate_mix,reorder,rename,clang,-O2,EXECUTED,True,,,CERTIFIED_UNIQUE,True,0,0,1.0,28,0,0.0,56f61ea7fb846ec340f2d62480162eb35d76f4845aae791bafc5dd9352f07934
rotate_mix,extract,reorder,gcc,-O0,EXECUTED,True,,,CERTIFIED_UNIQUE,True,0,0,1.0,28,28,1.0,1fa99af03aa4033e86307b1334656edf10282580e8c7b3b07fed24bcc67b15a5
rotate_mix,extract,reorder,gcc,-O2,EXECUTED,True,,,CERTIFIED_UNIQUE,True,0,0,1.0,28,0,0.0,1fa99af03aa4033e86307b1334656edf10282580e8c7b3b07fed24bcc67b15a5
rotate_mix,extract,reorder,clang,-O0,EXECUTED,True,,,CERTIFIED_UNIQUE,True,0,0,1.0,28,28,1.0,1fa99af03aa4033e86307b1334656edf10282580e8c7b3b07fed24bcc67b15a5
rotate_mix,extract,reorder,clang,-O2,EXECUTED,True,,,CERTIFIED_UNIQUE,True,0,0,1.0,28,0,0.0,1fa99af03aa4033e86307b1334656edf10282580e8c7b3b07fed24bcc67b15a5
rotate_mix,dependency_upgrade,extract,gcc,-O0,EXECUTED,True,,,CERTIFIED_UNIQUE,True,0,0,1.0,28,28,1.0,25959f43d51a90ce67a7a0c183c10ba6cdd1d31bed4b2d44d64671e218dc47a1
rotate_mix,dependency_upgrade,extract,gcc,-O2,EXECUTED,True,,,CERTIFIED_UNIQUE,True,0,0,1.0,28,0,0.0,25959f43d51a90ce67a7a0c183c10ba6cdd1d31bed4b2d44d64671e218dc47a1
rotate_mix,dependency_upgrade,extract,clang,-O0,EXECUTED,True,,,CERTIFIED_UNIQUE,True,0,0,1.0,28,28,1.0,25959f43d51a90ce67a7a0c183c10ba6cdd1d31bed4b2d44d64671e218dc47a1
rotate_mix,dependency_upgrade,extract,clang,-O2,EXECUTED,True,,,CERTIFIED_UNIQUE,True,0,0,1.0,28,0,0.0,25959f43d51a90ce67a7a0c183c10ba6cdd1d31bed4b2d44d64671e218dc47a1
rotate_mix,format,dependency_upgrade,gcc,-O0,EXECUTED,True,,,CERTIFIED_UNIQUE,True,0,0,1.0,28,28,1.0,1d543f6d4eb7017491c364d4dcbc8477a697979c21362dc2621489ee11a22778
rotate_mix,format,dependency_upgrade,gcc,-O2,EXECUTED,True,,,CERTIFIED_UNIQUE,True,0,0,1.0,28,0,0.0,1d543f6d4eb7017491c364d4dcbc8477a697979c21362dc2621489ee11a22778
rotate_mix,format,dependency_upgrade,clang,-O0,EXECUTED,True,,,CERTIFIED_UNIQUE,True,0,0,1.0,28,28,1.0,1d543f6d4eb7017491c364d4dcbc8477a697979c21362dc2621489ee11a22778
rotate_mix,format,dependency_upgrade,clang,-O2,EXECUTED,True,,,CERTIFIED_UNIQUE,True,0,0,1.0,28,0,0.0,1d543f6d4eb7017491c364d4dcbc8477a697979c21362dc2621489ee11a22778
rotate_mix,erase_tolerable,dependency_upgrade,gcc,-O0,EXECUTED,True,,,CERTIFIED_UNIQUE,True,0,2,0.9285714285714286,26,26,1.0,2b3a6b8830979a0bfbdaea24fb5c4e46633d159bd6df38c7e1a3225ee38f24e0
rotate_mix,erase_tolerable,dependency_upgrade,gcc,-O2,EXECUTED,True,,,CERTIFIED_UNIQUE,True,0,2,0.9285714285714286,26,0,0.0,2b3a6b8830979a0bfbdaea24fb5c4e46633d159bd6df38c7e1a3225ee38f24e0
rotate_mix,erase_tolerable,dependency_upgrade,clang,-O0,EXECUTED,True,,,CERTIFIED_UNIQUE,True,0,2,0.9285714285714286,26,26,1.0,2b3a6b8830979a0bfbdaea24fb5c4e46633d159bd6df38c7e1a3225ee38f24e0
rotate_mix,erase_tolerable,dependency_upgrade,clang,-O2,EXECUTED,True,,,CERTIFIED_UNIQUE,True,0,2,0.9285714285714286,26,0,0.0,2b3a6b8830979a0bfbdaea24fb5c4e46633d159bd6df38c7e1a3225ee38f24e0
rotate_mix,merge_tolerable,"format,erase_tolerable",gcc,-O0,EXECUTED,True,,,CERTIFIED_UNIQUE,True,0,2,0.9285714285714286,26,26,1.0,ef477213c0aa9324dffb2a6de2a7eff7fb33af0ff856a74b2406707df5bd6640
rotate_mix,merge_tolerable,"format,erase_tolerable",gcc,-O2,EXECUTED,True,,,CERTIFIED_UNIQUE,True,0,2,0.9285714285714286,26,0,0.0,ef477213c0aa9324dffb2a6de2a7eff7fb33af0ff856a74b2406707df5bd6640
rotate_mix,merge_tolerable,"format,erase_tolerable",clang,-O0,EXECUTED,True,,,CERTIFIED_UNIQUE,True,0,2,0.9285714285714286,26,26,1.0,ef477213c0aa9324dffb2a6de2a7eff7fb33af0ff856a74b2406707df5bd6640
rotate_mix,merge_tolerable,"format,erase_tolerable",clang,-O2,EXECUTED,True,,,CERTIFIED_UNIQUE,True,0,2,0.9285714285714286,26,0,0.0,ef477213c0aa9324dffb2a6de2a7eff7fb33af0ff856a74b2406707df5bd6640
rotate_mix,flip_tolerable,merge_tolerable,gcc,-O0,EXECUTED,True,,,CERTIFIED_UNIQUE,True,2,2,0.9285714285714286,26,26,1.0,6adadedd529a7786bc73293f0f4a89536d325e320f9aee259c668d6f257b723a
rotate_mix,flip_tolerable,merge_tolerable,gcc,-O2,EXECUTED,True,,,CERTIFIED_UNIQUE,True,2,2,0.9285714285714286,26,0,0.0,6adadedd529a7786bc73293f0f4a89536d325e320f9aee259c668d6f257b723a
rotate_mix,flip_tolerable,merge_tolerable,clang,-O0,EXECUTED,True,,,CERTIFIED_UNIQUE,True,2,2,0.9285714285714286,26,26,1.0,6adadedd529a7786bc73293f0f4a89536d325e320f9aee259c668d6f257b723a
rotate_mix,flip_tolerable,merge_tolerable,clang,-O2,EXECUTED,True,,,CERTIFIED_UNIQUE,True,2,2,0.9285714285714286,26,0,0.0,6adadedd529a7786bc73293f0f4a89536d325e320f9aee259c668d6f257b723a
rotate_mix,recovery_break,dependency_upgrade,gcc,-O0,EXECUTED,True,,,NOT_CERTIFIED,False,1,1,0.9642857142857143,27,27,1.0,b9e9d61a5405f52ca8b3900e1d2c336be1be1a28c8289fc80fe8bf6290730c5e
rotate_mix,recovery_break,dependency_upgrade,gcc,-O2,EXECUTED,True,,,NOT_CERTIFIED,False,1,1,0.9642857142857143,27,0,0.0,b9e9d61a5405f52ca8b3900e1d2c336be1be1a28c8289fc80fe8bf6290730c5e
rotate_mix,recovery_break,dependency_upgrade,clang,-O0,EXECUTED,True,,,NOT_CERTIFIED,False,1,1,0.9642857142857143,27,27,1.0,b9e9d61a5405f52ca8b3900e1d2c336be1be1a28c8289fc80fe8bf6290730c5e
rotate_mix,recovery_break,dependency_upgrade,clang,-O2,EXECUTED,True,,,NOT_CERTIFIED,False,1,1,0.9642857142857143,27,0,0.0,b9e9d61a5405f52ca8b3900e1d2c336be1be1a28c8289fc80fe8bf6290730c5e
rotate_mix,reseed,dependency_upgrade,gcc,-O0,EXECUTED,True,,,CERTIFIED_UNIQUE,True,0,0,0.0,28,28,1.0,519bf5d77e429d34cfd74008932f8cea6f9e7f918f5b396b1fd8813c8225f400
rotate_mix,reseed,dependency_upgrade,gcc,-O2,EXECUTED,True,,,CERTIFIED_UNIQUE,True,0,0,0.0,28,0,0.0,519bf5d77e429d34cfd74008932f8cea6f9e7f918f5b396b1fd8813c8225f400
rotate_mix,reseed,dependency_upgrade,clang,-O0,EXECUTED,True,,,CERTIFIED_UNIQUE,True,0,0,0.0,28,28,1.0,519bf5d77e429d34cfd74008932f8cea6f9e7f918f5b396b1fd8813c8225f400
rotate_mix,reseed,dependency_upgrade,clang,-O2,EXECUTED,True,,,CERTIFIED_UNIQUE,True,0,0,0.0,28,0,0.0,519bf5d77e429d34cfd74008932f8cea6f9e7f918f5b396b1fd8813c8225f400
rotate_mix,behavior_drift,dependency_upgrade,gcc,-O0,EXECUTED,False,66,153,CERTIFIED_UNIQUE,True,0,0,1.0,28,28,1.0,796b0011d45e4304f6f52594519717493e7533452e8c32fc18d952708dff9381
rotate_mix,behavior_drift,dependency_upgrade,gcc,-O2,EXECUTED,False,66,153,CERTIFIED_UNIQUE,True,0,0,1.0,28,0,0.0,796b0011d45e4304f6f52594519717493e7533452e8c32fc18d952708dff9381
rotate_mix,behavior_drift,dependency_upgrade,clang,-O0,EXECUTED,False,66,153,CERTIFIED_UNIQUE,True,0,0,1.0,28,28,1.0,796b0011d45e4304f6f52594519717493e7533452e8c32fc18d952708dff9381
rotate_mix,behavior_drift,dependency_upgrade,clang,-O2,EXECUTED,False,66,153,CERTIFIED_UNIQUE,True,0,0,1.0,28,0,0.0,796b0011d45e4304f6f52594519717493e7533452e8c32fc18d952708dff9381
varint_state,baseline,,gcc,-O0,EXECUTED,True,,,CERTIFIED_UNIQUE,True,0,0,1.0,28,0,0.0,f4d880a2888a356c1b247b7276400fdcc5890409229fe71ca533ac02a52ffd33
varint_state,baseline,,gcc,-O2,EXECUTED,True,,,CERTIFIED_UNIQUE,True,0,0,1.0,28,0,0.0,f4d880a2888a356c1b247b7276400fdcc5890409229fe71ca533ac02a52ffd33
varint_state,baseline,,clang,-O0,EXECUTED,True,,,CERTIFIED_UNIQUE,True,0,0,1.0,28,28,1.0,f4d880a2888a356c1b247b7276400fdcc5890409229fe71ca533ac02a52ffd33
varint_state,baseline,,clang,-O2,EXECUTED,True,,,CERTIFIED_UNIQUE,True,0,0,1.0,28,0,0.0,f4d880a2888a356c1b247b7276400fdcc5890409229fe71ca533ac02a52ffd33
varint_state,rename,baseline,gcc,-O0,EXECUTED,True,,,CERTIFIED_UNIQUE,True,0,0,1.0,28,0,0.0,cfc70698bcc1d1a68a2e9baa215ea8b40197ba5622a6b03d6a3de46420fc2283
varint_state,rename,baseline,gcc,-O2,EXECUTED,True,,,CERTIFIED_UNIQUE,True,0,0,1.0,28,0,0.0,cfc70698bcc1d1a68a2e9baa215ea8b40197ba5622a6b03d6a3de46420fc2283
varint_state,rename,baseline,clang,-O0,EXECUTED,True,,,CERTIFIED_UNIQUE,True,0,0,1.0,28,28,1.0,cfc70698bcc1d1a68a2e9baa215ea8b40197ba5622a6b03d6a3de46420fc2283
varint_state,rename,baseline,clang,-O2,EXECUTED,True,,,CERTIFIED_UNIQUE,True,0,0,1.0,28,0,0.0,cfc70698bcc1d1a68a2e9baa215ea8b40197ba5622a6b03d6a3de46420fc2283
varint_state,reorder,rename,gcc,-O0,EXECUTED,True,,,CERTIFIED_UNIQUE,True,0,0,1.0,28,0,0.0,e520c46fce9841e8ebf1cf945805e993d40e8e0f340b72e8f1a89d9e6661efdd
varint_state,reorder,rename,gcc,-O2,EXECUTED,True,,,CERTIFIED_UNIQUE,True,0,0,1.0,28,0,0.0,e520c46fce9841e8ebf1cf945805e993d40e8e0f340b72e8f1a89d9e6661efdd
varint_state,reorder,rename,clang,-O0,EXECUTED,True,,,CERTIFIED_UNIQUE,True,0,0,1.0,28,28,1.0,e520c46fce9841e8ebf1cf945805e993d40e8e0f340b72e8f1a89d9e6661efdd
varint_state,reorder,rename,clang,-O2,EXECUTED,True,,,CERTIFIED_UNIQUE,True,0,0,1.0,28,0,0.0,e520c46fce9841e8ebf1cf945805e993d40e8e0f340b72e8f1a89d9e6661efdd
varint_state,extract,reorder,gcc,-O0,EXECUTED,True,,,CERTIFIED_UNIQUE,True,0,0,1.0,28,28,1.0,b80401f203e97b66d201724946a66d82060daabe0c728814699712f837be9c1d
varint_state,extract,reorder,gcc,-O2,EXECUTED,True,,,CERTIFIED_UNIQUE,True,0,0,1.0,28,0,0.0,b80401f203e97b66d201724946a66d82060daabe0c728814699712f837be9c1d
varint_state,extract,reorder,clang,-O0,EXECUTED,True,,,CERTIFIED_UNIQUE,True,0,0,1.0,28,28,1.0,b80401f203e97b66d201724946a66d82060daabe0c728814699712f837be9c1d
varint_state,extract,reorder,clang,-O2,EXECUTED,True,,,CERTIFIED_UNIQUE,True,0,0,1.0,28,0,0.0,b80401f203e97b66d201724946a66d82060daabe0c728814699712f837be9c1d
varint_state,dependency_upgrade,extract,gcc,-O0,EXECUTED,True,,,CERTIFIED_UNIQUE,True,0,0,1.0,28,28,1.0,727ffa9afe1ed6e7a1f0ceed9665e43a1ad532307cddb152384f66a241fe655e
varint_state,dependency_upgrade,extract,gcc,-O2,EXECUTED,True,,,CERTIFIED_UNIQUE,True,0,0,1.0,28,0,0.0,727ffa9afe1ed6e7a1f0ceed9665e43a1ad532307cddb152384f66a241fe655e
varint_state,dependency_upgrade,extract,clang,-O0,EXECUTED,True,,,CERTIFIED_UNIQUE,True,0,0,1.0,28,28,1.0,727ffa9afe1ed6e7a1f0ceed9665e43a1ad532307cddb152384f66a241fe655e
varint_state,dependency_upgrade,extract,clang,-O2,EXECUTED,True,,,CERTIFIED_UNIQUE,True,0,0,1.0,28,0,0.0,727ffa9afe1ed6e7a1f0ceed9665e43a1ad532307cddb152384f66a241fe655e
varint_state,format,dependency_upgrade,gcc,-O0,EXECUTED,True,,,CERTIFIED_UNIQUE,True,0,0,1.0,28,28,1.0,161d0ec84578888fa4bdbf985e3bec8305bb50544b392709792092b1ab3febbf
varint_state,format,dependency_upgrade,gcc,-O2,EXECUTED,True,,,CERTIFIED_UNIQUE,True,0,0,1.0,28,0,0.0,161d0ec84578888fa4bdbf985e3bec8305bb50544b392709792092b1ab3febbf
varint_state,format,dependency_upgrade,clang,-O0,EXECUTED,True,,,CERTIFIED_UNIQUE,True,0,0,1.0,28,28,1.0,161d0ec84578888fa4bdbf985e3bec8305bb50544b392709792092b1ab3febbf
varint_state,format,dependency_upgrade,clang,-O2,EXECUTED,True,,,CERTIFIED_UNIQUE,True,0,0,1.0,28,0,0.0,161d0ec84578888fa4bdbf985e3bec8305bb50544b392709792092b1ab3febbf
varint_state,erase_tolerable,dependency_upgrade,gcc,-O0,EXECUTED,True,,,CERTIFIED_UNIQUE,True,0,2,0.9285714285714286,26,26,1.0,6226b4625ac605162b3355917b1c932f0debbf1c97b032944ba1a172f4abe9bb
varint_state,erase_tolerable,dependency_upgrade,gcc,-O2,EXECUTED,True,,,CERTIFIED_UNIQUE,True,0,2,0.9285714285714286,26,0,0.0,6226b4625ac605162b3355917b1c932f0debbf1c97b032944ba1a172f4abe9bb
varint_state,erase_tolerable,dependency_upgrade,clang,-O0,EXECUTED,True,,,CERTIFIED_UNIQUE,True,0,2,0.9285714285714286,26,26,1.0,6226b4625ac605162b3355917b1c932f0debbf1c97b032944ba1a172f4abe9bb
varint_state,erase_tolerable,dependency_upgrade,clang,-O2,EXECUTED,True,,,CERTIFIED_UNIQUE,True,0,2,0.9285714285714286,26,0,0.0,6226b4625ac605162b3355917b1c932f0debbf1c97b032944ba1a172f4abe9bb
varint_state,merge_tolerable,"format,erase_tolerable",gcc,-O0,EXECUTED,True,,,CERTIFIED_UNIQUE,True,0,2,0.9285714285714286,26,26,1.0,9b79498d741e49d545fa6959c1bec1f7f2301737c54f42f4d71092a1d1fa5c6d
varint_state,merge_tolerable,"format,erase_tolerable",gcc,-O2,EXECUTED,True,,,CERTIFIED_UNIQUE,True,0,2,0.9285714285714286,26,0,0.0,9b79498d741e49d545fa6959c1bec1f7f2301737c54f42f4d71092a1d1fa5c6d
varint_state,merge_tolerable,"format,erase_tolerable",clang,-O0,EXECUTED,True,,,CERTIFIED_UNIQUE,True,0,2,0.9285714285714286,26,26,1.0,9b79498d741e49d545fa6959c1bec1f7f2301737c54f42f4d71092a1d1fa5c6d
varint_state,merge_tolerable,"format,erase_tolerable",clang,-O2,EXECUTED,True,,,CERTIFIED_UNIQUE,True,0,2,0.9285714285714286,26,0,0.0,9b79498d741e49d545fa6959c1bec1f7f2301737c54f42f4d71092a1d1fa5c6d
varint_state,flip_tolerable,merge_tolerable,gcc,-O0,EXECUTED,True,,,CERTIFIED_UNIQUE,True,2,2,0.9285714285714286,26,26,1.0,1c3f4eabd5002a5350299e0f452eca445a9a0367c3304a2283519df176e930f6
varint_state,flip_tolerable,merge_tolerable,gcc,-O2,EXECUTED,True,,,CERTIFIED_UNIQUE,True,2,2,0.9285714285714286,26,0,0.0,1c3f4eabd5002a5350299e0f452eca445a9a0367c3304a2283519df176e930f6
varint_state,flip_tolerable,merge_tolerable,clang,-O0,EXECUTED,True,,,CERTIFIED_UNIQUE,True,2,2,0.9285714285714286,26,26,1.0,1c3f4eabd5002a5350299e0f452eca445a9a0367c3304a2283519df176e930f6
varint_state,flip_tolerable,merge_tolerable,clang,-O2,EXECUTED,True,,,CERTIFIED_UNIQUE,True,2,2,0.9285714285714286,26,0,0.0,1c3f4eabd5002a5350299e0f452eca445a9a0367c3304a2283519df176e930f6
varint_state,recovery_break,dependency_upgrade,gcc,-O0,EXECUTED,True,,,NOT_CERTIFIED,False,1,1,0.9642857142857143,27,27,1.0,950909c178a5ac64499cd8689459c0a0ceef80d9330f34ffd259145c5ace99a3
varint_state,recovery_break,dependency_upgrade,gcc,-O2,EXECUTED,True,,,NOT_CERTIFIED,False,1,1,0.9642857142857143,27,0,0.0,950909c178a5ac64499cd8689459c0a0ceef80d9330f34ffd259145c5ace99a3
varint_state,recovery_break,dependency_upgrade,clang,-O0,EXECUTED,True,,,NOT_CERTIFIED,False,1,1,0.9642857142857143,27,27,1.0,950909c178a5ac64499cd8689459c0a0ceef80d9330f34ffd259145c5ace99a3
varint_state,recovery_break,dependency_upgrade,clang,-O2,EXECUTED,True,,,NOT_CERTIFIED,False,1,1,0.9642857142857143,27,0,0.0,950909c178a5ac64499cd8689459c0a0ceef80d9330f34ffd259145c5ace99a3
varint_state,reseed,dependency_upgrade,gcc,-O0,EXECUTED,True,,,CERTIFIED_UNIQUE,True,0,0,0.0,28,28,1.0,4457d5f627f5b0ff1c31e6192d6243f71d2c02f2e95716f7a57906132e917ef1
varint_state,reseed,dependency_upgrade,gcc,-O2,EXECUTED,True,,,CERTIFIED_UNIQUE,True,0,0,0.0,28,0,0.0,4457d5f627f5b0ff1c31e6192d6243f71d2c02f2e95716f7a57906132e917ef1
varint_state,reseed,dependency_upgrade,clang,-O0,EXECUTED,True,,,CERTIFIED_UNIQUE,True,0,0,0.0,28,28,1.0,4457d5f627f5b0ff1c31e6192d6243f71d2c02f2e95716f7a57906132e917ef1
varint_state,reseed,dependency_upgrade,clang,-O2,EXECUTED,True,,,CERTIFIED_UNIQUE,True,0,0,0.0,28,0,0.0,4457d5f627f5b0ff1c31e6192d6243f71d2c02f2e95716f7a57906132e917ef1
varint_state,behavior_drift,dependency_upgrade,gcc,-O0,EXECUTED,False,66,153,CERTIFIED_UNIQUE,True,0,0,1.0,28,28,1.0,0dc15b866ff6a7fb49d53167621a3313ee82dbc54ba9f7affe081eb85bb90e6f
varint_state,behavior_drift,dependency_upgrade,gcc,-O2,EXECUTED,False,66,153,CERTIFIED_UNIQUE,True,0,0,1.0,28,0,0.0,0dc15b866ff6a7fb49d53167621a3313ee82dbc54ba9f7affe081eb85bb90e6f
varint_state,behavior_drift,dependency_upgrade,clang,-O0,EXECUTED,False,66,153,CERTIFIED_UNIQUE,True,0,0,1.0,28,28,1.0,0dc15b866ff6a7fb49d53167621a3313ee82dbc54ba9f7affe081eb85bb90e6f
varint_state,behavior_drift,dependency_upgrade,clang,-O2,EXECUTED,False,66,153,CERTIFIED_UNIQUE,True,0,0,1.0,28,0,0.0,0dc15b866ff6a7fb49d53167621a3313ee82dbc54ba9f7affe081eb85bb90e6f
json_state,baseline,,gcc,-O0,EXECUTED,True,,,CERTIFIED_UNIQUE,True,0,0,1.0,28,0,0.0,719b9771b5e6787f9050c4acedbb5fbd781608451285fa05debf87428df03345
json_state,baseline,,gcc,-O2,EXECUTED,True,,,CERTIFIED_UNIQUE,True,0,0,1.0,28,0,0.0,719b9771b5e6787f9050c4acedbb5fbd781608451285fa05debf87428df03345
json_state,baseline,,clang,-O0,EXECUTED,True,,,CERTIFIED_UNIQUE,True,0,0,1.0,28,28,1.0,719b9771b5e6787f9050c4acedbb5fbd781608451285fa05debf87428df03345
json_state,baseline,,clang,-O2,EXECUTED,True,,,CERTIFIED_UNIQUE,True,0,0,1.0,28,0,0.0,719b9771b5e6787f9050c4acedbb5fbd781608451285fa05debf87428df03345
json_state,rename,baseline,gcc,-O0,EXECUTED,True,,,CERTIFIED_UNIQUE,True,0,0,1.0,28,0,0.0,f24410a89e3b7c7e4d4f0b1ae21ce46b06edecd1821adb6964c8dbfbad3f64a8
json_state,rename,baseline,gcc,-O2,EXECUTED,True,,,CERTIFIED_UNIQUE,True,0,0,1.0,28,0,0.0,f24410a89e3b7c7e4d4f0b1ae21ce46b06edecd1821adb6964c8dbfbad3f64a8
json_state,rename,baseline,clang,-O0,EXECUTED,True,,,CERTIFIED_UNIQUE,True,0,0,1.0,28,28,1.0,f24410a89e3b7c7e4d4f0b1ae21ce46b06edecd1821adb6964c8dbfbad3f64a8
json_state,rename,baseline,clang,-O2,EXECUTED,True,,,CERTIFIED_UNIQUE,True,0,0,1.0,28,0,0.0,f24410a89e3b7c7e4d4f0b1ae21ce46b06edecd1821adb6964c8dbfbad3f64a8
json_state,reorder,rename,gcc,-O0,EXECUTED,True,,,CERTIFIED_UNIQUE,True,0,0,1.0,28,0,0.0,d4a9f10cdc4e946ea78f3878acd08942b1b00ebfb38e90b967706a636ed3fa32
json_state,reorder,rename,gcc,-O2,EXECUTED,True,,,CERTIFIED_UNIQUE,True,0,0,1.0,28,0,0.0,d4a9f10cdc4e946ea78f3878acd08942b1b00ebfb38e90b967706a636ed3fa32
json_state,reorder,rename,clang,-O0,EXECUTED,True,,,CERTIFIED_UNIQUE,True,0,0,1.0,28,28,1.0,d4a9f10cdc4e946ea78f3878acd08942b1b00ebfb38e90b967706a636ed3fa32
json_state,reorder,rename,clang,-O2,EXECUTED,True,,,CERTIFIED_UNIQUE,True,0,0,1.0,28,0,0.0,d4a9f10cdc4e946ea78f3878acd08942b1b00ebfb38e90b967706a636ed3fa32
json_state,extract,reorder,gcc,-O0,EXECUTED,True,,,CERTIFIED_UNIQUE,True,0,0,1.0,28,28,1.0,2da9bf5210161290ea538cc3cb7d86ecc66632961cd0361e7eb760d73c0a7ed8
json_state,extract,reorder,gcc,-O2,EXECUTED,True,,,CERTIFIED_UNIQUE,True,0,0,1.0,28,0,0.0,2da9bf5210161290ea538cc3cb7d86ecc66632961cd0361e7eb760d73c0a7ed8
json_state,extract,reorder,clang,-O0,EXECUTED,True,,,CERTIFIED_UNIQUE,True,0,0,1.0,28,28,1.0,2da9bf5210161290ea538cc3cb7d86ecc66632961cd0361e7eb760d73c0a7ed8
json_state,extract,reorder,clang,-O2,EXECUTED,True,,,CERTIFIED_UNIQUE,True,0,0,1.0,28,0,0.0,2da9bf5210161290ea538cc3cb7d86ecc66632961cd0361e7eb760d73c0a7ed8
json_state,dependency_upgrade,extract,gcc,-O0,EXECUTED,True,,,CERTIFIED_UNIQUE,True,0,0,1.0,28,28,1.0,d395172c59fe239159c6e84342163b5ce468de82a06951c5ec602ae50a58021c
json_state,dependency_upgrade,extract,gcc,-O2,EXECUTED,True,,,CERTIFIED_UNIQUE,True,0,0,1.0,28,0,0.0,d395172c59fe239159c6e84342163b5ce468de82a06951c5ec602ae50a58021c
json_state,dependency_upgrade,extract,clang,-O0,EXECUTED,True,,,CERTIFIED_UNIQUE,True,0,0,1.0,28,28,1.0,d395172c59fe239159c6e84342163b5ce468de82a06951c5ec602ae50a58021c
json_state,dependency_upgrade,extract,clang,-O2,EXECUTED,True,,,CERTIFIED_UNIQUE,True,0,0,1.0,28,0,0.0,d395172c59fe239159c6e84342163b5ce468de82a06951c5ec602ae50a58021c
json_state,format,dependency_upgrade,gcc,-O0,EXECUTED,True,,,CERTIFIED_UNIQUE,True,0,0,1.0,28,28,1.0,9635725e6771a5b6ed1ec329b0ab2fc619c773156c7faf2e7fdbbb1567f59d31
json_state,format,dependency_upgrade,gcc,-O2,EXECUTED,True,,,CERTIFIED_UNIQUE,True,0,0,1.0,28,0,0.0,9635725e6771a5b6ed1ec329b0ab2fc619c773156c7faf2e7fdbbb1567f59d31
json_state,format,dependency_upgrade,clang,-O0,EXECUTED,True,,,CERTIFIED_UNIQUE,True,0,0,1.0,28,28,1.0,9635725e6771a5b6ed1ec329b0ab2fc619c773156c7faf2e7fdbbb1567f59d31
json_state,format,dependency_upgrade,clang,-O2,EXECUTED,True,,,CERTIFIED_UNIQUE,True,0,0,1.0,28,0,0.0,9635725e6771a5b6ed1ec329b0ab2fc619c773156c7faf2e7fdbbb1567f59d31
json_state,erase_tolerable,dependency_upgrade,gcc,-O0,EXECUTED,True,,,CERTIFIED_UNIQUE,True,0,2,0.9285714285714286,26,26,1.0,000dd4cb7026c18fc70b272a30e71a44fe3045a914c2d92008f6a54a757ed61a
json_state,erase_tolerable,dependency_upgrade,gcc,-O2,EXECUTED,True,,,CERTIFIED_UNIQUE,True,0,2,0.9285714285714286,26,0,0.0,000dd4cb7026c18fc70b272a30e71a44fe3045a914c2d92008f6a54a757ed61a
json_state,erase_tolerable,dependency_upgrade,clang,-O0,EXECUTED,True,,,CERTIFIED_UNIQUE,True,0,2,0.9285714285714286,26,26,1.0,000dd4cb7026c18fc70b272a30e71a44fe3045a914c2d92008f6a54a757ed61a
json_state,erase_tolerable,dependency_upgrade,clang,-O2,EXECUTED,True,,,CERTIFIED_UNIQUE,True,0,2,0.9285714285714286,26,0,0.0,000dd4cb7026c18fc70b272a30e71a44fe3045a914c2d92008f6a54a757ed61a
json_state,merge_tolerable,"format,erase_tolerable",gcc,-O0,EXECUTED,True,,,CERTIFIED_UNIQUE,True,0,2,0.9285714285714286,26,26,1.0,ee2a79cb7d0c2f923e6d0579e8794237e40d13d2b4457f4cd9abfbc601825de3
json_state,merge_tolerable,"format,erase_tolerable",gcc,-O2,EXECUTED,True,,,CERTIFIED_UNIQUE,True,0,2,0.9285714285714286,26,0,0.0,ee2a79cb7d0c2f923e6d0579e8794237e40d13d2b4457f4cd9abfbc601825de3
json_state,merge_tolerable,"format,erase_tolerable",clang,-O0,EXECUTED,True,,,CERTIFIED_UNIQUE,True,0,2,0.9285714285714286,26,26,1.0,ee2a79cb7d0c2f923e6d0579e8794237e40d13d2b4457f4cd9abfbc601825de3
json_state,merge_tolerable,"format,erase_tolerable",clang,-O2,EXECUTED,True,,,CERTIFIED_UNIQUE,True,0,2,0.9285714285714286,26,0,0.0,ee2a79cb7d0c2f923e6d0579e8794237e40d13d2b4457f4cd9abfbc601825de3
json_state,flip_tolerable,merge_tolerable,gcc,-O0,EXECUTED,True,,,CERTIFIED_UNIQUE,True,2,2,0.9285714285714286,26,26,1.0,25e42729cf3ecdd06de14ac738dccf8e12d4580fc0a09ef07fccafe8c66b0bfb
json_state,flip_tolerable,merge_tolerable,gcc,-O2,EXECUTED,True,,,CERTIFIED_UNIQUE,True,2,2,0.9285714285714286,26,0,0.0,25e42729cf3ecdd06de14ac738dccf8e12d4580fc0a09ef07fccafe8c66b0bfb
json_state,flip_tolerable,merge_tolerable,clang,-O0,EXECUTED,True,,,CERTIFIED_UNIQUE,True,2,2,0.9285714285714286,26,26,1.0,25e42729cf3ecdd06de14ac738dccf8e12d4580fc0a09ef07fccafe8c66b0bfb
json_state,flip_tolerable,merge_tolerable,clang,-O2,EXECUTED,True,,,CERTIFIED_UNIQUE,True,2,2,0.9285714285714286,26,0,0.0,25e42729cf3ecdd06de14ac738dccf8e12d4580fc0a09ef07fccafe8c66b0bfb
json_state,recovery_break,dependency_upgrade,gcc,-O0,EXECUTED,True,,,NOT_CERTIFIED,False,1,1,0.9642857142857143,27,27,1.0,2e2eceeebd008596eefa12d439eb548c92d25abd45460445c8c4def8ea6cb906
json_state,recovery_break,dependency_upgrade,gcc,-O2,EXECUTED,True,,,NOT_CERTIFIED,False,1,1,0.9642857142857143,27,0,0.0,2e2eceeebd008596eefa12d439eb548c92d25abd45460445c8c4def8ea6cb906
json_state,recovery_break,dependency_upgrade,clang,-O0,EXECUTED,True,,,NOT_CERTIFIED,False,1,1,0.9642857142857143,27,27,1.0,2e2eceeebd008596eefa12d439eb548c92d25abd45460445c8c4def8ea6cb906
json_state,recovery_break,dependency_upgrade,clang,-O2,EXECUTED,True,,,NOT_CERTIFIED,False,1,1,0.9642857142857143,27,0,0.0,2e2eceeebd008596eefa12d439eb548c92d25abd45460445c8c4def8ea6cb906
json_state,reseed,dependency_upgrade,gcc,-O0,EXECUTED,True,,,CERTIFIED_UNIQUE,True,0,0,0.0,28,28,1.0,df2b50868b5180d9ed2a2938900dc22a4d6b285064a98e245885a2bf9460dbec
json_state,reseed,dependency_upgrade,gcc,-O2,EXECUTED,True,,,CERTIFIED_UNIQUE,True,0,0,0.0,28,0,0.0,df2b50868b5180d9ed2a2938900dc22a4d6b285064a98e245885a2bf9460dbec
json_state,reseed,dependency_upgrade,clang,-O0,EXECUTED,True,,,CERTIFIED_UNIQUE,True,0,0,0.0,28,28,1.0,df2b50868b5180d9ed2a2938900dc22a4d6b285064a98e245885a2bf9460dbec
json_state,reseed,dependency_upgrade,clang,-O2,EXECUTED,True,,,CERTIFIED_UNIQUE,True,0,0,0.0,28,0,0.0,df2b50868b5180d9ed2a2938900dc22a4d6b285064a98e245885a2bf9460dbec
json_state,behavior_drift,dependency_upgrade,gcc,-O0,EXECUTED,False,66,153,CERTIFIED_UNIQUE,True,0,0,1.0,28,28,1.0,55258f29efcf114e1f85d81124136e555ae87e7271721a25ed64d525de1dcff6
json_state,behavior_drift,dependency_upgrade,gcc,-O2,EXECUTED,False,66,153,CERTIFIED_UNIQUE,True,0,0,1.0,28,0,0.0,55258f29efcf114e1f85d81124136e555ae87e7271721a25ed64d525de1dcff6
json_state,behavior_drift,dependency_upgrade,clang,-O0,EXECUTED,False,66,153,CERTIFIED_UNIQUE,True,0,0,1.0,28,28,1.0,55258f29efcf114e1f85d81124136e555ae87e7271721a25ed64d525de1dcff6
json_state,behavior_drift,dependency_upgrade,clang,-O2,EXECUTED,False,66,153,CERTIFIED_UNIQUE,True,0,0,1.0,28,0,0.0,55258f29efcf114e1f85d81124136e555ae87e7271721a25ed64d525de1dcff6
utf8_state,baseline,,gcc,-O0,EXECUTED,True,,,CERTIFIED_UNIQUE,True,0,0,1.0,28,0,0.0,f9825e4efa7e18dd1d96f837ef0ae778213bb9b0dc66058d1fa85679e7a517f2
utf8_state,baseline,,gcc,-O2,EXECUTED,True,,,CERTIFIED_UNIQUE,True,0,0,1.0,28,0,0.0,f9825e4efa7e18dd1d96f837ef0ae778213bb9b0dc66058d1fa85679e7a517f2
utf8_state,baseline,,clang,-O0,EXECUTED,True,,,CERTIFIED_UNIQUE,True,0,0,1.0,28,28,1.0,f9825e4efa7e18dd1d96f837ef0ae778213bb9b0dc66058d1fa85679e7a517f2
utf8_state,baseline,,clang,-O2,EXECUTED,True,,,CERTIFIED_UNIQUE,True,0,0,1.0,28,0,0.0,f9825e4efa7e18dd1d96f837ef0ae778213bb9b0dc66058d1fa85679e7a517f2
utf8_state,rename,baseline,gcc,-O0,EXECUTED,True,,,CERTIFIED_UNIQUE,True,0,0,1.0,28,0,0.0,313bdc0f63e76a79c68cde1d22fdee1b3ec4e8fd97b5ada5dc9c0106058ed60b
utf8_state,rename,baseline,gcc,-O2,EXECUTED,True,,,CERTIFIED_UNIQUE,True,0,0,1.0,28,0,0.0,313bdc0f63e76a79c68cde1d22fdee1b3ec4e8fd97b5ada5dc9c0106058ed60b
utf8_state,rename,baseline,clang,-O0,EXECUTED,True,,,CERTIFIED_UNIQUE,True,0,0,1.0,28,28,1.0,313bdc0f63e76a79c68cde1d22fdee1b3ec4e8fd97b5ada5dc9c0106058ed60b
utf8_state,rename,baseline,clang,-O2,EXECUTED,True,,,CERTIFIED_UNIQUE,True,0,0,1.0,28,0,0.0,313bdc0f63e76a79c68cde1d22fdee1b3ec4e8fd97b5ada5dc9c0106058ed60b
utf8_state,reorder,rename,gcc,-O0,EXECUTED,True,,,CERTIFIED_UNIQUE,True,0,0,1.0,28,0,0.0,e8c7240c07738732fc7d11e4f639cf333e875036723ae263695cc5ad07f6c3c5
utf8_state,reorder,rename,gcc,-O2,EXECUTED,True,,,CERTIFIED_UNIQUE,True,0,0,1.0,28,0,0.0,e8c7240c07738732fc7d11e4f639cf333e875036723ae263695cc5ad07f6c3c5
utf8_state,reorder,rename,clang,-O0,EXECUTED,True,,,CERTIFIED_UNIQUE,True,0,0,1.0,28,28,1.0,e8c7240c07738732fc7d11e4f639cf333e875036723ae263695cc5ad07f6c3c5
utf8_state,reorder,rename,clang,-O2,EXECUTED,True,,,CERTIFIED_UNIQUE,True,0,0,1.0,28,0,0.0,e8c7240c07738732fc7d11e4f639cf333e875036723ae263695cc5ad07f6c3c5
utf8_state,extract,reorder,gcc,-O0,EXECUTED,True,,,CERTIFIED_UNIQUE,True,0,0,1.0,28,28,1.0,949b1c24e9c3106ae8fec0b949821be542bbfd81a30242c2def86f916f5fd9fd
utf8_state,extract,reorder,gcc,-O2,EXECUTED,True,,,CERTIFIED_UNIQUE,True,0,0,1.0,28,0,0.0,949b1c24e9c3106ae8fec0b949821be542bbfd81a30242c2def86f916f5fd9fd
utf8_state,extract,reorder,clang,-O0,EXECUTED,True,,,CERTIFIED_UNIQUE,True,0,0,1.0,28,28,1.0,949b1c24e9c3106ae8fec0b949821be542bbfd81a30242c2def86f916f5fd9fd
utf8_state,extract,reorder,clang,-O2,EXECUTED,True,,,CERTIFIED_UNIQUE,True,0,0,1.0,28,0,0.0,949b1c24e9c3106ae8fec0b949821be542bbfd81a30242c2def86f916f5fd9fd
utf8_state,dependency_upgrade,extract,gcc,-O0,EXECUTED,True,,,CERTIFIED_UNIQUE,True,0,0,1.0,28,28,1.0,81041f29785dbbb65d7f23282a6d64a50145837396771ef0610b55033a45c432
utf8_state,dependency_upgrade,extract,gcc,-O2,EXECUTED,True,,,CERTIFIED_UNIQUE,True,0,0,1.0,28,0,0.0,81041f29785dbbb65d7f23282a6d64a50145837396771ef0610b55033a45c432
utf8_state,dependency_upgrade,extract,clang,-O0,EXECUTED,True,,,CERTIFIED_UNIQUE,True,0,0,1.0,28,28,1.0,81041f29785dbbb65d7f23282a6d64a50145837396771ef0610b55033a45c432
utf8_state,dependency_upgrade,extract,clang,-O2,EXECUTED,True,,,CERTIFIED_UNIQUE,True,0,0,1.0,28,0,0.0,81041f29785dbbb65d7f23282a6d64a50145837396771ef0610b55033a45c432
utf8_state,format,dependency_upgrade,gcc,-O0,EXECUTED,True,,,CERTIFIED_UNIQUE,True,0,0,1.0,28,28,1.0,3d00f6233000c8ab7d621f53629cf6c4334a959849d1d0bf84cecf48804963fc
utf8_state,format,dependency_upgrade,gcc,-O2,EXECUTED,True,,,CERTIFIED_UNIQUE,True,0,0,1.0,28,0,0.0,3d00f6233000c8ab7d621f53629cf6c4334a959849d1d0bf84cecf48804963fc
utf8_state,format,dependency_upgrade,clang,-O0,EXECUTED,True,,,CERTIFIED_UNIQUE,True,0,0,1.0,28,28,1.0,3d00f6233000c8ab7d621f53629cf6c4334a959849d1d0bf84cecf48804963fc
utf8_state,format,dependency_upgrade,clang,-O2,EXECUTED,True,,,CERTIFIED_UNIQUE,True,0,0,1.0,28,0,0.0,3d00f6233000c8ab7d621f53629cf6c4334a959849d1d0bf84cecf48804963fc
utf8_state,erase_tolerable,dependency_upgrade,gcc,-O0,EXECUTED,True,,,CERTIFIED_UNIQUE,True,0,2,0.9285714285714286,26,26,1.0,1eddc54b0020e6a521a7378b34ea23b5db25ab6c8e78beb9a291243b1fa4c9cc
utf8_state,erase_tolerable,dependency_upgrade,gcc,-O2,EXECUTED,True,,,CERTIFIED_UNIQUE,True,0,2,0.9285714285714286,26,0,0.0,1eddc54b0020e6a521a7378b34ea23b5db25ab6c8e78beb9a291243b1fa4c9cc
utf8_state,erase_tolerable,dependency_upgrade,clang,-O0,EXECUTED,True,,,CERTIFIED_UNIQUE,True,0,2,0.9285714285714286,26,26,1.0,1eddc54b0020e6a521a7378b34ea23b5db25ab6c8e78beb9a291243b1fa4c9cc
utf8_state,erase_tolerable,dependency_upgrade,clang,-O2,EXECUTED,True,,,CERTIFIED_UNIQUE,True,0,2,0.9285714285714286,26,0,0.0,1eddc54b0020e6a521a7378b34ea23b5db25ab6c8e78beb9a291243b1fa4c9cc
utf8_state,merge_tolerable,"format,erase_tolerable",gcc,-O0,EXECUTED,True,,,CERTIFIED_UNIQUE,True,0,2,0.9285714285714286,26,26,1.0,f703740b2b11d939b7ee227ef1aee9667ef6ece5a46993c43c30559282eacfe1
utf8_state,merge_tolerable,"format,erase_tolerable",gcc,-O2,EXECUTED,True,,,CERTIFIED_UNIQUE,True,0,2,0.9285714285714286,26,0,0.0,f703740b2b11d939b7ee227ef1aee9667ef6ece5a46993c43c30559282eacfe1
utf8_state,merge_tolerable,"format,erase_tolerable",clang,-O0,EXECUTED,True,,,CERTIFIED_UNIQUE,True,0,2,0.9285714285714286,26,26,1.0,f703740b2b11d939b7ee227ef1aee9667ef6ece5a46993c43c30559282eacfe1
utf8_state,merge_tolerable,"format,erase_tolerable",clang,-O2,EXECUTED,True,,,CERTIFIED_UNIQUE,True,0,2,0.9285714285714286,26,0,0.0,f703740b2b11d939b7ee227ef1aee9667ef6ece5a46993c43c30559282eacfe1
utf8_state,flip_tolerable,merge_tolerable,gcc,-O0,EXECUTED,True,,,CERTIFIED_UNIQUE,True,2,2,0.9285714285714286,26,26,1.0,da16d19efccb672aada8e6ef11418379686d7cd7f04ecf9ed274a40dd35e19b4
utf8_state,flip_tolerable,merge_tolerable,gcc,-O2,EXECUTED,True,,,CERTIFIED_UNIQUE,True,2,2,0.9285714285714286,26,0,0.0,da16d19efccb672aada8e6ef11418379686d7cd7f04ecf9ed274a40dd35e19b4
utf8_state,flip_tolerable,merge_tolerable,clang,-O0,EXECUTED,True,,,CERTIFIED_UNIQUE,True,2,2,0.9285714285714286,26,26,1.0,da16d19efccb672aada8e6ef11418379686d7cd7f04ecf9ed274a40dd35e19b4
utf8_state,flip_tolerable,merge_tolerable,clang,-O2,EXECUTED,True,,,CERTIFIED_UNIQUE,True,2,2,0.9285714285714286,26,0,0.0,da16d19efccb672aada8e6ef11418379686d7cd7f04ecf9ed274a40dd35e19b4
utf8_state,recovery_break,dependency_upgrade,gcc,-O0,EXECUTED,True,,,NOT_CERTIFIED,False,1,1,0.9642857142857143,27,27,1.0,861ca72ff8034361c4f21ef17d5a5a92593b76367151f074e5eea1e56fbc3a3e
utf8_state,recovery_break,dependency_upgrade,gcc,-O2,EXECUTED,True,,,NOT_CERTIFIED,False,1,1,0.9642857142857143,27,0,0.0,861ca72ff8034361c4f21ef17d5a5a92593b76367151f074e5eea1e56fbc3a3e
utf8_state,recovery_break,dependency_upgrade,clang,-O0,EXECUTED,True,,,NOT_CERTIFIED,False,1,1,0.9642857142857143,27,27,1.0,861ca72ff8034361c4f21ef17d5a5a92593b76367151f074e5eea1e56fbc3a3e
utf8_state,recovery_break,dependency_upgrade,clang,-O2,EXECUTED,True,,,NOT_CERTIFIED,False,1,1,0.9642857142857143,27,0,0.0,861ca72ff8034361c4f21ef17d5a5a92593b76367151f074e5eea1e56fbc3a3e
utf8_state,reseed,dependency_upgrade,gcc,-O0,EXECUTED,True,,,CERTIFIED_UNIQUE,True,0,0,0.0,28,28,1.0,9e57b45d52241fe66f666234081378c86118e619183651a921d90c093a8f9cdf
utf8_state,reseed,dependency_upgrade,gcc,-O2,EXECUTED,True,,,CERTIFIED_UNIQUE,True,0,0,0.0,28,0,0.0,9e57b45d52241fe66f666234081378c86118e619183651a921d90c093a8f9cdf
utf8_state,reseed,dependency_upgrade,clang,-O0,EXECUTED,True,,,CERTIFIED_UNIQUE,True,0,0,0.0,28,28,1.0,9e57b45d52241fe66f666234081378c86118e619183651a921d90c093a8f9cdf
utf8_state,reseed,dependency_upgrade,clang,-O2,EXECUTED,True,,,CERTIFIED_UNIQUE,True,0,0,0.0,28,0,0.0,9e57b45d52241fe66f666234081378c86118e619183651a921d90c093a8f9cdf
utf8_state,behavior_drift,dependency_upgrade,gcc,-O0,EXECUTED,False,66,153,CERTIFIED_UNIQUE,True,0,0,1.0,28,28,1.0,e1f8142dc5a4e3e33fbd680d2453cd0be24a0d5765c8a9bfa42cda096bfbe900
utf8_state,behavior_drift,dependency_upgrade,gcc,-O2,EXECUTED,False,66,153,CERTIFIED_UNIQUE,True,0,0,1.0,28,0,0.0,e1f8142dc5a4e3e33fbd680d2453cd0be24a0d5765c8a9bfa42cda096bfbe900
utf8_state,behavior_drift,dependency_upgrade,clang,-O0,EXECUTED,False,66,153,CERTIFIED_UNIQUE,True,0,0,1.0,28,28,1.0,e1f8142dc5a4e3e33fbd680d2453cd0be24a0d5765c8a9bfa42cda096bfbe900
utf8_state,behavior_drift,dependency_upgrade,clang,-O2,EXECUTED,False,66,153,CERTIFIED_UNIQUE,True,0,0,1.0,28,0,0.0,e1f8142dc5a4e3e33fbd680d2453cd0be24a0d5765c8a9bfa42cda096bfbe900
base64_state,baseline,,gcc,-O0,EXECUTED,True,,,CERTIFIED_UNIQUE,True,0,0,1.0,28,0,0.0,5ef53e8acf543156d4f695156a297b3ea5a19f90949a53e45c011ac100cdc040
base64_state,baseline,,gcc,-O2,EXECUTED,True,,,CERTIFIED_UNIQUE,True,0,0,1.0,28,0,0.0,5ef53e8acf543156d4f695156a297b3ea5a19f90949a53e45c011ac100cdc040
base64_state,baseline,,clang,-O0,EXECUTED,True,,,CERTIFIED_UNIQUE,True,0,0,1.0,28,28,1.0,5ef53e8acf543156d4f695156a297b3ea5a19f90949a53e45c011ac100cdc040
base64_state,baseline,,clang,-O2,EXECUTED,True,,,CERTIFIED_UNIQUE,True,0,0,1.0,28,0,0.0,5ef53e8acf543156d4f695156a297b3ea5a19f90949a53e45c011ac100cdc040
base64_state,rename,baseline,gcc,-O0,EXECUTED,True,,,CERTIFIED_UNIQUE,True,0,0,1.0,28,0,0.0,06121b11494a26ec195aced7ecf4bf9dd4e9d392545be90e60a41f595c9173d3
base64_state,rename,baseline,gcc,-O2,EXECUTED,True,,,CERTIFIED_UNIQUE,True,0,0,1.0,28,0,0.0,06121b11494a26ec195aced7ecf4bf9dd4e9d392545be90e60a41f595c9173d3
base64_state,rename,baseline,clang,-O0,EXECUTED,True,,,CERTIFIED_UNIQUE,True,0,0,1.0,28,28,1.0,06121b11494a26ec195aced7ecf4bf9dd4e9d392545be90e60a41f595c9173d3
base64_state,rename,baseline,clang,-O2,EXECUTED,True,,,CERTIFIED_UNIQUE,True,0,0,1.0,28,0,0.0,06121b11494a26ec195aced7ecf4bf9dd4e9d392545be90e60a41f595c9173d3
base64_state,reorder,rename,gcc,-O0,EXECUTED,True,,,CERTIFIED_UNIQUE,True,0,0,1.0,28,0,0.0,9de3d94866b8b9b9e1a8a97941ae4292e315d89171537989cab5bf1cfdfe2238
base64_state,reorder,rename,gcc,-O2,EXECUTED,True,,,CERTIFIED_UNIQUE,True,0,0,1.0,28,0,0.0,9de3d94866b8b9b9e1a8a97941ae4292e315d89171537989cab5bf1cfdfe2238
base64_state,reorder,rename,clang,-O0,EXECUTED,True,,,CERTIFIED_UNIQUE,True,0,0,1.0,28,28,1.0,9de3d94866b8b9b9e1a8a97941ae4292e315d89171537989cab5bf1cfdfe2238
base64_state,reorder,rename,clang,-O2,EXECUTED,True,,,CERTIFIED_UNIQUE,True,0,0,1.0,28,0,0.0,9de3d94866b8b9b9e1a8a97941ae4292e315d89171537989cab5bf1cfdfe2238
base64_state,extract,reorder,gcc,-O0,EXECUTED,True,,,CERTIFIED_UNIQUE,True,0,0,1.0,28,28,1.0,57d1d7f3411e43d6a9de81eb2bed36c457e568408c158cdaa3c085020c7d4d3d
base64_state,extract,reorder,gcc,-O2,EXECUTED,True,,,CERTIFIED_UNIQUE,True,0,0,1.0,28,0,0.0,57d1d7f3411e43d6a9de81eb2bed36c457e568408c158cdaa3c085020c7d4d3d
base64_state,extract,reorder,clang,-O0,EXECUTED,True,,,CERTIFIED_UNIQUE,True,0,0,1.0,28,28,1.0,57d1d7f3411e43d6a9de81eb2bed36c457e568408c158cdaa3c085020c7d4d3d
base64_state,extract,reorder,clang,-O2,EXECUTED,True,,,CERTIFIED_UNIQUE,True,0,0,1.0,28,0,0.0,57d1d7f3411e43d6a9de81eb2bed36c457e568408c158cdaa3c085020c7d4d3d
base64_state,dependency_upgrade,extract,gcc,-O0,EXECUTED,True,,,CERTIFIED_UNIQUE,True,0,0,1.0,28,28,1.0,584e7a8b4cebce5a2c06d9f583cbb631ba1d8a107d7e4c2192aa9586bbace524
base64_state,dependency_upgrade,extract,gcc,-O2,EXECUTED,True,,,CERTIFIED_UNIQUE,True,0,0,1.0,28,0,0.0,584e7a8b4cebce5a2c06d9f583cbb631ba1d8a107d7e4c2192aa9586bbace524
base64_state,dependency_upgrade,extract,clang,-O0,EXECUTED,True,,,CERTIFIED_UNIQUE,True,0,0,1.0,28,28,1.0,584e7a8b4cebce5a2c06d9f583cbb631ba1d8a107d7e4c2192aa9586bbace524
base64_state,dependency_upgrade,extract,clang,-O2,EXECUTED,True,,,CERTIFIED_UNIQUE,True,0,0,1.0,28,0,0.0,584e7a8b4cebce5a2c06d9f583cbb631ba1d8a107d7e4c2192aa9586bbace524
base64_state,format,dependency_upgrade,gcc,-O0,EXECUTED,True,,,CERTIFIED_UNIQUE,True,0,0,1.0,28,28,1.0,c6addbaad25be37ec4956a82789c03bf8a321a312838752bc6216e679323d84a
base64_state,format,dependency_upgrade,gcc,-O2,EXECUTED,True,,,CERTIFIED_UNIQUE,True,0,0,1.0,28,0,0.0,c6addbaad25be37ec4956a82789c03bf8a321a312838752bc6216e679323d84a
base64_state,format,dependency_upgrade,clang,-O0,EXECUTED,True,,,CERTIFIED_UNIQUE,True,0,0,1.0,28,28,1.0,c6addbaad25be37ec4956a82789c03bf8a321a312838752bc6216e679323d84a
base64_state,format,dependency_upgrade,clang,-O2,EXECUTED,True,,,CERTIFIED_UNIQUE,True,0,0,1.0,28,0,0.0,c6addbaad25be37ec4956a82789c03bf8a321a312838752bc6216e679323d84a
base64_state,erase_tolerable,dependency_upgrade,gcc,-O0,EXECUTED,True,,,CERTIFIED_UNIQUE,True,0,2,0.9285714285714286,26,26,1.0,8321d2bfc81d2a591a5b57615ae0b2e71e02b22e86ee30208544906cf8509084
base64_state,erase_tolerable,dependency_upgrade,gcc,-O2,EXECUTED,True,,,CERTIFIED_UNIQUE,True,0,2,0.9285714285714286,26,0,0.0,8321d2bfc81d2a591a5b57615ae0b2e71e02b22e86ee30208544906cf8509084
base64_state,erase_tolerable,dependency_upgrade,clang,-O0,EXECUTED,True,,,CERTIFIED_UNIQUE,True,0,2,0.9285714285714286,26,26,1.0,8321d2bfc81d2a591a5b57615ae0b2e71e02b22e86ee30208544906cf8509084
base64_state,erase_tolerable,dependency_upgrade,clang,-O2,EXECUTED,True,,,CERTIFIED_UNIQUE,True,0,2,0.9285714285714286,26,0,0.0,8321d2bfc81d2a591a5b57615ae0b2e71e02b22e86ee30208544906cf8509084
base64_state,merge_tolerable,"format,erase_tolerable",gcc,-O0,EXECUTED,True,,,CERTIFIED_UNIQUE,True,0,2,0.9285714285714286,26,26,1.0,b3f5e99c7a4a6668cda5e51748195a98ea3c94b810a94f10f8cb3f6e1845e735
base64_state,merge_tolerable,"format,erase_tolerable",gcc,-O2,EXECUTED,True,,,CERTIFIED_UNIQUE,True,0,2,0.9285714285714286,26,0,0.0,b3f5e99c7a4a6668cda5e51748195a98ea3c94b810a94f10f8cb3f6e1845e735
base64_state,merge_tolerable,"format,erase_tolerable",clang,-O0,EXECUTED,True,,,CERTIFIED_UNIQUE,True,0,2,0.9285714285714286,26,26,1.0,b3f5e99c7a4a6668cda5e51748195a98ea3c94b810a94f10f8cb3f6e1845e735
base64_state,merge_tolerable,"format,erase_tolerable",clang,-O2,EXECUTED,True,,,CERTIFIED_UNIQUE,True,0,2,0.9285714285714286,26,0,0.0,b3f5e99c7a4a6668cda5e51748195a98ea3c94b810a94f10f8cb3f6e1845e735
base64_state,flip_tolerable,merge_tolerable,gcc,-O0,EXECUTED,True,,,CERTIFIED_UNIQUE,True,2,2,0.9285714285714286,26,26,1.0,e5647880c5e43608da90409876d5dfb9c88a2a97bf0d924e0ffacb0ecdd494e4
base64_state,flip_tolerable,merge_tolerable,gcc,-O2,EXECUTED,True,,,CERTIFIED_UNIQUE,True,2,2,0.9285714285714286,26,0,0.0,e5647880c5e43608da90409876d5dfb9c88a2a97bf0d924e0ffacb0ecdd494e4
base64_state,flip_tolerable,merge_tolerable,clang,-O0,EXECUTED,True,,,CERTIFIED_UNIQUE,True,2,2,0.9285714285714286,26,26,1.0,e5647880c5e43608da90409876d5dfb9c88a2a97bf0d924e0ffacb0ecdd494e4
base64_state,flip_tolerable,merge_tolerable,clang,-O2,EXECUTED,True,,,CERTIFIED_UNIQUE,True,2,2,0.9285714285714286,26,0,0.0,e5647880c5e43608da90409876d5dfb9c88a2a97bf0d924e0ffacb0ecdd494e4
base64_state,recovery_break,dependency_upgrade,gcc,-O0,EXECUTED,True,,,NOT_CERTIFIED,False,1,1,0.9642857142857143,27,27,1.0,7fcc5d8812294dc06a54c938fc1871107066bcf849666f398e402a134af8677b
base64_state,recovery_break,dependency_upgrade,gcc,-O2,EXECUTED,True,,,NOT_CERTIFIED,False,1,1,0.9642857142857143,27,0,0.0,7fcc5d8812294dc06a54c938fc1871107066bcf849666f398e402a134af8677b
base64_state,recovery_break,dependency_upgrade,clang,-O0,EXECUTED,True,,,NOT_CERTIFIED,False,1,1,0.9642857142857143,27,27,1.0,7fcc5d8812294dc06a54c938fc1871107066bcf849666f398e402a134af8677b
base64_state,recovery_break,dependency_upgrade,clang,-O2,EXECUTED,True,,,NOT_CERTIFIED,False,1,1,0.9642857142857143,27,0,0.0,7fcc5d8812294dc06a54c938fc1871107066bcf849666f398e402a134af8677b
base64_state,reseed,dependency_upgrade,gcc,-O0,EXECUTED,True,,,CERTIFIED_UNIQUE,True,0,0,0.0,28,28,1.0,3b85e0a40fb4b8a72f7960cf21371da0dc8209cf89cf0e22ac92d4bf59b51adb
base64_state,reseed,dependency_upgrade,gcc,-O2,EXECUTED,True,,,CERTIFIED_UNIQUE,True,0,0,0.0,28,0,0.0,3b85e0a40fb4b8a72f7960cf21371da0dc8209cf89cf0e22ac92d4bf59b51adb
base64_state,reseed,dependency_upgrade,clang,-O0,EXECUTED,True,,,CERTIFIED_UNIQUE,True,0,0,0.0,28,28,1.0,3b85e0a40fb4b8a72f7960cf21371da0dc8209cf89cf0e22ac92d4bf59b51adb
base64_state,reseed,dependency_upgrade,clang,-O2,EXECUTED,True,,,CERTIFIED_UNIQUE,True,0,0,0.0,28,0,0.0,3b85e0a40fb4b8a72f7960cf21371da0dc8209cf89cf0e22ac92d4bf59b51adb
base64_state,behavior_drift,dependency_upgrade,gcc,-O0,EXECUTED,False,66,153,CERTIFIED_UNIQUE,True,0,0,1.0,28,28,1.0,9125ef97a1eb778c63e5a4849360072781243d34c6bfdd9618495b9056b4e709
base64_state,behavior_drift,dependency_upgrade,gcc,-O2,EXECUTED,False,66,153,CERTIFIED_UNIQUE,True,0,0,1.0,28,0,0.0,9125ef97a1eb778c63e5a4849360072781243d34c6bfdd9618495b9056b4e709
base64_state,behavior_drift,dependency_upgrade,clang,-O0,EXECUTED,False,66,153,CERTIFIED_UNIQUE,True,0,0,1.0,28,28,1.0,9125ef97a1eb778c63e5a4849360072781243d34c6bfdd9618495b9056b4e709
base64_state,behavior_drift,dependency_upgrade,clang,-O2,EXECUTED,False,66,153,CERTIFIED_UNIQUE,True,0,0,1.0,28,0,0.0,9125ef97a1eb778c63e5a4849360072781243d34c6bfdd9618495b9056b4e709
luhn_state,baseline,,gcc,-O0,EXECUTED,True,,,CERTIFIED_UNIQUE,True,0,0,1.0,28,0,0.0,e0d6b7f2b72acbc42fc587038bbe9f88bd8c683321013210c76e1c750a519244
luhn_state,baseline,,gcc,-O2,EXECUTED,True,,,CERTIFIED_UNIQUE,True,0,0,1.0,28,0,0.0,e0d6b7f2b72acbc42fc587038bbe9f88bd8c683321013210c76e1c750a519244
luhn_state,baseline,,clang,-O0,EXECUTED,True,,,CERTIFIED_UNIQUE,True,0,0,1.0,28,28,1.0,e0d6b7f2b72acbc42fc587038bbe9f88bd8c683321013210c76e1c750a519244
luhn_state,baseline,,clang,-O2,EXECUTED,True,,,CERTIFIED_UNIQUE,True,0,0,1.0,28,0,0.0,e0d6b7f2b72acbc42fc587038bbe9f88bd8c683321013210c76e1c750a519244
luhn_state,rename,baseline,gcc,-O0,EXECUTED,True,,,CERTIFIED_UNIQUE,True,0,0,1.0,28,0,0.0,ec51a1434e2459f9e9747aff63fe058a6dc7829f9319d028ab050e62b15b8310
luhn_state,rename,baseline,gcc,-O2,EXECUTED,True,,,CERTIFIED_UNIQUE,True,0,0,1.0,28,0,0.0,ec51a1434e2459f9e9747aff63fe058a6dc7829f9319d028ab050e62b15b8310
luhn_state,rename,baseline,clang,-O0,EXECUTED,True,,,CERTIFIED_UNIQUE,True,0,0,1.0,28,28,1.0,ec51a1434e2459f9e9747aff63fe058a6dc7829f9319d028ab050e62b15b8310
luhn_state,rename,baseline,clang,-O2,EXECUTED,True,,,CERTIFIED_UNIQUE,True,0,0,1.0,28,0,0.0,ec51a1434e2459f9e9747aff63fe058a6dc7829f9319d028ab050e62b15b8310
luhn_state,reorder,rename,gcc,-O0,EXECUTED,True,,,CERTIFIED_UNIQUE,True,0,0,1.0,28,0,0.0,4c2b4e6bfe3ff45615d5bf45ff50949f4610073fc4dee54f03af007cbdb9d79e
luhn_state,reorder,rename,gcc,-O2,EXECUTED,True,,,CERTIFIED_UNIQUE,True,0,0,1.0,28,0,0.0,4c2b4e6bfe3ff45615d5bf45ff50949f4610073fc4dee54f03af007cbdb9d79e
luhn_state,reorder,rename,clang,-O0,EXECUTED,True,,,CERTIFIED_UNIQUE,True,0,0,1.0,28,28,1.0,4c2b4e6bfe3ff45615d5bf45ff50949f4610073fc4dee54f03af007cbdb9d79e
luhn_state,reorder,rename,clang,-O2,EXECUTED,True,,,CERTIFIED_UNIQUE,True,0,0,1.0,28,0,0.0,4c2b4e6bfe3ff45615d5bf45ff50949f4610073fc4dee54f03af007cbdb9d79e
luhn_state,extract,reorder,gcc,-O0,EXECUTED,True,,,CERTIFIED_UNIQUE,True,0,0,1.0,28,28,1.0,e836e945e625efa9760cf371082d003ec5658dcee85005c9714bb534e23187a1
luhn_state,extract,reorder,gcc,-O2,EXECUTED,True,,,CERTIFIED_UNIQUE,True,0,0,1.0,28,0,0.0,e836e945e625efa9760cf371082d003ec5658dcee85005c9714bb534e23187a1
luhn_state,extract,reorder,clang,-O0,EXECUTED,True,,,CERTIFIED_UNIQUE,True,0,0,1.0,28,28,1.0,e836e945e625efa9760cf371082d003ec5658dcee85005c9714bb534e23187a1
luhn_state,extract,reorder,clang,-O2,EXECUTED,True,,,CERTIFIED_UNIQUE,True,0,0,1.0,28,0,0.0,e836e945e625efa9760cf371082d003ec5658dcee85005c9714bb534e23187a1
luhn_state,dependency_upgrade,extract,gcc,-O0,EXECUTED,True,,,CERTIFIED_UNIQUE,True,0,0,1.0,28,28,1.0,20933b4c9c6ac414adc6f57fc4c5352e28d48dd375470b83a829ff14058acaeb
luhn_state,dependency_upgrade,extract,gcc,-O2,EXECUTED,True,,,CERTIFIED_UNIQUE,True,0,0,1.0,28,0,0.0,20933b4c9c6ac414adc6f57fc4c5352e28d48dd375470b83a829ff14058acaeb
luhn_state,dependency_upgrade,extract,clang,-O0,EXECUTED,True,,,CERTIFIED_UNIQUE,True,0,0,1.0,28,28,1.0,20933b4c9c6ac414adc6f57fc4c5352e28d48dd375470b83a829ff14058acaeb
luhn_state,dependency_upgrade,extract,clang,-O2,EXECUTED,True,,,CERTIFIED_UNIQUE,True,0,0,1.0,28,0,0.0,20933b4c9c6ac414adc6f57fc4c5352e28d48dd375470b83a829ff14058acaeb
luhn_state,format,dependency_upgrade,gcc,-O0,EXECUTED,True,,,CERTIFIED_UNIQUE,True,0,0,1.0,28,28,1.0,59dbee7d1c11048b4b68892ab6deffff6c23ff9026118897d6d8486d7019a657
luhn_state,format,dependency_upgrade,gcc,-O2,EXECUTED,True,,,CERTIFIED_UNIQUE,True,0,0,1.0,28,0,0.0,59dbee7d1c11048b4b68892ab6deffff6c23ff9026118897d6d8486d7019a657
luhn_state,format,dependency_upgrade,clang,-O0,EXECUTED,True,,,CERTIFIED_UNIQUE,True,0,0,1.0,28,28,1.0,59dbee7d1c11048b4b68892ab6deffff6c23ff9026118897d6d8486d7019a657
luhn_state,format,dependency_upgrade,clang,-O2,EXECUTED,True,,,CERTIFIED_UNIQUE,True,0,0,1.0,28,0,0.0,59dbee7d1c11048b4b68892ab6deffff6c23ff9026118897d6d8486d7019a657
luhn_state,erase_tolerable,dependency_upgrade,gcc,-O0,EXECUTED,True,,,CERTIFIED_UNIQUE,True,0,2,0.9285714285714286,26,26,1.0,239565b6bac323882bc2e88e76e722aa2bd46127fa719abf1df5c6de34d10d2f
luhn_state,erase_tolerable,dependency_upgrade,gcc,-O2,EXECUTED,True,,,CERTIFIED_UNIQUE,True,0,2,0.9285714285714286,26,0,0.0,239565b6bac323882bc2e88e76e722aa2bd46127fa719abf1df5c6de34d10d2f
luhn_state,erase_tolerable,dependency_upgrade,clang,-O0,EXECUTED,True,,,CERTIFIED_UNIQUE,True,0,2,0.9285714285714286,26,26,1.0,239565b6bac323882bc2e88e76e722aa2bd46127fa719abf1df5c6de34d10d2f
luhn_state,erase_tolerable,dependency_upgrade,clang,-O2,EXECUTED,True,,,CERTIFIED_UNIQUE,True,0,2,0.9285714285714286,26,0,0.0,239565b6bac323882bc2e88e76e722aa2bd46127fa719abf1df5c6de34d10d2f
luhn_state,merge_tolerable,"format,erase_tolerable",gcc,-O0,EXECUTED,True,,,CERTIFIED_UNIQUE,True,0,2,0.9285714285714286,26,26,1.0,75ac4b54285934e01cd1119446627b588554c400b5a8fd9bcad9f867acdee969
luhn_state,merge_tolerable,"format,erase_tolerable",gcc,-O2,EXECUTED,True,,,CERTIFIED_UNIQUE,True,0,2,0.9285714285714286,26,0,0.0,75ac4b54285934e01cd1119446627b588554c400b5a8fd9bcad9f867acdee969
luhn_state,merge_tolerable,"format,erase_tolerable",clang,-O0,EXECUTED,True,,,CERTIFIED_UNIQUE,True,0,2,0.9285714285714286,26,26,1.0,75ac4b54285934e01cd1119446627b588554c400b5a8fd9bcad9f867acdee969
luhn_state,merge_tolerable,"format,erase_tolerable",clang,-O2,EXECUTED,True,,,CERTIFIED_UNIQUE,True,0,2,0.9285714285714286,26,0,0.0,75ac4b54285934e01cd1119446627b588554c400b5a8fd9bcad9f867acdee969
luhn_state,flip_tolerable,merge_tolerable,gcc,-O0,EXECUTED,True,,,CERTIFIED_UNIQUE,True,2,2,0.9285714285714286,26,26,1.0,794e3d88dd75af522700651069ef47aedecf3675f6a64737cfbe8c3ec453e43c
luhn_state,flip_tolerable,merge_tolerable,gcc,-O2,EXECUTED,True,,,CERTIFIED_UNIQUE,True,2,2,0.9285714285714286,26,0,0.0,794e3d88dd75af522700651069ef47aedecf3675f6a64737cfbe8c3ec453e43c
luhn_state,flip_tolerable,merge_tolerable,clang,-O0,EXECUTED,True,,,CERTIFIED_UNIQUE,True,2,2,0.9285714285714286,26,26,1.0,794e3d88dd75af522700651069ef47aedecf3675f6a64737cfbe8c3ec453e43c
luhn_state,flip_tolerable,merge_tolerable,clang,-O2,EXECUTED,True,,,CERTIFIED_UNIQUE,True,2,2,0.9285714285714286,26,0,0.0,794e3d88dd75af522700651069ef47aedecf3675f6a64737cfbe8c3ec453e43c
luhn_state,recovery_break,dependency_upgrade,gcc,-O0,EXECUTED,True,,,NOT_CERTIFIED,False,1,1,0.9642857142857143,27,27,1.0,a3c1bfee4ed5cf7d7d3df1728da206b74cdde56bc13f2c56ca0b5a31802c5a3a
luhn_state,recovery_break,dependency_upgrade,gcc,-O2,EXECUTED,True,,,NOT_CERTIFIED,False,1,1,0.9642857142857143,27,0,0.0,a3c1bfee4ed5cf7d7d3df1728da206b74cdde56bc13f2c56ca0b5a31802c5a3a
luhn_state,recovery_break,dependency_upgrade,clang,-O0,EXECUTED,True,,,NOT_CERTIFIED,False,1,1,0.9642857142857143,27,27,1.0,a3c1bfee4ed5cf7d7d3df1728da206b74cdde56bc13f2c56ca0b5a31802c5a3a
luhn_state,recovery_break,dependency_upgrade,clang,-O2,EXECUTED,True,,,NOT_CERTIFIED,False,1,1,0.9642857142857143,27,0,0.0,a3c1bfee4ed5cf7d7d3df1728da206b74cdde56bc13f2c56ca0b5a31802c5a3a
luhn_state,reseed,dependency_upgrade,gcc,-O0,EXECUTED,True,,,CERTIFIED_UNIQUE,True,0,0,0.0,28,28,1.0,b020ea6d6070782e197f713ecf85339f21e49861eb1f9b555f3faf8403e34e44
luhn_state,reseed,dependency_upgrade,gcc,-O2,EXECUTED,True,,,CERTIFIED_UNIQUE,True,0,0,0.0,28,0,0.0,b020ea6d6070782e197f713ecf85339f21e49861eb1f9b555f3faf8403e34e44
luhn_state,reseed,dependency_upgrade,clang,-O0,EXECUTED,True,,,CERTIFIED_UNIQUE,True,0,0,0.0,28,28,1.0,b020ea6d6070782e197f713ecf85339f21e49861eb1f9b555f3faf8403e34e44
luhn_state,reseed,dependency_upgrade,clang,-O2,EXECUTED,True,,,CERTIFIED_UNIQUE,True,0,0,0.0,28,0,0.0,b020ea6d6070782e197f713ecf85339f21e49861eb1f9b555f3faf8403e34e44
luhn_state,behavior_drift,dependency_upgrade,gcc,-O0,EXECUTED,False,66,153,CERTIFIED_UNIQUE,True,0,0,1.0,28,28,1.0,e0e5731dc40db661e122885bdd5b8e2ca2d5842efba7d784f5fefff994ef2b0a
luhn_state,behavior_drift,dependency_upgrade,gcc,-O2,EXECUTED,False,66,153,CERTIFIED_UNIQUE,True,0,0,1.0,28,0,0.0,e0e5731dc40db661e122885bdd5b8e2ca2d5842efba7d784f5fefff994ef2b0a
luhn_state,behavior_drift,dependency_upgrade,clang,-O0,EXECUTED,False,66,153,CERTIFIED_UNIQUE,True,0,0,1.0,28,28,1.0,e0e5731dc40db661e122885bdd5b8e2ca2d5842efba7d784f5fefff994ef2b0a
luhn_state,behavior_drift,dependency_upgrade,clang,-O2,EXECUTED,False,66,153,CERTIFIED_UNIQUE,True,0,0,1.0,28,0,0.0,e0e5731dc40db661e122885bdd5b8e2ca2d5842efba7d784f5fefff994ef2b0a
saturating_add,baseline,,gcc,-O0,EXECUTED,True,,,CERTIFIED_UNIQUE,True,0,0,1.0,28,0,0.0,c2dd14381f17ce29d17c74f7fce3bc440b7f999e056456d58e8e4e1c8d44c59b
saturating_add,baseline,,gcc,-O2,EXECUTED,True,,,CERTIFIED_UNIQUE,True,0,0,1.0,28,0,0.0,c2dd14381f17ce29d17c74f7fce3bc440b7f999e056456d58e8e4e1c8d44c59b
saturating_add,baseline,,clang,-O0,EXECUTED,True,,,CERTIFIED_UNIQUE,True,0,0,1.0,28,28,1.0,c2dd14381f17ce29d17c74f7fce3bc440b7f999e056456d58e8e4e1c8d44c59b
saturating_add,baseline,,clang,-O2,EXECUTED,True,,,CERTIFIED_UNIQUE,True,0,0,1.0,28,0,0.0,c2dd14381f17ce29d17c74f7fce3bc440b7f999e056456d58e8e4e1c8d44c59b
saturating_add,rename,baseline,gcc,-O0,EXECUTED,True,,,CERTIFIED_UNIQUE,True,0,0,1.0,28,0,0.0,9b2fe624c83d1df1c34c5898ec08e68a96b8f703b21ee10f0e45c59e9f1cb9b6
saturating_add,rename,baseline,gcc,-O2,EXECUTED,True,,,CERTIFIED_UNIQUE,True,0,0,1.0,28,0,0.0,9b2fe624c83d1df1c34c5898ec08e68a96b8f703b21ee10f0e45c59e9f1cb9b6
saturating_add,rename,baseline,clang,-O0,EXECUTED,True,,,CERTIFIED_UNIQUE,True,0,0,1.0,28,28,1.0,9b2fe624c83d1df1c34c5898ec08e68a96b8f703b21ee10f0e45c59e9f1cb9b6
saturating_add,rename,baseline,clang,-O2,EXECUTED,True,,,CERTIFIED_UNIQUE,True,0,0,1.0,28,0,0.0,9b2fe624c83d1df1c34c5898ec08e68a96b8f703b21ee10f0e45c59e9f1cb9b6
saturating_add,reorder,rename,gcc,-O0,EXECUTED,True,,,CERTIFIED_UNIQUE,True,0,0,1.0,28,0,0.0,c0585ceb068afd30ea7e0af3bb44accdf12d0167806003e5a62f3e8a35538947
saturating_add,reorder,rename,gcc,-O2,EXECUTED,True,,,CERTIFIED_UNIQUE,True,0,0,1.0,28,0,0.0,c0585ceb068afd30ea7e0af3bb44accdf12d0167806003e5a62f3e8a35538947
saturating_add,reorder,rename,clang,-O0,EXECUTED,True,,,CERTIFIED_UNIQUE,True,0,0,1.0,28,28,1.0,c0585ceb068afd30ea7e0af3bb44accdf12d0167806003e5a62f3e8a35538947
saturating_add,reorder,rename,clang,-O2,EXECUTED,True,,,CERTIFIED_UNIQUE,True,0,0,1.0,28,0,0.0,c0585ceb068afd30ea7e0af3bb44accdf12d0167806003e5a62f3e8a35538947
saturating_add,extract,reorder,gcc,-O0,EXECUTED,True,,,CERTIFIED_UNIQUE,True,0,0,1.0,28,28,1.0,b45d73314041504832e9f267e8111f1f707c00857a299ac296691b16b00f11eb
saturating_add,extract,reorder,gcc,-O2,EXECUTED,True,,,CERTIFIED_UNIQUE,True,0,0,1.0,28,0,0.0,b45d73314041504832e9f267e8111f1f707c00857a299ac296691b16b00f11eb
saturating_add,extract,reorder,clang,-O0,EXECUTED,True,,,CERTIFIED_UNIQUE,True,0,0,1.0,28,28,1.0,b45d73314041504832e9f267e8111f1f707c00857a299ac296691b16b00f11eb
saturating_add,extract,reorder,clang,-O2,EXECUTED,True,,,CERTIFIED_UNIQUE,True,0,0,1.0,28,0,0.0,b45d73314041504832e9f267e8111f1f707c00857a299ac296691b16b00f11eb
saturating_add,dependency_upgrade,extract,gcc,-O0,EXECUTED,True,,,CERTIFIED_UNIQUE,True,0,0,1.0,28,28,1.0,7a61f349702a27a6df6300ca99f5bcd4e5d16221c3c765adb1a593ab327ef1d3
saturating_add,dependency_upgrade,extract,gcc,-O2,EXECUTED,True,,,CERTIFIED_UNIQUE,True,0,0,1.0,28,0,0.0,7a61f349702a27a6df6300ca99f5bcd4e5d16221c3c765adb1a593ab327ef1d3
saturating_add,dependency_upgrade,extract,clang,-O0,EXECUTED,True,,,CERTIFIED_UNIQUE,True,0,0,1.0,28,28,1.0,7a61f349702a27a6df6300ca99f5bcd4e5d16221c3c765adb1a593ab327ef1d3
saturating_add,dependency_upgrade,extract,clang,-O2,EXECUTED,True,,,CERTIFIED_UNIQUE,True,0,0,1.0,28,0,0.0,7a61f349702a27a6df6300ca99f5bcd4e5d16221c3c765adb1a593ab327ef1d3
saturating_add,format,dependency_upgrade,gcc,-O0,EXECUTED,True,,,CERTIFIED_UNIQUE,True,0,0,1.0,28,28,1.0,6aa0b87d7060dd35698c74a6fb614242ad554b9a9f827ebad74bdb05ed30a013
saturating_add,format,dependency_upgrade,gcc,-O2,EXECUTED,True,,,CERTIFIED_UNIQUE,True,0,0,1.0,28,0,0.0,6aa0b87d7060dd35698c74a6fb614242ad554b9a9f827ebad74bdb05ed30a013
saturating_add,format,dependency_upgrade,clang,-O0,EXECUTED,True,,,CERTIFIED_UNIQUE,True,0,0,1.0,28,28,1.0,6aa0b87d7060dd35698c74a6fb614242ad554b9a9f827ebad74bdb05ed30a013
saturating_add,format,dependency_upgrade,clang,-O2,EXECUTED,True,,,CERTIFIED_UNIQUE,True,0,0,1.0,28,0,0.0,6aa0b87d7060dd35698c74a6fb614242ad554b9a9f827ebad74bdb05ed30a013
saturating_add,erase_tolerable,dependency_upgrade,gcc,-O0,EXECUTED,True,,,CERTIFIED_UNIQUE,True,0,2,0.9285714285714286,26,26,1.0,ad08ecede8f0635b0f0bc6ac40151a69b48eef1ba4d3d376574f85ff9286b257
saturating_add,erase_tolerable,dependency_upgrade,gcc,-O2,EXECUTED,True,,,CERTIFIED_UNIQUE,True,0,2,0.9285714285714286,26,0,0.0,ad08ecede8f0635b0f0bc6ac40151a69b48eef1ba4d3d376574f85ff9286b257
saturating_add,erase_tolerable,dependency_upgrade,clang,-O0,EXECUTED,True,,,CERTIFIED_UNIQUE,True,0,2,0.9285714285714286,26,26,1.0,ad08ecede8f0635b0f0bc6ac40151a69b48eef1ba4d3d376574f85ff9286b257
saturating_add,erase_tolerable,dependency_upgrade,clang,-O2,EXECUTED,True,,,CERTIFIED_UNIQUE,True,0,2,0.9285714285714286,26,0,0.0,ad08ecede8f0635b0f0bc6ac40151a69b48eef1ba4d3d376574f85ff9286b257
saturating_add,merge_tolerable,"format,erase_tolerable",gcc,-O0,EXECUTED,True,,,CERTIFIED_UNIQUE,True,0,2,0.9285714285714286,26,26,1.0,a8e395c2274e462dbc36bcf327525d980b9f697338e9e68528140e14568fb517
saturating_add,merge_tolerable,"format,erase_tolerable",gcc,-O2,EXECUTED,True,,,CERTIFIED_UNIQUE,True,0,2,0.9285714285714286,26,0,0.0,a8e395c2274e462dbc36bcf327525d980b9f697338e9e68528140e14568fb517
saturating_add,merge_tolerable,"format,erase_tolerable",clang,-O0,EXECUTED,True,,,CERTIFIED_UNIQUE,True,0,2,0.9285714285714286,26,26,1.0,a8e395c2274e462dbc36bcf327525d980b9f697338e9e68528140e14568fb517
saturating_add,merge_tolerable,"format,erase_tolerable",clang,-O2,EXECUTED,True,,,CERTIFIED_UNIQUE,True,0,2,0.9285714285714286,26,0,0.0,a8e395c2274e462dbc36bcf327525d980b9f697338e9e68528140e14568fb517
saturating_add,flip_tolerable,merge_tolerable,gcc,-O0,EXECUTED,True,,,CERTIFIED_UNIQUE,True,2,2,0.9285714285714286,26,26,1.0,22853794616cee9b09387e7f5fc3403b52b7d5017a35ced685cece065a2b4f4f
saturating_add,flip_tolerable,merge_tolerable,gcc,-O2,EXECUTED,True,,,CERTIFIED_UNIQUE,True,2,2,0.9285714285714286,26,0,0.0,22853794616cee9b09387e7f5fc3403b52b7d5017a35ced685cece065a2b4f4f
saturating_add,flip_tolerable,merge_tolerable,clang,-O0,EXECUTED,True,,,CERTIFIED_UNIQUE,True,2,2,0.9285714285714286,26,26,1.0,22853794616cee9b09387e7f5fc3403b52b7d5017a35ced685cece065a2b4f4f
saturating_add,flip_tolerable,merge_tolerable,clang,-O2,EXECUTED,True,,,CERTIFIED_UNIQUE,True,2,2,0.9285714285714286,26,0,0.0,22853794616cee9b09387e7f5fc3403b52b7d5017a35ced685cece065a2b4f4f
saturating_add,recovery_break,dependency_upgrade,gcc,-O0,EXECUTED,True,,,NOT_CERTIFIED,False,1,1,0.9642857142857143,27,27,1.0,103f6bc1a68d8e1a79727d953bc0c0c0ab0710e5eec256f871ba0469d84baf2c
saturating_add,recovery_break,dependency_upgrade,gcc,-O2,EXECUTED,True,,,NOT_CERTIFIED,False,1,1,0.9642857142857143,27,0,0.0,103f6bc1a68d8e1a79727d953bc0c0c0ab0710e5eec256f871ba0469d84baf2c
saturating_add,recovery_break,dependency_upgrade,clang,-O0,EXECUTED,True,,,NOT_CERTIFIED,False,1,1,0.9642857142857143,27,27,1.0,103f6bc1a68d8e1a79727d953bc0c0c0ab0710e5eec256f871ba0469d84baf2c
saturating_add,recovery_break,dependency_upgrade,clang,-O2,EXECUTED,True,,,NOT_CERTIFIED,False,1,1,0.9642857142857143,27,0,0.0,103f6bc1a68d8e1a79727d953bc0c0c0ab0710e5eec256f871ba0469d84baf2c
saturating_add,reseed,dependency_upgrade,gcc,-O0,EXECUTED,True,,,CERTIFIED_UNIQUE,True,0,0,0.0,28,28,1.0,0f985ecf29c883de162b84aa65db731459e84c0eb6271808867f6370e16d4a9f
saturating_add,reseed,dependency_upgrade,gcc,-O2,EXECUTED,True,,,CERTIFIED_UNIQUE,True,0,0,0.0,28,0,0.0,0f985ecf29c883de162b84aa65db731459e84c0eb6271808867f6370e16d4a9f
saturating_add,reseed,dependency_upgrade,clang,-O0,EXECUTED,True,,,CERTIFIED_UNIQUE,True,0,0,0.0,28,28,1.0,0f985ecf29c883de162b84aa65db731459e84c0eb6271808867f6370e16d4a9f
saturating_add,reseed,dependency_upgrade,clang,-O2,EXECUTED,True,,,CERTIFIED_UNIQUE,True,0,0,0.0,28,0,0.0,0f985ecf29c883de162b84aa65db731459e84c0eb6271808867f6370e16d4a9f
saturating_add,behavior_drift,dependency_upgrade,gcc,-O0,EXECUTED,False,66,153,CERTIFIED_UNIQUE,True,0,0,1.0,28,28,1.0,e6742dec38c3263215cf39b01de0aa3770cf1e8ef0e10a297e98d346e797c8ed
saturating_add,behavior_drift,dependency_upgrade,gcc,-O2,EXECUTED,False,66,153,CERTIFIED_UNIQUE,True,0,0,1.0,28,0,0.0,e6742dec38c3263215cf39b01de0aa3770cf1e8ef0e10a297e98d346e797c8ed
saturating_add,behavior_drift,dependency_upgrade,clang,-O0,EXECUTED,False,66,153,CERTIFIED_UNIQUE,True,0,0,1.0,28,28,1.0,e6742dec38c3263215cf39b01de0aa3770cf1e8ef0e10a297e98d346e797c8ed
saturating_add,behavior_drift,dependency_upgrade,clang,-O2,EXECUTED,False,66,153,CERTIFIED_UNIQUE,True,0,0,1.0,28,0,0.0,e6742dec38c3263215cf39b01de0aa3770cf1e8ef0e10a297e98d346e797c8ed
branch_mix,baseline,,gcc,-O0,EXECUTED,True,,,CERTIFIED_UNIQUE,True,0,0,1.0,28,0,0.0,469289d450e1746ecd099924f9a551c4c24cc898d2a26b576f22b190a4cce2a3
branch_mix,baseline,,gcc,-O2,EXECUTED,True,,,CERTIFIED_UNIQUE,True,0,0,1.0,28,0,0.0,469289d450e1746ecd099924f9a551c4c24cc898d2a26b576f22b190a4cce2a3
branch_mix,baseline,,clang,-O0,EXECUTED,True,,,CERTIFIED_UNIQUE,True,0,0,1.0,28,28,1.0,469289d450e1746ecd099924f9a551c4c24cc898d2a26b576f22b190a4cce2a3
branch_mix,baseline,,clang,-O2,EXECUTED,True,,,CERTIFIED_UNIQUE,True,0,0,1.0,28,0,0.0,469289d450e1746ecd099924f9a551c4c24cc898d2a26b576f22b190a4cce2a3
branch_mix,rename,baseline,gcc,-O0,EXECUTED,True,,,CERTIFIED_UNIQUE,True,0,0,1.0,28,0,0.0,6313b0e70dbe5f3d332de6c5e3e6f244e1f95bffe817df399967c7558463e84d
branch_mix,rename,baseline,gcc,-O2,EXECUTED,True,,,CERTIFIED_UNIQUE,True,0,0,1.0,28,0,0.0,6313b0e70dbe5f3d332de6c5e3e6f244e1f95bffe817df399967c7558463e84d
branch_mix,rename,baseline,clang,-O0,EXECUTED,True,,,CERTIFIED_UNIQUE,True,0,0,1.0,28,28,1.0,6313b0e70dbe5f3d332de6c5e3e6f244e1f95bffe817df399967c7558463e84d
branch_mix,rename,baseline,clang,-O2,EXECUTED,True,,,CERTIFIED_UNIQUE,True,0,0,1.0,28,0,0.0,6313b0e70dbe5f3d332de6c5e3e6f244e1f95bffe817df399967c7558463e84d
branch_mix,reorder,rename,gcc,-O0,EXECUTED,True,,,CERTIFIED_UNIQUE,True,0,0,1.0,28,0,0.0,870038233d80db61338ca197b843b3c920bdcc4b3f1d6a39b82b4b9c3921794a
branch_mix,reorder,rename,gcc,-O2,EXECUTED,True,,,CERTIFIED_UNIQUE,True,0,0,1.0,28,0,0.0,870038233d80db61338ca197b843b3c920bdcc4b3f1d6a39b82b4b9c3921794a
branch_mix,reorder,rename,clang,-O0,EXECUTED,True,,,CERTIFIED_UNIQUE,True,0,0,1.0,28,28,1.0,870038233d80db61338ca197b843b3c920bdcc4b3f1d6a39b82b4b9c3921794a
branch_mix,reorder,rename,clang,-O2,EXECUTED,True,,,CERTIFIED_UNIQUE,True,0,0,1.0,28,0,0.0,870038233d80db61338ca197b843b3c920bdcc4b3f1d6a39b82b4b9c3921794a
branch_mix,extract,reorder,gcc,-O0,EXECUTED,True,,,CERTIFIED_UNIQUE,True,0,0,1.0,28,28,1.0,35dcf1144f741b7971b805a16a1ed5fd33a9c727608c9b1b2dda464b7d92826c
branch_mix,extract,reorder,gcc,-O2,EXECUTED,True,,,CERTIFIED_UNIQUE,True,0,0,1.0,28,0,0.0,35dcf1144f741b7971b805a16a1ed5fd33a9c727608c9b1b2dda464b7d92826c
branch_mix,extract,reorder,clang,-O0,EXECUTED,True,,,CERTIFIED_UNIQUE,True,0,0,1.0,28,28,1.0,35dcf1144f741b7971b805a16a1ed5fd33a9c727608c9b1b2dda464b7d92826c
branch_mix,extract,reorder,clang,-O2,EXECUTED,True,,,CERTIFIED_UNIQUE,True,0,0,1.0,28,0,0.0,35dcf1144f741b7971b805a16a1ed5fd33a9c727608c9b1b2dda464b7d92826c
branch_mix,dependency_upgrade,extract,gcc,-O0,EXECUTED,True,,,CERTIFIED_UNIQUE,True,0,0,1.0,28,28,1.0,11e6b0c35355861bd6e3f16efa3acbb78a4ff3f15dfcda1d9bc3035450df1e82
branch_mix,dependency_upgrade,extract,gcc,-O2,EXECUTED,True,,,CERTIFIED_UNIQUE,True,0,0,1.0,28,0,0.0,11e6b0c35355861bd6e3f16efa3acbb78a4ff3f15dfcda1d9bc3035450df1e82
branch_mix,dependency_upgrade,extract,clang,-O0,EXECUTED,True,,,CERTIFIED_UNIQUE,True,0,0,1.0,28,28,1.0,11e6b0c35355861bd6e3f16efa3acbb78a4ff3f15dfcda1d9bc3035450df1e82
branch_mix,dependency_upgrade,extract,clang,-O2,EXECUTED,True,,,CERTIFIED_UNIQUE,True,0,0,1.0,28,0,0.0,11e6b0c35355861bd6e3f16efa3acbb78a4ff3f15dfcda1d9bc3035450df1e82
branch_mix,format,dependency_upgrade,gcc,-O0,EXECUTED,True,,,CERTIFIED_UNIQUE,True,0,0,1.0,28,28,1.0,e345cffff9a22cb32390d5a16219629a4deb5d8f8a9dc0ea689d001b76061c22
branch_mix,format,dependency_upgrade,gcc,-O2,EXECUTED,True,,,CERTIFIED_UNIQUE,True,0,0,1.0,28,0,0.0,e345cffff9a22cb32390d5a16219629a4deb5d8f8a9dc0ea689d001b76061c22
branch_mix,format,dependency_upgrade,clang,-O0,EXECUTED,True,,,CERTIFIED_UNIQUE,True,0,0,1.0,28,28,1.0,e345cffff9a22cb32390d5a16219629a4deb5d8f8a9dc0ea689d001b76061c22
branch_mix,format,dependency_upgrade,clang,-O2,EXECUTED,True,,,CERTIFIED_UNIQUE,True,0,0,1.0,28,0,0.0,e345cffff9a22cb32390d5a16219629a4deb5d8f8a9dc0ea689d001b76061c22
branch_mix,erase_tolerable,dependency_upgrade,gcc,-O0,EXECUTED,True,,,CERTIFIED_UNIQUE,True,0,2,0.9285714285714286,26,26,1.0,674da6ac203f046f0f58a0e5c47b3ec04eccc0468168a75a2d2713f277c8e98f
branch_mix,erase_tolerable,dependency_upgrade,gcc,-O2,EXECUTED,True,,,CERTIFIED_UNIQUE,True,0,2,0.9285714285714286,26,0,0.0,674da6ac203f046f0f58a0e5c47b3ec04eccc0468168a75a2d2713f277c8e98f
branch_mix,erase_tolerable,dependency_upgrade,clang,-O0,EXECUTED,True,,,CERTIFIED_UNIQUE,True,0,2,0.9285714285714286,26,26,1.0,674da6ac203f046f0f58a0e5c47b3ec04eccc0468168a75a2d2713f277c8e98f
branch_mix,erase_tolerable,dependency_upgrade,clang,-O2,EXECUTED,True,,,CERTIFIED_UNIQUE,True,0,2,0.9285714285714286,26,0,0.0,674da6ac203f046f0f58a0e5c47b3ec04eccc0468168a75a2d2713f277c8e98f
branch_mix,merge_tolerable,"format,erase_tolerable",gcc,-O0,EXECUTED,True,,,CERTIFIED_UNIQUE,True,0,2,0.9285714285714286,26,26,1.0,2f106fbb1ca7645ee412fe12c3d30b80abd18c280ed97ae66b92193288ac754b
branch_mix,merge_tolerable,"format,erase_tolerable",gcc,-O2,EXECUTED,True,,,CERTIFIED_UNIQUE,True,0,2,0.9285714285714286,26,0,0.0,2f106fbb1ca7645ee412fe12c3d30b80abd18c280ed97ae66b92193288ac754b
branch_mix,merge_tolerable,"format,erase_tolerable",clang,-O0,EXECUTED,True,,,CERTIFIED_UNIQUE,True,0,2,0.9285714285714286,26,26,1.0,2f106fbb1ca7645ee412fe12c3d30b80abd18c280ed97ae66b92193288ac754b
branch_mix,merge_tolerable,"format,erase_tolerable",clang,-O2,EXECUTED,True,,,CERTIFIED_UNIQUE,True,0,2,0.9285714285714286,26,0,0.0,2f106fbb1ca7645ee412fe12c3d30b80abd18c280ed97ae66b92193288ac754b
branch_mix,flip_tolerable,merge_tolerable,gcc,-O0,EXECUTED,True,,,CERTIFIED_UNIQUE,True,2,2,0.9285714285714286,26,26,1.0,f7e34db2183a4769ccbdadba53e0524ee51a03d04fc21958535f6eb7bd2157c3
branch_mix,flip_tolerable,merge_tolerable,gcc,-O2,EXECUTED,True,,,CERTIFIED_UNIQUE,True,2,2,0.9285714285714286,26,0,0.0,f7e34db2183a4769ccbdadba53e0524ee51a03d04fc21958535f6eb7bd2157c3
branch_mix,flip_tolerable,merge_tolerable,clang,-O0,EXECUTED,True,,,CERTIFIED_UNIQUE,True,2,2,0.9285714285714286,26,26,1.0,f7e34db2183a4769ccbdadba53e0524ee51a03d04fc21958535f6eb7bd2157c3
branch_mix,flip_tolerable,merge_tolerable,clang,-O2,EXECUTED,True,,,CERTIFIED_UNIQUE,True,2,2,0.9285714285714286,26,0,0.0,f7e34db2183a4769ccbdadba53e0524ee51a03d04fc21958535f6eb7bd2157c3
branch_mix,recovery_break,dependency_upgrade,gcc,-O0,EXECUTED,True,,,NOT_CERTIFIED,False,1,1,0.9642857142857143,27,27,1.0,c8f7b91a2ee9ce4c135904b721a07e0c52dfecb086753a2e64ced01877cc1193
branch_mix,recovery_break,dependency_upgrade,gcc,-O2,EXECUTED,True,,,NOT_CERTIFIED,False,1,1,0.9642857142857143,27,0,0.0,c8f7b91a2ee9ce4c135904b721a07e0c52dfecb086753a2e64ced01877cc1193
branch_mix,recovery_break,dependency_upgrade,clang,-O0,EXECUTED,True,,,NOT_CERTIFIED,False,1,1,0.9642857142857143,27,27,1.0,c8f7b91a2ee9ce4c135904b721a07e0c52dfecb086753a2e64ced01877cc1193
branch_mix,recovery_break,dependency_upgrade,clang,-O2,EXECUTED,True,,,NOT_CERTIFIED,False,1,1,0.9642857142857143,27,0,0.0,c8f7b91a2ee9ce4c135904b721a07e0c52dfecb086753a2e64ced01877cc1193
branch_mix,reseed,dependency_upgrade,gcc,-O0,EXECUTED,True,,,CERTIFIED_UNIQUE,True,0,0,0.0,28,28,1.0,2fd22fab4db8964800ab5a9316ea7e5b0b2ecb927d110d363c6c4280e91d34d3
branch_mix,reseed,dependency_upgrade,gcc,-O2,EXECUTED,True,,,CERTIFIED_UNIQUE,True,0,0,0.0,28,0,0.0,2fd22fab4db8964800ab5a9316ea7e5b0b2ecb927d110d363c6c4280e91d34d3
branch_mix,reseed,dependency_upgrade,clang,-O0,EXECUTED,True,,,CERTIFIED_UNIQUE,True,0,0,0.0,28,28,1.0,2fd22fab4db8964800ab5a9316ea7e5b0b2ecb927d110d363c6c4280e91d34d3
branch_mix,reseed,dependency_upgrade,clang,-O2,EXECUTED,True,,,CERTIFIED_UNIQUE,True,0,0,0.0,28,0,0.0,2fd22fab4db8964800ab5a9316ea7e5b0b2ecb927d110d363c6c4280e91d34d3
branch_mix,behavior_drift,dependency_upgrade,gcc,-O0,EXECUTED,False,66,153,CERTIFIED_UNIQUE,True,0,0,1.0,28,28,1.0,004f1f3ff60197356969396c1330a7bc138b8d0d6db0284f2992f21d5a0ab4fa
branch_mix,behavior_drift,dependency_upgrade,gcc,-O2,EXECUTED,False,66,153,CERTIFIED_UNIQUE,True,0,0,1.0,28,0,0.0,004f1f3ff60197356969396c1330a7bc138b8d0d6db0284f2992f21d5a0ab4fa
branch_mix,behavior_drift,dependency_upgrade,clang,-O0,EXECUTED,False,66,153,CERTIFIED_UNIQUE,True,0,0,1.0,28,28,1.0,004f1f3ff60197356969396c1330a7bc138b8d0d6db0284f2992f21d5a0ab4fa
branch_mix,behavior_drift,dependency_upgrade,clang,-O2,EXECUTED,False,66,153,CERTIFIED_UNIQUE,True,0,0,1.0,28,0,0.0,004f1f3ff60197356969396c1330a7bc138b8d0d6db0284f2992f21d5a0ab4fa
